captured_hour,0209shim|포업,0317oo|김서진:>,2004sangmin|DRXSavior,2657091|안경민,404notfounds|이구역X친놈,6650junghun|유봉훈,904jun|DK곽준혁,aaa110011|U은재♡,abcd1149|채진석강사,affifaonline|FCO공식,aisha7179|아이샤.,akida333|타워-,aksen7833|꾸티뉴,als2956|만싸,andong23|진도킴,anhjin0714|안첼시,answkdtjr|둠둠팍,aryenne|에사뛰는데,asd080872|박해수.,asmonaco1225|포항찐팬원이,atachi|아타치,audtlr3343|최맹식,austin09|말키.,babekko|배비꼬,bebe0409|지찬,beginsel|BOLTONCASINO,benetton|하비엠제이,billowman|싸커러리,black803|펭수형,bongdoly123|저추피추,boseok0628|주간신보석,bsh0329|방배우,bug204|키리콩_,bullson8|혁나브리,bxw0pal0|걍하리_,c1214kh|낮말이,card58|경주싸이,cardi0809|Cardi_카디,ccbcc111|날개언니,ceothco|깅도비,cesccesc4|뿔테마초,ch1004|FIFA아저씨,chan8022|차르게스,changminchoi|[PG]Dive,chanss5|찬스★,cher2569|BJ찌엔,chlgotjd|화끈한해쮸,ckh5100|루키오빠,cla0095|제트디♥,compokrz|머호_,crowsn|명아형,culerlennon|레논lennon,daamee2|언성히어로.,dbej|유더,dh980323|김똥.,dhdmlcks99|오진유,dkdlel9805|현장박,dksthgus0601|로즈마리♥,dla6226|STAR하늘,dlckdghk1|스카우터a,dlgnlwns|이휘~,dlrhsgml12|STONE백금신,dlwndud146|하나뿐인노을,dnjstkd0903|이원상피모,dntjr1016|우대기,dorktm12|수빈멘탈쿠크,dstv|빅윈,dudcks7909|웽걸,dwqds87|On1yYou,dwqds87|누구보다너를,ehdwn1247|BJ뚱스,eldios84|휘슬대장,evertime|김우다.,ewj0510|미어캣임,eziah|호지윤:p,fjdl016|개빠브,fnel1225|바디,gaia9999|유노스,galsa|두치와뿌꾸,gamebanker|게임하는뱅커,gangstin|스틴.,gatgdf|쏭이♥,ghjk4080|추튀합니다,gkrtod860|최샤이,gntngntnrkd|성진이졋탱이,goatjm1|[띵오],goatjm1|띵오오,goatjm1|오띵띵,gumibear7450|유천,gusdn586|국대스윗가이,hamseo97|퐁희,han020401|도둑잉,hbsm12|안사원.,heart48756|김학연,heesunn|S2써니,hehe9257|희윤94,heymare4776|유꼴떢,himelove0409|히메.,hjhcaptain|HEOJJI,hjk2898|카민.,hm05082|임유진.,hmdr1547|은유성_00,hor200|나다령호,hoya10047|국호형,hunyhyeong|훈이형,hyt7446|슈뤠긔,hyu159|탱구94,iamkim2002|파비앙2,iampro1|월클의벽,ican1217|여수밤바다12,ican253|레오__leo,icemankimi|진건강,iceq1004|녹스김성훈,idrlawlgns1|아치!,imyooi|해설한승엽,inho617|DRXELNINO,islee4955|민수시치,ispark1104|이즈팍,jack5663|친절한경민쌤,janine95kim|재닌,jdh1798|명격,jeung5923|DKExito,jgw2010|jgw2010,jinjalime|진자림!,"jkjeye|아킨펜와,,",joelkim1201|조엘킴,juke619|제스티♪,jumpone|병건2,jun381292|일피,junseu07|배달봉,jurikim|KimJuri,juyouth|주유쓰,kanggo02|DRXChan,kapel9671|검은반바,kbj1019|혈귀무잔,kchanghwan02|권창환,kdhehd0613|Jnyee,kdhehd0613|탈곡기,kgkalstmd119|핑크김치,kho437360|BJ클로제TV,kimilhwan2|kimilhwan2,kimjeric0|민식이냐.,kimtaeng12|롭다.,kimyoumandu0|T1김유민_,kiop16|유주원,kipp2413|용이동코난,kiwook0303|우끼☆,kjb0407jb|빈종이.,kjj35081|김킹두,kkmj555|피파하는다다,kledwifi|TM현이,koo2202|구본좌,kowook0515|빅코비,kpj1994|새우왕,ksl160930|김오너,kwoong1258|여캠제작노예,lalapin|라거머핀,landfill1|긍댕,lchang94|NV창희,ldh6334|mally,ldj0657|1hak,leader1002|SainT성지원,leejunseo08|BJ이준서.,lem001|옥프로,lgu3121|갈라탄사나이,lgu3121|갈아탈사나이,limhg4783|BJ낙서,linbbong|BJ화력,liyhs4689|제독신,lju6517|FC헬린이,lookinng|슈떼이,lsy7755|SY용이,lsypig0208|말파인생챔,ltp0844|태풍ee,lwh020316|일오-,madenmorocco|인모로코,magic0827|동작소,maskdol82|김유베,maxou57970|maxou57970,min520|빠른대낙,minsayong|도파민사용,minyewon|얘원,mk910216|뭉지우,mk910216|볼리션뭉티기,mnmn0170|fc온라인대낙,mtichi123|삼다리.,n45121996|우타.,nawonjung97|나원뎡,nbajam|피파가이드,ndaeyeoncati|망치다연♡,ndowk6106|욱성박,ndsw169|율찬♤,nejrgus1233|BJ덕근이,nepro0505|뭐가맞는건지,nepro0505|음뵈모쿠냐,nequrs00|성이름_,nextjadam|코울슬롤,ngelsong|F파일토마스,nlsb9718|판다비♥,no9man|9번남자,noma2000|노마_00,nomcore8|매화검존7,nsengha4283|v띠모링v,nsonic07777|ㅂㄹㅈㄷ,nweqrfeq|고졸박,nwoejr9876|제라덕,ojw518|오나우도,ojy0581|Lx럭스,ok5454135|락통령물리주,ok5454135|청춘의삶12,ok920925|포키포키♡,omh753|문지안,oohieut|귤따는호날두,oshlike|oshlike,oty340|토오오니,park25a|릴라__,pedro35|한입떡갈비,phs1818|범구∵,plokiij12|슬릿1,podone1104|포도네♥,poiu7539|도손_,popog1|전국피파대장,ppooiiuumm|유태봉.,pronolbo|잘돼장,psgchan|썩은통조림.,qasw7676|최병균,qkdrl315|ㄹㅇ뺑기,qkrwlstjq0|아킨펜와.,qqcreo|BumKai,qqcreo|범카이,qweezz|들떴노니,rgh1324|노가노,rhkdgjs|자벨.,riebdkd|대낙좌표,rjtnsjdn|트뚝,rlarldud56|엔터파크,robykoby14|뭉디_,rootk1|24시대낙,rudtlr94|-피파태연,sakwa11|성민_,sangcin12|DRXONE,sdhloveyou|신동혁_,seeyaok|서민대스타,seh0305|으-네,seogh1|서인택,seokjiwon|석지원_,seowon1102|구떽,seven1410|현대최강,sharpjerry|치고마1,sherro1228|셰로,shh4829|Coffeehouse,shtmddh11|임세계,shy0213|BJ홍글이,siy3352|드라마추천좀,sjh4018|BJ핑구,skjjang1203|탁앨,sks0411|BFX신경섭,sookel123|10수.,soopfconline|숲아이콘매치,sskss1606|BJ벨로드,suddory2|수또리,sungguk011|축구의신보성,tger0215|파플.,thddlqjtjt10|BJ최소진S2,thfrha1010|송동인,thsdudtjq0|*PlanB피파*,tjdghks9238|BJ돌하르박,tjdvkf1112|김성팔.,tjsehd1999|선동아,tjstlsghk|레이노에어,tkdgusxx|전상현1,tkghl2563|전윤진,tlgus9801|금강신,tlsehddms|BJ아크,tlsxotjq2003|섭스나,tmxmfhzm|흰별★,tmz0857|이게모종.,todald12|새아미,truthandfact|신사마v,vadia0317|루짱아,vbvb1230|마빡,vhvq|규직,viking0124|DNF김승환,voa0321|Dh텍즈,wanggem|왕젬,we9626|김찌롱.,weer2016|채수호.,weweww|[BJ]강자,whangg1984|BJ달래,whatdoouwant|수백,wjjshy|정재.,wkdehdgnl369|정봉구,wkwk852|붕어tv,wlsfjqmjjj|쇼진.,wlsghkdus00|킹꼰대,wlszb|*진큐,wonday59|IIEASYll,wooke22|BJ유성우,wordsystem|빡깐오,xjxj4040|T1강준호_,yc2460|돌철,yechan79|흑호*,yeo18512|헤르메스D,yeomdj86|뻥형★,ygw371|FC베테랑건욱,yohanzzi|김두식_,yonggeun87|AwesomeTV,yoon2413|갓달러,you952004|그림자15,yuhee073|이서휴게소,zeors1022|게자식v,zhqlsk|야경☆,zxzx0011|오늘만대낙
2025-08-26T11:00:00Z,,209,,,,,,,,23788,,,,,,,,,,,,,252,,,,,,,,,,,8,334,,1,,13,10,,,,,,,,,,,,,,18,,,,,,,,2,4,10,9,,404,,,,2,,,,9,,,9,3390,,,,,,,,,,,,,,,,,8,,,,,563,3,,317,220,,,,,1,,,,,,,,7,,,,,,,,,,,,3,,,,,,,,,,,,6,,,,,,,,,,,12,,,,321,,,,,,2,,,,4,,264,,22,4,,,,,5,,,,,4,,,,,6,,,5,,,,,,,,24,,,2,,,,,9,,,,,,,,,,,,,,,,,,13,3,,,,,,,5,11,,,13,6,,,,,,2,290,,,,,,,,,12,,14,,,,,,,2,,,,,20,,,1,,,,,,,,,,11,459,13,,,,,,2,,,,,6,4,,1,,,,,,,,10,,,,,,,,,
2025-08-26T12:00:00Z,,210,,,,,,,,23626,,,,,,,,,,,,,242,,,2,,,,,,,,18,326,,,,21,,,,,,,,,,,,,,,23,,,,,,,,3,4,,,,372,,,,1,,,,9,,,9,3206,23,,,,,,,,,,,,,,3,,14,,,,,522,4,,260,215,,,,,,,,6,,,,,10,,,,,,,,,,,,5,,,,,,,,,,,,10,,18,,,,,,,,,16,2,,,285,2,,,,,12,,,,3,,227,,30,8,,,,,12,3,,,,6,,,,,,15,,,1,,,,,,,,19,,,,,,,,,7,,,,,,,,,2,,,,,,,12,4,,,,,,,5,8,,,14,8,4,,,,,6,266,,,,,,,,,17,,,8,,,,,,2,,,,,22,,,1,,,,,,,,,,11,400,10,,,,20,,4,,,,,4,5,,,,,4,,,16,,,,,,,,,,3,4
2025-08-26T13:00:00Z,,81,,,,,,,0,,,,,,,,,,,,,,144,,,5,,,,,,,,12,48,,,,,,,,,,,,,,,,,4,,26,,,,,,29,,4,4,,,,214,,,,,,,,,,,7,4148,35,,,,,,,,,,,,,,3,,19,,,,,234,,,,96,,8,,,,,1,12,,,,,10,,,,,,,,,,,,,,,,,,,,,,,,,,90,,,,,,,,,8,2,,,,2,,,,,13,,,,,,,,27,9,,,,2,11,6,,,,6,,,,,,25,,,2,,,,,,,,19,,,,,,,,,7,,,,,,,,,2,,,,,,,12,5,,,,,,,5,8,,,10,7,8,,,,,6,140,,,26,,,,,,16,,,,13,,,,,2,,,,,29,,,,,1,,,,,6,,,14,,9,,,,43,,,,,,,5,5,,,,,4,,,17,,,,,,,,7,,3,
2025-08-26T14:00:00Z,,32,,,,,,,4,,,,,,,,,,,,,,106,,,6,,,0,,,,,13,61,,,,,,,,,,,,,,,,,4,,20,,,,,,46,,,7,,,,110,,,,,,,,,,,,3477,23,,,,,,,,,,,,,,,,17,,,,,216,,,,51,,,,,,,1,12,,,,,15,,,,,,,,,,,,,,,,,,,,,,,,,,107,,,3,,,,,,7,5,,,,2,,,,,13,,,,,,,,24,8,,,,3,9,8,,,,6,,,,,,26,,,2,,,,,,,,19,,,,,,,,,8,,,,,,,,,3,,,,,,19,,3,,,,,,,7,7,,,,6,,,,,,8,67,,,,,,,,,14,,,,22,,,,,2,,,,,28,,,,,1,15,,,,21,,,15,,10,,,,45,,,,,,,,5,,,,,5,,4,16,,,,,,,,10,,,2
2025-08-26T15:00:00Z,,20,,,,,,,4,,4,,,,,,,,,,,,73,,,4,,,3,,,,,11,65,,,,,,,,,,,,,,,,,7,,17,,,,,,47,,,4,,,,60,,,,,7,,,,,,,2686,20,,,,3,,,,,,,,,,,,,,,,,206,,,,42,,,,,,,1,,,,,,13,,,,,,,,,,,,,,,,,,,,,,,,,,107,,,2,,,,,,4,3,,,,2,,,,,13,,,,,,,,25,,,,,,,6,,,,5,,,,,,23,,,3,,,,,,,,16,,,,,,,,,,,,,,,,,,3,,,,,,22,,4,,,,,,,,7,,,,,,,,,,,39,,,41,,,,,,,,,,23,,,,,,,,,,28,,,1,,,23,,,,27,,,14,,,,,,36,,,,,,,,6,,,,,5,,9,14,,,,,,,,11,,,5
2025-08-26T16:00:00Z,,13,,,,,,,4,,7,,,,,,,,,,,,67,,,3,,,,,,,,12,63,,,,,,,,,,,,,,,,,7,,7,,,,,,72,,,3,,,,,,,,,10,,,,,,,,20,,,,4,,,,,,,,,,,,,,,,,,,,,31,,,,,,,1,,,,,,,,,,,,,,,,,,,,,,,,,,,,,,,,122,,,4,,,,,,4,,,,,2,,,,,,,,,,,,,19,,,,,,,9,,,,,,10,,,,23,,,6,,,,,,,,21,,,,,,,,,,,,,,,,,,,,,,,1,21,,10,,,,,,,,8,,,,,,,,23,,,,,,44,,,,,,,,,,22,,,,,,,,,,26,8,,,,,33,,,,26,,,14,,,,,,50,,,,,,,,,,,,,,,10,,,,,,,,,12,,,
2025-08-26T17:00:00Z,,,,,,,101,,5,,3,6,,,,,,,,,,,41,,,2,,,,,,,,8,,,,,,,,,,,,,,,,,,5,,13,,,,,,62,,,4,,,,,,,,,11,,,,,,,,,,,,5,,,,,,,,,,,,,,,,,,,,,31,,,,,,,1,,,,,,,,,,,,,,,,,,,,,,,,,,,,,,,,,,,,,,,,,4,,,,,,,,,,,,,,,,,,20,,,,,,,,,,,,,9,,,,25,,,5,,,,,,,,22,,,,,,,,,,,,,,,,,,,,,,,,20,,5,,,,,,,,,,,,,,,,24,,,,,,41,,,,,,,,,,20,,,,,,,,,,,10,,,,,36,,,,27,,,9,,,,,,52,,,,,,,,,,,,,,,,,,,,,,,,11,,,
2025-08-26T18:00:00Z,,,,,,,,,,,3,16,,,,,,,,,,,35,,,,,,,,,,,,,,,,,,,,,,,,,,,,,5,,6,,,,,,,,,2,,,,,,,,,,,,,,,,,,,,,6,,,,,,,,,,,,,,5,,,,,,,,,,,,,,,,,,,,,,,,,,,,,,,,,,,,,,,,,1,,,,,,,,,,8,,,,5,,,,,,,,,,,,,,,,,,,,,,,,,,,,,,,9,,,,20,,,,,,,,,,,20,,,,,,,,,,,,,,,,,,,,,,,,21,,6,,,,,,,,,,,,,,,,54,,,,,,,,,,,,,,,,,,,,,,,,,,,10,,,,,52,,,,18,,,,,,,,,49,,,,,,,,,,,,,,,,,,,,,,,,,,,
2025-08-26T19:00:00Z,,,,,,,,,,,,14,,,,,,,,,,,34,,,,,,,,,,,,,,,,,,,,,,,,,,,,,7,,9,,,,,,,,,3,,,,,,,,,,,,,,,,,,,,,6,,,,,,,,,,,,,,7,,,,,,,,,,,,,,,,,,,,,,,,,,,,,,,,,,,,,,,,,1,,,,,,,,,,7,,,,4,,,,,,,,,,,,,,,,,,22,,,,,,,,,,,,,9,,,,18,,,,,,,,,,,,,,,,,,,,,,,,,,,,,,,,,,,28,,5,,,,,,,,,,,,,,,,46,,,,,,,,,,,,,,,,,,,,,,,,,,,11,,,,,45,,,,16,,,,,,,,,,,,,,,,,,,,,,,,,,,,,,,,,,,,
2025-08-26T20:00:00Z,,,,,,,,,,,,10,,,,,,,,,,,30,,,,,,,,,,,,,,,,,,,,,,,,,,,,,,,7,,,,,,,,,3,,,,,,,,,,,,,,,,,,,,,,,,,,,,,,,,,,,5,,,,,,,,,,,,,,,,,,,,,,,,,,,,,,,,,,,,,,,,,1,,,,,,,,,,7,,1,,5,,,,,,,,,,,,,,,,,,21,,,,,,,,,,,,,,,,,18,,,,,,,,,,,,,,,,,,,,,,,,,,,,,,,,,,,,,5,,,,,,,,,,,,,,,,,,,,,,,,,,,,,,,,,,,,,,,,,,,11,,,,,46,,,,14,,,,,,,,,,,,,,,,,,,,,,,,,,,,,,,,,,,,
2025-08-26T21:00:00Z,,,,,,,,,,,,17,,,,,,,,,,,,,,,,,,,,,,,,,,,,,,,,,,,,,,,,,,7,,,,,,,,,2,,,,,,,,,,,,,,,,,,,,,,,,,,,,,,,,,,,,,,,,,,,,,,,,,,,6,,,,,,,,,,,,,,,,,,,,,,,,,1,,,,,,,,,,8,,1,,3,,,,,,,,,,,,,,,,,,,,,,,,,,,,,,,,,,,19,,,,,,,,,,,,,,,,,,,,,,,,,,,,,,,,,,,,,5,,,,,,,,,,,,,,,,,,,,,,,,,,,,,,,,,,,,,,,,,,,10,,,,,52,,,,,,,,,,,,,,,,,,,,,,,,,,,,,,,,,,,,,,,,
2025-08-26T22:00:00Z,,,,,,,,,,,,,,,,,,,,,,,,,,,,,,,,,,,,,,,,,,,,,,,,,,,,,,7,,,,,,,,,3,,,,,,,,,,,,,,,,,,,,,,,,,,,,,,,,,,,,,,,,,,,,,,,,,,,,,,,,,,,,,,,,,,,,,,,,,,,,,,,,,,,,,,12,,1,,4,,,,,,,,,,,,,,,,,,,,,,,,,,,,,,,,,,,17,,,,,,,,,,,,,,,,,,,,,,,,,,,,,,,,,,,,,9,,,,,,,,,,,,,,,,,,,,,,,,,,,,,,,,,,,,,,,,,,,17,,,,,,,,,,,,,,,,,,,,,,,,,,,,,,,,,,,,,,,,,,,,,
2025-08-26T23:00:00Z,,,,,,,,,,,,,,,,,,,,2,,,,,,,,,,,,,,,,,,,,,,,,,,,,,,,,,,6,,,,,,,,,2,,,,,,,,,,,,,,,,,,,,,,,,,,,,,,,,,,,,,,,,,,,,,,,,,,,,,,,,,,,,,,,,,,,,,,,,,,,,,,,,,,,,,,13,,1,,4,,,,,,,,,,,,,,,,,,,,,,,,,,,,,,,,,,,16,,,,,,,,,,,,,,,,,,,,,,,,,,,,,,,,,,,,8,8,,,,,,,,,,,,,,,,,,,,,,,,,,,,,,,,,,,,,,,,,,,21,,,,,,,,,,,,,,,,,,,,,,,,8,,,,,,,,,,,,,,,,,,,,,
2025-08-27T01:00:00Z,,,,,,,,16,,,,,,,,,,,,,,,,,,,,,,,,,,,,,,,,,,,,,,,,,,,,,,8,,,,,,,,,2,,,,,,4,,,,,,,5,,,,,,,,,,,,,,,,,,,,,,,,,,,,82,,,,,,,,,,,,,,,40,,,,,,,,,,,,,3,,,,,,,,,,,,,,,,0,,,1,,2,,,,,,,,,,,,,,,,,,,,,,,,,,,,,,,,,,,,,,,,,,,,,,,,,,,,,,,,,,,4,,,,,,,,,,,,6,5,,,,,,,,,,,,,,,,,,,,,,,,,,,,,,,,,,,80,,,,,,,,12,,,,,,,,,,,,,,,,,,,,,,,,42,,,,,,,,,,,,,3,,,,,,,,
2025-08-27T03:00:00Z,,,,,,,,35,,,,,,,,,,,,,,,,,,,,,,,,,,,,,,2,6,,,,,,,,,,,,,,,10,,,,,,,,,3,,,,,,2,,,,,,,8,,,,,,,,,,,,,,,,,,,,,,,,,,,,172,,,,,,,,,,,,,,,37,,,51,,,,,,,,,,,,,,,,,,,,,,,,,,10,,,1,,2,,,,,,7,,,,,,,,,,,,,,,,,,,,,,,,,,2,,,,,,,,,,,,,,,,,,,,,,,,,,,2,,,,,,,,,,,,,9,,,,,,,,,,,,,,,,,,,,,,,,,,,,,,,,,,,98,,,,,,,,,,,,,,,,,,,,,,,,,,,,,,,,61,,,,,,,,,,,,,3,,,,,,,,
2025-08-27T04:00:00Z,,,,,,,,33,,,,,,13,,,,,,,,,,,,,,,,,,,,,,,,3,11,,,,,,,,,,,,,,,14,,,,,,,,,2,,,,,,3,,,,,,13,,,,,,,,,,,,,,,,,,,,,,,,,,,,,177,,,,,,,,,,,,,,,,,,90,,,,,,,9,,,,,,,,,,,,,,,,,,,,,,1,,3,,,,,,3,,,7,,,,,,,,,,,,,,,,,,,,,,,5,,,,,,,,,,,,,,,,,,,,,,,,,,,3,1,,,,,,,,,,,,8,3,,,,,,,,,,,,5,,,,,,,,,,,,,,,,,,,,,,95,,,,,,,,,,,,,,,,,,,,,,,,23,,,,,,,,62,,,,,,,,,,,,4,,,,,,,,,
2025-08-27T05:00:00Z,,,,,,,,,,,,,,13,,,,,8,,,,,,,,1,,,,,,,,,,,6,15,4,,,1,1,,,,,,,,,,11,,,,,,,,,2,,,,,,4,,,,,,18,,,,,,,,,,,,,,,,,,19,,,,,,,,,,,176,,,,,,,,,,,,,,,,,,82,,,,,,,7,,,,,,,,,,,,,,,,,,,,,,1,,5,,,,,,,,,4,,,,,,,,,,,,,,,,,,,,6,,,,,5,,,,,,,,,,,,,,,,,,,,,8,,,,2,1,,,,,,,,,,,,,3,,,,,,,,,,,,3,,,,,,,,,,,,3,,,,,,,,,,96,,,,,,,,,,,,,,,,,,,,,,,,28,,,,,,,,61,,,,,,,,,,,,,,,,,,,,,
2025-08-27T06:00:00Z,,,,,,480,,,,,,,,13,,,,,12,,,,,,,,,,,,,,,,,,,5,,6,,,1,1,,,,,,,,,,13,,,,,,,,,2,,5,,,,3,,,,,,20,,,,,,,,,2,,,,,,,,,23,,,,,,,,,,,148,,,,,,,,,,,,,3,,,,,,,,,7,,,,,,,,,,,,,,,,6,,,,,,,,,,,3,,,,,,,,,6,,,,,,,,,,,,,,,,,,,,7,,,,,6,,,,,,,,,,,,,,,,,,,,,6,,,,4,,,,,,,,,,,,,,,,,,,,,,,,,,,,,,,,,3,,,,,,,,,,,,,,,71,,,,,,,,,,,,,,,,,,3,,,,,,18,,,1,,,,,,,,,,,,,125,,,,6,,,,,,,,,
2025-08-27T07:00:00Z,,,,,,559,,,,,,,,14,,,,,12,,,,,,,,0,,,,,,,,,,,5,,6,,,,1,,,,,,,,,,15,,,,,,,,,3,,6,,,,3,,,,,,15,,,,,,,,,3,,,,,,,,,20,,,,,,,,,,,109,,,,,,,,,,,,,7,,,,,,,,,7,,,,,,,,,,,,,,,,13,,,,,,,,,,,3,,,,,,,,,8,,,,,,,,,,,,,,,,,,,,6,,,,,6,,,,,,,,,,,,,,,,,,,,,,,,,5,,,,,,,,,,,,,,,,,,,,,,,,,,,,,,,,,5,,,,,,,,,,,,,,,60,,,,,,,,,,,2,,,,,,,3,,,,,,23,,,3,,,,,,,,,,,,,184,,,,8,,,,,,,,,
2025-08-27T08:00:00Z,,,,,,639,,,,,,,,16,,,,,11,,,,,,,,,,,,,,,,,,,7,,9,,,,1,,,,,,,,,,13,,,,,,,,,3,,11,,,9,4,,,,,,20,,,,,,,,,3,,,,,,,,,15,,,,,,,,,,,109,,,,,,,,,,,,,7,,,,,,,,,9,,,,,,,,,,,,,,,,14,,,,,,,,,,,5,,,,25,,,,2,,,,,,,,,,,,,,,,,,,,11,6,,,,,5,,8,,,,,,,,,,13,,,,,,,,,,,,1,2,,,,,,,,,,,,,,,,,,,,,3,,,8,,,,,,,,,4,,,,,,,,,,,,,,,,,,,,,1,,,,,,,,,,,,4,,,,,,30,,,2,,,,,,,,,,,,,134,,,,9,,,,,,,6,,
2025-08-27T09:00:00Z,,138,,,,792,,,,10993,,,,11,,,,,,,,,169,,,,,,,,,,,,216,,,8,,4,,,,1,,,,,,,,,,11,,,,,,,,,5,,8,,288,9,3,,,,,,12,,,,1823,,,,,,,,,,,,,5,7,,,,,,,,269,,,229,153,,,,,,,,,,,,9,,,,,,,,,6,,,,,,,,,,,,,,,,,,,,,,,,,,,9,,,,207,,,,2,,,,,,,,155,,,,,,,,,,,,12,7,,,,,4,,,,,,1,,,,,,,,,,,,,,,,,,1,,,,,,,,,,,,,,,,,,,,,,4,,,12,,,,,,,1,166,3,,,,,,,,,,,,,,,,,2,,,,,,,,,,,,,,,,4,,,198,,,19,,,,,,,,,,0,,,,,,,,,,11,,11,,,,,8,,
2025-08-27T10:00:00Z,,186,,,,874,,,,18769,,,,,,,,,,,,,206,,,,,,,,,,,5,305,,,,,5,,,,1,,,,,,,,,,12,,,,,,,,3,5,,9,,361,,6,,,,,,13,,,,2323,,,,,,,,,,,,,6,,,,,,,,,392,,,254,197,,,,,,,,,,,,,,,,,,,,,8,,,,,,,,,,,,,,,,,,,,,,,,,,,12,,,,251,2,,,2,,,,,,,,196,,,2,,,,,,,,,,7,,,,,6,,,,,,1,,,,,21,,,,,,,,,,,,,,,,,,,,,,,,,,,,,,,,,,2,6,,,11,,,,,,,1,215,3,,,,,,,,,,,,,,,,,2,,,,,,,,,,,,,,,,,,8,274,,,,,,,,,,,,4,4,,1,,,,,,,,10,,,,,,,,,9
2025-08-27T11:00:00Z,,155,,,,,,,,,,,,,,,,,,,,,184,,,,,,,,,,,8,247,,,,,6,,,,,,,,,,,,,,15,,,,,,,,5,5,,,,295,,2,,,,,,21,,,,2682,,,,,,,,,,,,,5,,,,9,,,,,336,,,,164,,,,,,,,,12,,,,13,,,,,,,,7,,,,,,,,,,,,,,,,13,,,,,,,,,,,17,,,,181,3,,,2,,,,,,,17,,,,7,,,,,,,,,,2,,,,,6,,,,,,1,,,,,38,,,,,,,,4,,,,,1,,,,,,,,,,,,,,,,,,,,,3,5,,,,,3,,,,,3,155,,,,,,,,,6,,,,,,,,,2,,,,,,,,,,,,3,,,,6,,14,,,,,,,,,,,,,7,4,,1,,,,,,,,9,,,,,,,,,1
2025-08-27T12:00:00Z,,43,,,,,,,,,,,,11,,,,,,,,,101,,,7,,,,,,,,11,121,,,,,,,,,,,,,,,,,,,13,,,6,,,,,6,5,,,,87,,3,,5,,16,,26,,,,3445,,,,,,,,,,,,24,10,,,32,15,,10,,,206,,,,67,,,,,,,,17,,,,,13,,,,,,,,7,,4,,,,,,,,,,,,,,13,,32,,,,,,,,,17,,,7,73,3,,,,,,,,,,15,97,,,9,,,,,,,,,,,,,,,,12,,,,,2,,,,,38,,18,,,,,,8,,,,,,4,,,,,6,,,,,,,,,,,,,,,6,7,,,,5,6,32,,,,6,56,,,,,,,,,,,,,13,,,,,3,,,,,27,,,2,,2,17,4,5,,,6,,15,,,,,,,,,,,,,8,7,,,,,7,,,,,10,,,,,,,,2,
2025-08-27T13:00:00Z,,25,,,,,,,6,,,,,12,,,,,,,,,95,,,5,,,2,,,,,7,115,,,,,,,,,,,,,,,,,,,17,,,6,,,,,4,5,,,,90,,2,,6,,22,,17,,,,,,,,,,,,,,,,23,9,,3,39,15,,13,,27,353,,,,48,,,,,,,,13,,,,,15,,,,,,,,,,5,,,,,,,,,,,,,,13,5,67,,,,,,,,,8,,3,,59,3,,,,,,6,,,,13,181,,,9,,,,,,,,,,,,,,5,,18,,,,,,,,,,41,,27,,,,,,12,,,,,,3,,,,,5,,,,,,19,,,,,,,,,6,8,,,,6,9,100,,,,,45,,,27,,,,,,,,,,25,,,,,3,,,,,30,,,,,,38,4,,,,5,,17,,,,,,,,,,,,,,7,,,,,6,,,13,,9,,,,,,9,10,4,
2025-08-27T14:00:00Z,,18,,,,,,,5,,7,,,7,,,,,,,,,94,27,,4,3,,3,,,,,13,77,,,,,,,,,,,,,,,,,,,18,,,6,,,,,6,6,,,,,6,2,,8,5,21,,,,,,,26,,,,,,,,,,,25,9,,,52,16,,11,,41,325,,,,42,,,,,,,3,11,,,,,12,,,,,,,,,,,,,,,,,,,,,,,,9,7,87,,,2,,12,,,,5,,3,,54,3,,,,,,6,,3,,,159,,,13,,,,,,,,,,,,,,6,,20,,,4,,,,,,,,,31,,,,,,12,,,,,,3,,,,,,,,,,,23,,,,,,,,,5,9,,,,,10,126,,,,,,,,31,,,,,,,,,,34,,,,,2,,,,,32,,,2,,,52,4,,,23,,,16,,,,,,,,,,,,,,7,,,,,7,,7,16,,,,,,,,12,11,,
2025-08-27T15:00:00Z,,,,,,,,,5,,5,,,13,,,,,,,,,,26,,5,4,,5,,,,,11,66,,,,,,,,,,,,,,,,,,,8,,,6,,,,,4,8,,,,,,2,,,7,21,,,,,,,53,,,,,,,,,,,23,8,,,48,,,9,,31,291,,,,33,,,,,,,2,10,,,,,,,,,,,,,,,4,,,,,,,,,,,,,,,,101,,,4,,12,,,,6,,,,40,3,,,,,,6,,,,,120,,,,,,,,,,,,,,,,,6,,22,,,3,,,,,,,,,24,,,,,,11,,,,,,3,,4,,,6,,,,,,28,,,,,,,,,,8,,,,,5,117,,,,,,,,51,,,,,,,,,,24,2,,,,,,,,,24,,,,,,74,,,,21,,,,,,,,,,,,,,,,,7,,,,,6,,11,13,,,,,,,,11,,,
2025-08-27T16:00:00Z,,,,,,,,,7,,3,,,7,,,,,,,,,,,,5,3,,3,,,,,13,,,,,,,,,,,,,,,,,,,,8,,,,,,,,,7,,,,,,1,,,12,,,,,,,,,,,,,,,,,,,,,,,,,,5,,45,262,,,,29,,,,,,,1,6,,,,,,,,,,,,,,,,,,2,,,,,,,,,,,,,107,,,,,7,,,,5,,,,,2,,,,,,6,,,,,,,,,,,,,,,,,,,,,,7,,18,,,4,,,,,,,,,20,,,,,,10,,,,,,2,,,,,,,,,,,20,,,,,,,,,,6,,,,,,124,,,,,,,,25,,,,,,,,,,26,1,,,,,,,,,24,,,,,,44,,,,19,,,,171,,,,,,,,,,,,,,,,,,5,,12,11,,,,,,,,,,,
2025-08-27T17:00:00Z,,,,,,,,,4,,4,,,7,,,,,,,,,,,,1,,,,,,,,11,,,,,,,,,,,,,,,,,,,,7,,,,,,,,,4,,,,,,2,,,9,,,,,,,,,,,,,,,,,,,,,,,,,,9,,,,,,,29,,,,,,,1,,,,,,,,,,,,,,,,,,,3,,,,,,,,,,,,,65,,,,,6,,,,5,,,,,,,,,,,5,,,,,,,,,,,,,,,,,,,,,,6,,18,,,,,,,,,,,,18,,,,,,,,,,,,2,,,,,,,,,,,,,,,,,,,,,6,,,,,,110,,,,,,,,,,,,,,,,,,22,1,,,,,,,,,,,,,,,38,,,,18,,,,163,,,,,,,,,,,,,,,,,,,,,,,6,,,,,,,,,
2025-08-27T18:00:00Z,,,,,,,,,,,,,,7,,,,,,,,,,,,,,,,,,,,,,,,,,,,,,,,,,,,,,,,5,,,,,,,,,5,,,,,,3,,,,,,,,,,,,,,,,,,,,,,,,,,,,,7,,,,,,,,,,,,,,,,,,,,,,,,,,,,,,,,,,,,,,,,,,,,,,,,,,,7,,,,3,,,,,,,,,,,6,,,,,,,,,,,,,,,,,,4,,,,4,,17,,,,,,,,,,,,,,,,,,8,,,,,,,,,,,,,,,,,,,,,,,,,,,,,,,,,,,,,,,,,,,,,,,,,,,,,,,,,,,,,,,,,,,26,,,,19,,,,,,,,,,,,,,,,,,,,,,,,,,,,,,,,,,,,
2025-08-27T19:00:00Z,,,,,,,,,,,,,,,,,,,,,,,,,,,,,,,,,,,,,,,,,,,,,,,,,,,,,,5,,,,,,,,,5,,,,,,,,,,,,,,,,,,,,,,,,,,,,,,,,,,,,,,,,,,,,,,,,,,,,,,,,,,,,,,,,,,,,,,,,,,,,,,,,,,,,,,,,,,3,,,,,,,,,,,6,,,,,,,,,,,,,,,,,,5,,,,5,,16,,,,,,,,,,,,,,,,,,7,,,,,,,,,,,,,,,,,,,,,,,,,,,,,,,,,,,,,,,,,,,,,,,,,,,,,,,,,,,,,,,,,,,25,,,,12,,,,,,,,,,,,,,,,,,,,,,,,,,,,,,,,,,,,
2025-08-27T20:00:00Z,,,,,,,,,,,,,,,,,,,,,,,,,,,,,,,,,,,,,,,,,,,,,,,,,,,,,,5,,,,,,,,,4,,,,,,,,,,,,,,,,,,,,,,,,,,,,,,,,,,,,,,,,,,,,,,,,,,,,,,,,,,,,,,,,,,,,,,,,,,,,,,,,,,,,,,5,,,,3,,,,,,,,,,,5,,,,,,,,,,,,,,,,,,9,,,,6,,17,,,,,,,,,,,,,,,,,,,,,,,,,,,,,,,,,,,,,,,,,,,,,,,,,,,,,,,,,,,,,,,,,,,,,,,,,,,,,,,,,,,,,22,,,,13,,,,,,,,,,,,,,,,,,,,,,,,,,,,,,,,,,,,
2025-08-27T21:00:00Z,,,,,,,,,,,,,,,,,,,,,,,,,,,,,,,,,,,,,,,,,,,,,,,,,,,,,,4,,,,,,,,,5,,,,,,,,,,,,,,,,,,,,,,,,,,,,,,,,,,,,,,,,,,,,,,,,,,,,,,,,,,,,,,,,,,,,,,,,,,,,,,,,,,,,,,5,,,,4,,,,,,,,,,,5,,,,,,,,,,,,,,,,,,11,,,,5,,15,,,,,,,,,,,,,,,,,,,,,,,,,,,,,,,,,,,,,,,,,,,,,,,,,,,,,,,,,,,,,,,,,,,,,,,,,,,,,,,,,,,,,24,,,,10,,,,,,,,,,,,,,,,,,,,,,,,,,,,,,,,,,,,
2025-08-27T22:00:00Z,,,,,,,,,,,,,,,,,,,,,,,,,,,,,,,,,,,,,,,,,,,,,,,,,,,,,,2,,,,,,,,,5,,,,,,,,,,,,,,,,,,,,,,,,,,,,,,,,,,,,,,,,,,,,,,,,,,,,,,,,,,,,,,,,,,,,,,,,,,,,,,,,,,,,,,,,,,3,,,,,,,,,,,4,,,,,,,,,,,,,,,,,,,,,,4,,13,,,,,,,,,,,,,,,,,,,,,,,,,,,,,,,,,,,,,,,,,,,,,,,,,,,,,,,,,,,,,,,,,,,,,,,,,,,,,,,,,,,,,21,,,,13,,,,,,,,,,,,,,,,,,,,,,,,,,,,,,,,,,,,
2025-08-27T23:00:00Z,,,,,,,,,,,,,,,,,,,,,,,,,,,,,,,,,,,,,,,,,,,,,,,,,,,,,,2,,,,,,,,,4,,,,,,,,,,,,,,,,,,,,,,,,,,,,,,,,,,,,,,,,,,,,,,,,,,,,,,,,,,,,,,,,,,,,,,,,,,,,,,,,,,,,,,,,,,2,,,,,,,,,,,6,,,,,,,,,,,,,,,,,,,,,,4,,13,,,,,,,,,,,,,,,,,,,,,,,,,,,,,,,,,,,,,,,,,,,,,,,,,,,,,,,,,,,,,,,,,,,,,,,,,,,,,,,,,,,,,16,,,,12,,,,,,,,,,,,,,,,,,,,,,,,,,,,,,,,,,,,
2025-08-28T01:00:00Z,,,,,,,,,,,,,,,,,,,,,,,,,,,,,,,,,,,,,,,,,,,,,,,,,,,,,,3,,,,,,,,,4,,,,,,,,,,,,,,,,2464,,,,,,,,,,,,,,,,,,,,,,,,,,,,,,,,,,,,,,,,,,,,,,,,,,,,,,,,,,,,,,,,,,,,,,,,,,3,,,,,,,,,,,6,,,,,,,,,,,,,,,,,,7,,,,,,13,,,,,,,,,,,,,,,,,,,,,,,,,,,,,,,,,,,,,,,,,,,,,,,,,,,,,,,,,,,,,,,,,,,,,,,,20,,,,,,,,,,,,,,,,,,,,,,,,,,,,,,,,,,,,,,,,,,,,,,,,,,,,,
2025-08-28T03:00:00Z,,,,,,,,20,,,,,,,,,,,,,,,,,,,,,,,,,,,,,,,,,,,,,,,,,,,,,,5,,,,,,,,,5,,,,,,,,,,,,,,,,5379,,,,,,,,,,,,,,,,,,,,,,,,,,,,,,,,,,,,,,,,,,,,,,,,,,,,,,,,,,,,,,,,,,,,,,,,,,5,,,,,,,,,,,,,,,,,,,,,,,,,,,,,9,,,,,,,,,,,,1,,,,,6,,,,,,,,,,,,,,,,,,,,,,,,,,,,,,,,,,,,,,,,,,,,,,,,,,,,,,,,,,,,,36,,,,,,,,,,,,,,,,,,,,,,,,,,,,,,,,,,,,,,,,,,,,,,,,,,,,,
2025-08-28T04:00:00Z,,,,,,,,31,,,,,,13,,,,,,,,,,,,,,,,,,,,,,,,,,4,,,,,3,,,,,,,,,10,,,9,,,,,,6,,,,93,,2,,,,18,,,,,,11591,31,,,,,,,,,,,,,,,,,,,,,,4,,,,,,,,,,,,,,,,,20,,,,,,,,,,11,,,,,,,6,,,,,,,,,,,,,,,,,4,,,,,,,,,,,,,,,,,,,,3,,,,,,,,,7,,,,,,,,,,,,2,,,,41,22,,,,,,,,,,,,,4,,,,,,,,,,,,,,,,,,,,,,,,,,,,4,,,,,,,,,,,,,,,,,,,,49,,,,,,,,,,,,,,,,,,,,,166,10,,,,,,,,,,,5,,,,,,,,12,,,,,,,,,,,,
2025-08-28T05:00:00Z,,,,,,,,39,,,,,,10,,,4,,,5,,,,,,,,,,,,,,,,,,,,3,,,2,,3,,,,,,,,,6,,,7,,,,,,5,8,7,,150,,5,,,,29,,6,,,,9374,37,,,,,,,,,,,,,,,,,,,,,,4,,,,,,,,,,,,,,,,,34,,,,,,,,,,10,,,,,,,56,,,,,,,,,,,,,,,,,5,,,,,,,,,,,,,,,,,,,,,,,,,,,,,5,,,7,,4,,,,,,,,,,,61,25,,,,,,,,,9,,,,3,,,,,,,,,,,23,7,,,,,,,,,,5,,,,,,4,,,,16,,,,,,,,,,,,,,,,49,,,,,,,14,,,,,,,,,,,,,,131,,,,,,,,2,,,,8,,,,,,,,14,,,,,,,,,,,,
2025-08-28T06:00:00Z,,,,,,868,,35,,,,,,13,,,,,,,,,,,,,,,,,,,,,,,,,,2,,1,1,,,,,,,,,,,9,,,5,,,,,,5,4,8,,146,,3,,,,24,,21,,,,7334,23,,,,,,,,,,,,,,,,,,,,,,2,,,,,,,,,,,12,,,,,,26,,,,,,,,,,,,,,49,,,25,,,,,,7,,,,,,,,,,,3,,,,,,,,,,,,,,,,,,,,,,,,3,,,,21,5,,,4,,4,,,,,,,0,,,,50,20,,,,,,,,,6,,,,2,,,,,,,,,,,26,7,,,,,,,,,,5,,,,5,,,,,,27,,,,,,,,,,,,,,,,,,,,,,,17,,,,,,,,,,,,,,,,,,,,,,,,,,,,,,,,,,,,,5,,,,,,,,,
2025-08-28T07:00:00Z,,,,,,904,,35,,,,,,10,,,,,,,,,,,,,,7,,,,41,,,,,,,,5,,1,,,,,,,,,,,,13,,,,,,,,,3,8,11,,123,,3,,,,14,,19,,,,6430,,,,,,,,,,,,,3,,,,,,,,,,2,,,,,,,,,,,15,,,,6,,15,,,,,,,,,,,,,,73,,,15,,,,,,12,,,,,,,,,,,6,,,,,,,,,,,,,,,,,,,,,,,,4,,,,19,,,,,,5,,,,,,,,,,,53,17,,,,,,,,,,,,,2,,,,,,,,,,,28,7,,,,,,,,,4,2,,,,,,,,,,32,,,,,,,,,,,,,,,,,,,,,,,19,,,,,,,,,,,3,,,,,,,,,,,,,,,,,,,,,,,,,,8,,,,,,,,,
2025-08-28T08:00:00Z,,,,,,702,,37,,,,,,10,,,,5,,,,,,,,,,14,,,,89,,,,,,,,4,,,,,,,,,,,,,,11,,,,,,,,,5,7,7,,90,8,2,,,,18,,16,,,,4568,,,,,,,,,,,,,5,18,,,,,,,,,2,,,,,,,,,,,12,,,,7,,16,,,,,,,,,,,,,2,69,,,,,,,,,13,,,,,,,,,,,8,,,,24,,,,,,,,,,,,,,,,,,,,5,,,,24,,,,,,4,,,,,,,0,,,,43,17,,,,,,,,,,,,0,,,,,,,,,,,,25,7,,,,,,,,,5,,,,,10,,,,2,,42,3,,,,,,,,,,,,,,,,,,,,,1,21,,,,,,,,,,,5,,,,,,,,,,,,,,,,,,,,,,,,,,8,,,,,,,,,
2025-08-28T09:00:00Z,,,,,,630,,30,,,,,,8,,,,5,,,,2,,,,,,13,,,47,99,,6,,,,,,8,,,,,,,,,,,,,,14,,,,,,,,,5,6,8,,77,9,2,,,,25,,18,,,,3759,,,,,,,,,,,,,4,15,,,,,,,,,2,,,,,,,,,,,9,,,,6,,,,,,,,,,,,,,,4,,,,,,,,,,,,,,,,,,,,12,9,,,,28,,,,,,,,2,,2,,,,,,,,,,8,,,,23,,,,,,6,,,,,,2,,,,,47,16,,,,,,,,,,,,,,,,,,,,,,,,25,5,,,,,,,,,5,,,,,10,,,,,,34,3,,,,,,,,,,,,,,,,,,,,,2,22,,,,,,,,,,,4,,0,,9,,,,,,,,,,,,,,,,,,,,,,11,,,,,,,,,
2025-08-28T10:00:00Z,,,,,,,,25,,,,,,,,,,4,,,,5,,,,,,15,,,58,121,,7,,,,,15,8,,,,,,,,,,,,,,16,,,,,,,,,4,8,,,81,12,2,,,,15,,,,,,3808,,,,,,,,,,,,,6,17,,,,,,,,,3,,,30,,,,,,,1,13,,25,,,,,,,,,,,,,,,2,,,,,,,,,,,,,,,,,,,,,,13,11,,,,33,,,,,,,4,3,,3,,,,20,,,4,,,7,,,,28,,,,,,3,,,3,,,1,,,,,,20,,,,,,,,,,,,,,,,,,,,2,,,,31,9,,,,,,,,5,9,,3,,5,6,,,,,,34,2,,,,,,,,,,,,,,,,,,,,,5,22,,7,,,,,,,,,8,,11,,12,,,,,3,,,,,,4,,,,,,,,,,,10,,8,,,,,,,
2025-08-28T11:00:00Z,,,,,,,,33,,,,,,,,,,6,,,,,,,,,,,,,87,123,,10,,,,,17,9,,,,,,,,,7,,,,,17,,,,,,,,2,5,,,,74,13,3,,,,,,,,,7,3759,,,,,,,,,,,,,9,19,,,10,,,0,,,3,,,27,,,,,,,1,,,38,,,,,,,,,,,6,,,,2,,,,,,,,,,,,9,,,,,,,,,,,9,,,,33,2,,,,,,3,,,3,,,,24,5,,4,,,,,,,28,,,,,,,,,,,,1,,,,,,17,,8,,,,,,,,,,,,,,,,,,,,,,26,12,,,,,,,,5,10,,,,5,5,,,,,5,42,2,,,,,,,,,,,,,,,,,2,,,,,26,,9,,,1,,,,,,8,,12,,13,,,,,,,,,,,7,4,,,,,,,,,,8,,8,,,,,,,
2025-08-28T12:00:00Z,,,18,,,,,23,,,2,4,,9,,,,3,,,,,37,,,4,,,,,65,,,11,,,,,17,,,,,,,,,,12,,,,,19,,,,,,,,3,4,,,,,,1,,6,,,,,,,6,3488,,,,,,,,,3,,,12,7,12,1,,,,9,1,,,3,,,29,,,,,,,1,,,29,,,,,,,,,,2,6,,,,,,,,,,,,,,,,7,,,,,,,,,,,9,2,,,30,1,,,2,,,3,,,3,11,198,,29,5,,2,,,,2,,,27,,,,,,,,,,,,1,,,,,,17,18,,,,,,,,6,,,,,,,,,3,,,,,,22,11,,,,,,,,4,5,,,,6,,66,,,,7,,2,,,,,,,,,1,,6,,,,,20,1,,,,,24,,12,1,,1,13,,,,,,,12,,13,,,,53,,,,,,,,4,,,,,5,,,,,4,,,,,,,,0,
2025-08-28T13:00:00Z,,,,6,,,,,,,4,10,,9,,,,,,,,,52,,,10,,,,,,,,9,,,,,,,,,,,,,,,10,,1,,,17,,,,,,25,,2,4,,,,,,1,,7,,,,,,,5,4364,,11,,,3,,,,2,,,16,8,,,,,,8,,35,,4,,,27,,,,,,,1,,,9,,,,,,,,,46,2,8,,,,,,,,,,,,,,,,10,,,,,,,,,,,5,2,,,31,2,,0,,,4,2,,,,,298,,26,8,,,,,,3,,,24,,,,,10,,,,,,,0,,,2,,,17,25,,,,,,,,5,,,,,,,,,2,,,,,,,12,,,,,,,,3,6,,,,,,114,,,,7,,,,30,,,,,,,,,,,,,,22,1,,,,,29,,,,,,42,,,,,,,13,,12,,,,48,,,,,,,,2,,,,,4,,,,,8,,,,,,,,2,
2025-08-28T14:00:00Z,,,,,1,,,,,,5,,,10,3,,,,,,,,74,,,9,0,,,,,,,8,,,,,,,,,,,,,,,15,,,5,,15,,,,,,45,,5,4,,,3,,,,,7,,,,,,,6,3917,25,20,,,4,,,,3,,,20,8,,,,,,,,64,,4,3,45,,,,,,,,1,,,,,,,,,,,,,,8,,,,,,,,,,,,,,,,7,,,,,,,8,,,,4,3,,,37,2,,1,,,11,,,,,,396,,,,,,,,9,8,,,29,,,,,11,,,,,,,1,,,7,,,17,26,,,,,,5,,,,,,,,,,,5,,,,,,,13,,,,,,,,5,8,,,,9,10,94,,,,6,,,,34,,,,,,,,,9,,,,,,,,,,,,,,,,,43,,,,,,,22,,15,,,,59,,,,,,,,4,,,,,7,,,,,12,,,,,,,,3,
2025-08-28T15:00:00Z,,,,,2,,,,,,6,,,,5,,,,,,,,159,,,4,3,,,,,,,,,,,,,,,,,,,,,,16,,,5,,17,,,,,,108,,3,4,,,,,,2,,6,12,,,,,,4,,44,21,,,6,,,,,,,20,12,,,,,,,,98,,,3,196,,,,,,,,1,,,,,,,,,,,,,4,8,,,,,,,,,,,,,,,,,,,,,,,8,,,,3,5,,,52,2,,,,,12,,,,,,386,,,,,,,,9,7,,,28,,,,,9,,,,,,,1,,,,,,14,19,,,,,,11,,,,,,,,0,,,,,,,,,,12,,,,,,,,,8,,,,,7,82,,,,6,,,,41,,,,,,,,27,,,1,,,,,,,,,,,,,,,64,,,,,,,23,,,22,,,72,,,,,,,,4,,,,,7,,,,,11,,,,,,,,,
2025-08-28T16:00:00Z,,,,,2,,,,,,9,6,,,6,,,,,,,,94,,,3,1,,,,,,,,,,,,,,,,,,,,,,,,,5,,13,,,,,,119,,,,,,,,,3,,,13,,,,,,,,40,17,,,5,,,,,,2,19,13,,,,14,,,,83,,,2,279,,,23,,,,,2,,,,,,,,,,,,,,7,,,,,,,,,,,,,,,,,,,,,,,9,,,,3,,,,,,,,,,,,,,,,,,,,,,,,10,6,,,29,,13,,,8,,,,,,,1,1,,,,,,16,,,,,,,,,,,,,,,,,,,,,,,,,,,,,,,,,7,,,,,6,87,,,,8,,,,22,,,,,,,,,,,2,,,,,,,,,,9,,1,,,59,,,,,,,20,,,41,,,64,,,,,,,,,,,,,6,,,,,11,,,,,,,,,
2025-08-28T17:00:00Z,,,,,3,,,,,,8,8,,,6,,,,,,,,86,,,4,,,,,,,,,,,,,,,,,,,,,,,,,,5,,14,,,,,,95,,,,,,,,,2,,,10,,,,,,,,,16,,,,,,,,,,18,,,,,,,,,68,,,,219,,,18,,,,,2,,,,,,,,,,,,,,6,,,,,,,,,,,,,,,,,,,,,,,,,,,3,,,,,,,,,,,,,,,,,,,,,,,,,,,,,,16,,,11,,15,,,,,1,,,5,,,,19,,,,,,,,,,,,,,,,17,,,,,,,,,,,,,,,,,,,,,,,,,,,,,,,,,,,,,,,,,,1,,,,,,,,2,,8,,1,,,53,,,,,,,18,,,41,,,56,,,,,,,,,,,,,6,,,,,7,,,,,,,,,
2025-08-28T18:00:00Z,,,,,,,,,,,6,17,,,,,,,,,,,38,,,,,,,,,,,,,,,,,,,,,,,,,,,,,5,,17,,,,,,74,,,,,,,,,2,,,,,,,,,,,,15,,,,,,,,,,,,,,,,,,,58,,,,154,,,,,,,,,,,,,,,,,,,,,,8,,,,,,,,,,,,,,,,,,,,,,,,,,,4,,,,,,,,,,,,,,,,,,,,,,,,,,,,,,14,,,12,,19,,,,,1,,,,,,,,,,,,,,,,,,,,,,,24,,,,,,,,,,,,6,,,,,,,,,,,,,,,,,,,,,,,,,,,,,,1,,,,,,,,,,7,,2,,,42,,,,,,,15,,,,,,,,,,,,,,,,,,,,,,,,6,,,,,,,,,
2025-08-28T19:00:00Z,,,,,,,,,,,,16,,,,,,,,,,,30,,,,,,,,,,,,,,,,,,,,,,,,,,,,,7,,14,,,,,,,,,,,,,,,3,,,,,,,,,,,,,,,,,,,,,,,,,,,,,,,,,,,158,,,,,,,,,,,,,,,,,,,,,,,,,,,,,,,,,,,,,,,,,,,,,,,,,4,,,,,,,,,,,,,,,,,,,,,,,,,,,,,,15,,,9,,25,,,,,,1,,,,,,,,,,,,,,,,,,,,,,28,,,,,,,,,,,,4,,,,,,,,,,,,,,,,,,,,,,,,,,,,,,1,,,,,,,,,,8,,,,,36,,,,,,,13,,,,,,,,,,,,,,,,,,,,,,,,7,,,,,,,,,
2025-08-28T20:00:00Z,,,,,,,,,,,,,,,,,,,,,,,32,,,,,,,,,,,,,,,,,,,,,,,,,,,,,7,,14,,,,,,,,,,,,,,,2,,,,,,,,,,,,,,,,,,,,,,,,,,,,,,,,,,,136,,,,,,,,,,,,,,,,,,,,,,,,,,,,,,,,,,,,,,,,,,,,,,,,,4,,,,,,,,,,,,,,,,,,,,,,,,,,,,,,,,,,,29,,,,,,,,,,,,,,,,,,,,,,,,,,,,25,,,,,,,,,,,,5,,,,,,,,,,,,,,,,,,,,,,,,,,,,,,,,,,,,,,,,9,,,,,38,,,,,,,11,,,,,,,,,,,,,,,,,,,,,,,,,3,,,,,,,,
2025-08-28T21:00:00Z,,,,,,,,,,,,,,,,,,,,,,,34,,,,,,,,,,,,,,,,,,,,,,,,,,,,,7,,11,,,,,,,,,,,,,,,,,,,,,,,,,,,,,,,,,,,,,,,,,,,,,,,,,,116,,,,,,,,,,,,,,,25,,,,,,,,,,,,,,,,,,,,,,,,,,,,,,,,,,3,,,,,,,,,,,,,,,,,,,,,,,,,,,,,,,,,,,27,,,,,,,,,,,,,,,,,,,,,,,,,,,,,6,,,,,,,,,,,6,,,,,,,,,,,,,,,,,,,,,,,,,,,,,,,,,,,,,,,,8,,,,,47,,,,,,,,,,,,,,,,,,,,,,,,,,,,,,,,3,,,,,,,,
2025-08-28T22:00:00Z,,,,,,,,,,,,,,,,,,,,,,,26,,,,,,,,,,,,,,,,,,,,,,,,,,,,,8,,12,,,,,,,,,,,,,,,1,,,,,,,,,,,,,,,,,,,,,,,,,,,,,,,,,,,103,,,,,,,,,,,,,,,30,,,,,,,,,,,,,,,,,,,,,,,,,,,,,,,,,,3,,,,,,,,,,,,,,,,,,,,,,,,,,,,,,,,,,,,,,,,,,,,,,,,,,,,,,,,,,,,,,,,,,,,,,,,,,,9,,,,,,,,,,,,,,,,,,,,,,,,,,,,,,,,,,,,,,,,9,,,,,,,,,,,,,,,,,,,,,,,,,,,,,,,,,,,,,,,,,,,,,
2025-08-28T23:00:00Z,,,,,,,,,,,,,,,,,,,,,,,,,,,,,,,,,,,,,,,,,,,,,,,,,,,,,,12,,,,,,,,,,,,,,,3,,,,,,,,,,,,,,,,,,,,,,,,,,,,,,,,,,,,,,,,,,,,,,,,,,50,,,,,,,,,,,,,,,,,,,,,,,,,,,,,,,,,,3,,,,,,,,,,,,,,,,,,,,,,,,,,,3,,,,,,,,,,,,,,,,,,,,,,,,,,,,,,,,,,,,,,,,,,,,,,,,,,,,,,,,,,,,,,,,,,,,,,,,,,,,,,,,,,,,,,,,12,,,,,,,,,,,,,,,,,,,,,,,,20,,,,,,,,,,,,,,,,,,,,,
2025-08-29T01:00:00Z,,,,,,,,27,,,,,,,,,,,,7,,,,,,,,,,,,,,,,,,,,,,,,,,,,,,,,,,7,,,,,,,,,,,,,,,8,,,,,,,,,,,,,,,,,,,,,,,,,,,,,,,,,,,,,,,,,,,,,,,,,,75,,,,,,,,,,,,,5,40,,,,,,,,,,,,,,,,,,,,,,,,,,,,,,,,,,,,,,,,,,,,,,,,,8,,,,,,,,,,,,,,,,,,,,,,,,,,,,,,,,,,,,,,,,,,,,,,,,,,,,,,,,,,,,,,,,,,,,,,,,,,,,,,91,,,,,,,,13,,,,,,,,,,,,,,,,,,,,,,,,74,,,,,,,,,,,,,,,1,,,,,,
2025-08-29T03:00:00Z,,,,,,,,28,,,,,,,,,,,,7,,,,,,,,,,,,,,,,,,,,,,,,,,,,,,,,,,11,,,,,,,,,,,,,,,7,,,,,,21,,,,,,,,,,,,,,,,,,,,,,,,,,,,,,,,,,,,,,,,,,,,62,,,,,,,,,,9,,,,152,,,,,,,,,,,,,,,4,,,,,,,,,,,11,,,,,4,,,,,,,,,,,,,,,,,,7,,,1,,,,,,,,,,,,,,,,,,,,,,,,,,,3,,,,,,,,,,,23,,,,,,,,,,,,,,,,,,,,,,,,,,,,,,,,,,,,,127,,,,,,,,12,,,,,,,,,,,,,,,,,,,,,,,,73,,,,,,,,,,,,,,,1,,,,,,
2025-08-29T04:00:00Z,,,,,,,,36,,,,,,,,,,,9,6,,,,,,,,,,,,,,,,,,,,,,,,,4,,,,,,,,,14,,,,,,,,,,,,,,,4,,,,22,,27,,,,,,,,,0,,,,,,,,,,,,,,,,,,,,,,,,,,,,,,,,,,,48,,,,,,,,,,14,,,,,,,,,,,,,,,,,,,6,,,,,,,,,,,14,,,,,5,,,,,,,,,,,,,,,,,,7,,,4,,,,,,,,,2,,,,,,,,,,,,,,,,,,5,,,,,,,,,,,48,,,,,,,,,,,,,,,7,,3,,,,,,,,,,,,,,,,,,,,150,,,,,,,,,,,,,,,,,,,,,,,,,,,,,,,,104,,,,,,,,,,,,,,,3,,,,,,
2025-08-29T05:00:00Z,,,,,,,,35,,,,,,12,,,,,16,5,,,,,,,,,,,,271,,,,,,,,,,,,,5,,,,,,,,,16,,,4,,,,,,,,,,,,3,,,,29,,23,,,,,,,,,3,,,,,,,,,,,,,,,,,,,,,,,,,,,,,9,,,,,,,,,,,,,,,,9,,,,,,,,,,,,,,,,,,,,,,,,,,,,,,,,,18,,4,,,,,,,,,,,,,,,,,,6,,,3,,,,,,,,,,,,,,,,,,,,,,,,,,,5,,,,,,,,,,,43,6,,,,,,,,,,,,,,9,,6,,,,,,,,,,,,,5,,,,,,,88,,,,,,,,,,,,,,,,,,,,,,,,,,,,,,,,60,,,,,,,,,,,,,,,2,,,,,,
2025-08-29T06:00:00Z,,5,,,,,,28,,,,,,17,,,,3,13,,,,,,,,,,,,,235,,,,,,,,,,,,,7,,,,,,,,,14,,,6,,,,,,,,11,,,,4,,,,31,,24,,,,,,,,,4,,,,,,,,,,,,,,,,,,,,,,,,,,,,,23,,,,,,,,,,,,,,,,,,,,,,,,,,,,,,,,,,,,,,,,,,,,,,,,,,,4,,,,,,,,,,,,,,,,,,6,,,3,,,,,,,,,,,,,,,,,,,,,,,,,,,3,,,,,,,,,,,38,9,6,,3,,,,,,,,,,,4,,4,,,,,4,,,,,,,,9,,,,,,,82,,,,9,,,,,,,,,,,,,,,,,254,,,,,,,,,,,52,,,,,,,,,,,,,,,3,,,,,,
2025-08-29T07:00:00Z,,7,,,,71,,,,,,,,15,,2,,4,,,,,,,,,2,,,,,236,,,,,,,,,,,,,,,,,,,,,,13,,,12,,,,,,,,11,,,,4,,,,33,,,,,,,,,,,5,,,,,8,,,,17,,,,,,,,,,,,,,,,,,,,20,,,,,,,,,,,,,,,,,,,,,,,,,,,,,,,,,,,,,,,,,,,,,,,,,,,4,,,,,,,,,,5,,,,,,,,,,,,,,,,,,,,,,,,,,,,,,,,,,,,,,3,,,,,,,,,,,33,10,10,,4,,,,,,,,,,,,,3,,,,,3,,,,,,,,10,,,,,,,,,,,8,,,,,,,4,,,,,,,,,,257,,,,,,,,,,,43,,,,,,,,,,,,,,,,,,,,,
2025-08-29T08:00:00Z,,5,,,,533,,,,,,,,9,,2,,,,,,,,,,,3,,,,25,137,,,,,7,,18,,,,,,,,,,,,,,,15,,,14,,,,,,,,8,,,,3,,,,34,,,,,,,,,,,4,,,,,9,,,,13,,,,,,,,,,,,,,,,,,,,11,,,,,,,,,,,,,,,,,,,,,,,,,,,,,,,,,,,,,,,,,,,,,,,,,,,,,,,,,,,,,5,2,,,,,,,,,,,,,,,,,,,,,,,,,,,,,,,,,11,,,,,,,,,,,,,,,28,14,6,,6,,,,,,,,,11,,5,,,,,,,5,,,,,,,,,,,,,,,,,,,,,2,,,,,,,,,,,9,5,,,264,,,,,,,,,,,41,,,,,,,,,,,,,,,,,,,8,,
2025-08-29T09:00:00Z,,,,,,664,,,,,,,,16,,,,,,,,,,,,,3,12,,,61,,,7,,,6,,18,,,,,,,,,,,,,,,16,,,,,,,,,,,9,,,9,3,,,,28,,,,,,1107,,,,,,,,,5,,,,6,14,,,,,,,,,,,,,,,,,,,,8,,,,,,,,,,,,,,,,,,,,,,,,,,,,,,,,,,,,,,,,,,,,23,,,,,,,,,,,,,,,,,5,3,,,,,,,,,,,,,,,,,,,,,,,,,,,,,,,6,,7,,,,,,,,,,,,,,,23,17,,,,,,,,,3,,,12,,,,,,,,,6,,,,,,,,,,,,,2,,,,,,,,2,,,,,,,,,,,24,6,,,,10,,,,,,,,,,52,,,,,,,,,,,,,,,,,,,10,,
2025-08-29T10:00:00Z,,,,,,545,,,,,,,,,,,,,,,,,,,,,,12,,,46,,,11,,,2,,18,,,,,,,,,,,,,,,16,,,,,,,,3,,,5,,69,12,4,,,,29,,,,,,2332,,,,,,,,,8,,,,8,16,,26,,,,,,,,,,27,,,,,,,,10,,20,,2,,,,,,,,,,,,,,,,,,,,,,,,,,,,,,,,,,,,,,,4,40,,,,,,7,7,,,,,,,,,,5,,,,,,,,,,,,,,,,,,,,,,,,27,13,,,,,,,7,,6,,,,,,,,,,,,6,,,18,19,,,,,,,,6,5,,,,4,6,,,,,,,4,,,,,,,,,,,,,,,,,,4,,,2,,,,,,,,,,,25,6,,,,11,,,,,,,,,,45,6,4,,,,,,,,,,,,,,,,,,,
2025-08-29T11:00:00Z,,,,,,449,,,,,,,,9,,,,,,,,,15,,,,,11,,,50,,,8,,,,,,,,,,,,,,,5,,,,,21,,,,,,,,5,,,,,77,14,4,,,,,,,,,7,3017,,,,,,,,,3,,,,5,,,43,,,,,,,,,,27,,,4,,,,,10,,29,,4,,,35,,,,,,9,,,,,,,,,,,,,,,,,,,,,,,,,,7,,,,6,37,,,,,,13,6,,,,,,,25,4,,,,,,,,,,,,,,,,,,,,,,,,,,36,12,,6,,,,,7,,,,,,,,,,,,,,18,,,23,23,,,,,,,,6,7,,,,,,,,,,3,,4,,,,,,,,,,10,,,,,,,,,,,,,,,,,,,,,,,,,,,14,,,,,,2,,,,37,5,5,,,,,,,,,,,,,,,,,,,
2025-08-29T12:00:00Z,,,,,,,,,,,,,,12,,,,6,4,,,,15,,,6,,9,,,,,38,10,,,,,,,,,,,,,,,13,,,,,20,,,,,,,,9,,,,,42,,4,,,,,,,,,7,4469,,5,,,,,,,6,,,,7,,3,41,16,,,3,,40,,,,28,,10,4,,,,,13,,28,,8,,,26,,,,,,5,,5,,,,,,,2,,,,,,,,,,,,,,,,,7,,,,6,39,5,,,,,14,6,,,,,101,,31,8,,,,,,5,,,12,,,,,,,19,,,,,,,,,,54,21,13,,,,,,9,,,,,,,,,,,,,,18,,,24,17,,,,,,,,9,8,,,,,,,,74,,10,,,,,,,,,,,,19,9,,,,,,,,,,,,,,2,,,,,10,,,,,8,,14,,,,29,,3,,,,36,,5,,,,,,,,,,,,,,,,,,,
2025-08-29T13:00:00Z,,,18,,,,,,1,,,,,,2,1,,4,,,,,16,,,14,3,9,,,,,32,10,,,,,,,,,,,,,,,15,,3,5,,21,,,,,,26,,4,,,,,57,,1,,4,,,,,,,7,4116,,8,,,,,,,5,,,,8,,,39,20,,,,,144,,,,27,,,4,,,,,14,,25,,5,,,25,,,,,,6,,4,,,,,,,7,,,,,,,,,,,,,,,,,7,,,,4,38,2,,,,,10,3,,,,,149,,27,7,,,,,,5,,,17,,,,,,,15,,,2,,,,,,,44,14,20,,,,,,11,,,,,,,,,,,,,,18,,,20,,,,,,,,,6,9,,,,,,47,,,,8,,,,31,,,,,,,1,16,,,,,,,2,,,,,,,,2,,,26,,10,,,,,15,,17,,,,41,,,,,,21,,5,,,,,3,,3,,,,,,,,,,,,
2025-08-29T14:00:00Z,,,29,,,,,,2,,,,,,3,,,,,,,,38,,,8,4,12,,,,,42,15,,,,,,,,,,,,,,,19,,,7,,19,,,,,,56,,6,7,,,,,,2,,7,9,,,,,,6,3133,,13,,,,,,,,,,,9,,,41,17,,,,,194,,,,31,,,,,,,,13,,8,,,,,28,,,,,,7,,6,,,,,,,7,,,,,,,,,,,,,,,,,,,,3,,40,4,,,,,12,5,,,,,155,,23,,,,,,,7,,,15,,,,,,,23,,,,,,,,,,,13,25,,,,,,10,,,,,,,,,,,5,,,13,,,21,,,,,,,,,7,10,,,,,,82,,,,7,,,,53,,,,,,,,18,8,,,,,,3,,,,,,,,,,,37,,,,,,,16,,14,,,,57,,,,,,16,,7,,,,,6,,12,,,,,,,,,,,,
2025-08-29T15:00:00Z,,,41,,,,,,5,,,12,,,3,,,,,,,,65,,,8,,,,,,,30,13,,,,,,,,,,,,,,,15,,,8,,19,,,,,,77,,3,6,,,,,,2,,7,12,,,,,,,2475,,16,,,6,,,,,,,,7,,,38,18,,,,,244,,,,33,,,,,,,,,,,,,,,30,,,,,,7,,5,,,,,,,7,,,,,,,,,,,,,,7,,,,,,3,,43,3,,,,,,,3,,,,125,,,,,,,,,,,,20,,,,,,,19,,,,,,,,,,,14,24,,,,,,10,,,,,3,,,,,,5,,,11,,,,,,,,,,,,6,7,,,,,,,,,,8,,,,53,,,,,,,,,8,,,,,,,,,,,,,,,,,30,,,,,,,17,,12,,,,59,,,,,,13,,,,,,3,,,13,,,,,,,,,,,,
2025-08-29T16:00:00Z,,,,,,,,,6,,,13,,,6,,,,,,,,86,,,5,,,,,,,,16,,,,,,,,1,,,,,,,12,,,10,,18,,,,,,107,,3,6,,,,,,1,,,13,,,,,,,,,22,,,4,,,,,,,,,,,38,16,,,,,342,,,124,32,,,2,,,,,,,,,,,,,,,,,,,,6,,,,,,,,,,,,,,,,,,,,,11,,,,,,,,,,,,,,,,,,,,,,,,,,,,,,,,19,,15,,,,,16,,,,,,,,,,,,22,,,,,,10,,,,,,,,,,,,,,,,,,,,,,,,,,,9,,,15,,,,,,,7,,,,49,,,,,,,,,11,,,,,,,,,,,,6,,,,,35,,,,,,,17,,,,,,70,,,,,,11,,,,,,,,,13,,,,,,,,,,,,
2025-08-29T17:00:00Z,,,,,,,,,4,,,14,,,5,,,,,,,,64,,,3,,,,,,,,8,,,,,,,,1,,,,,,,,,,7,,16,,,,,,83,,,4,,,,,,1,,,10,,,,,,,,,,,,4,,,,,,,,,,,,12,,,,,429,,,148,28,,,4,,,,,,,,,,8,,,,,,,,,,8,,,,,,,,,,,,,,,,,,,,,10,,,,,,,,,,,,,,6,,,,,,,,,,,,,,,,,,21,,18,,,,,16,,,,,,,,,,,,22,,,,,,11,,,,,,,,,,,,,,,,,,,,,,,,,,,8,,,13,,,,,,,8,,,,33,,,,,,,,,,,,,,,,,,,,,10,,,,,35,,,,,,,13,,,,,,55,,,,,,10,,,,,,,,,13,,,,,,,,,,,,
2025-08-29T18:00:00Z,,,,,,,,,,,,,,,,,,,,,,,61,,,,,,,,,,,,,,,,,,,,,,,,,,,,,7,,,,,,,,,,,4,,,,,,1,,,13,,,,,,,,,,,,5,,,,,,,,,,,,6,,8,,,302,,,,32,,,6,,,,,,,,,,10,,,,,,,,9,,,,,,,,,,,,,,,,,,,,,,,9,,,,,,,,,,,,,,,,,,,,,,,,,,,,,,,,27,,17,,,,,19,,,,,,,,,,,,,,,,,,,,,,,,,,,,,,,,,,,,,,,,,,,,,,,,,,,,,,,8,,,,,,,,,,,,,,,,,,,,,,,,9,11,,,,,40,,,,,,,14,,,,,,,,,,,,10,,,,,,,,,,,,,,,,,,,,,
2025-08-29T19:00:00Z,,,,,,,,,,,,,,,,,,,,,,,39,,,,,,,,,,,,,,,,,,,,,,,,,,,,,6,,,,,,,,,,,3,,,,,,1,,,11,,,,,,,,,,,,,,,,,,,,,,,,8,,7,,,269,,,,32,,,5,,,,,,,,,,10,,,,,,,,,,,,,,,,,,,,,,,,,,,,,,,8,,,,,,,,,,,,,,,,,,,,,,,,,,,,,,,,24,,13,,,,,17,,,,,,,,,,,,,,,,,,,,,,,,,,,,,,,,,,,,,,,,,,,,,,,,,,,,,,,,,,,,,,,,,,,,,,,,,,,,,,,22,10,,,,,37,,,,,,,11,,,,,,,,,,,,9,,,,,,,,,,,,,,,,,,,,,
2025-08-29T20:00:00Z,,,,,,,,,,,,,,,,,,,,,,,,,,,,,,,,,,,,,,,,,,,,,,,,,,,,,,,,,,,,,,,3,,,,,,1,,,,,,,,,,,,,,,,,,,,,,,,,,,8,,11,,,300,,,,33,,,,,,,,,,,,,13,,,,,,,,,,,,,,,,,,,,,,,,,,,,,,,8,,,,,,,,,,,,,,,,,,,,,,,,,,,,,,,,28,,15,,,,,15,,,,,,,,,,,,,,,,,,,,,,,,,,,,,,,,,,,,,,,,,,,,,,,,,,,,,,,,,,,,,,,,,,,,,,,,,,,,,5,,17,11,,,,,34,,,,,,,,,,,,,,,,,,,8,,,,,,,,,,,,,,,,,,,,,
2025-08-29T21:00:00Z,,,,,,,,,,,,,,,,,,,,,,,,,,,,,,,,,,,,,,,,,,,,,,,,,,,,,,8,,,,,,,,,3,,,,,,1,,,,,,,,,,,,,,,,,,,,,,,,,,,8,,10,,,,,,,33,,,,,,,,,,,,,12,,,,,,,,,,,,,,,,,,,,,,,,,,,,,,,,,,,,,,,,,,,,,,,,,,,,,,,,,,,,,,,,,,,,,,18,,,,,,,,,,,,,,,,,,,,,,,,,,,,,,,,,,,,,,,,,,,,,,,,,,,,,,,,,,,,,,,,,,,,,,,,,,,,,10,,15,12,,,,,41,,,,,,,,,,,,,,,,,,,8,,,,,,,,,,,,,,,,,,,,,
2025-08-29T22:00:00Z,,,,,,,,,,,,,,,,,,,,,,,,,,,,,,,,,,,,,,,,,,,,,,,,,,,,,,10,,,,,,,,,3,,,,,,2,,,,,,,,,,,,,,,,,,,,,,,,,,,7,,8,,,,,,,45,,,,,,,1,,,,,,,,,,,,,,,,,,,,,,,,,,,,,,,,,,,,,,,,,,,,,,,,,,,,,,,,,,,,,,,,,,,,,,,,,,,,17,,,,,,,,,,,,,,,,,,,,,,,,,,,,,,,,,,,,,,,,,,,,,,,,,,,,,,,,,,,,,,,,,,,,,,,,,,,,,,,17,14,,,,,,,,,,,,,,,,,,,,,,,,35,,,,,,,,,,,,,,,,,,,,,
2025-08-29T23:00:00Z,,,,,,,,,,,,,,,,,,,,,,,,,,,,,,,,,,,,,,,,,,,,,,,,,,,,,,9,,,,,,,,,4,,,,,,6,,,,,,,,,,,,,,,,,,,,,,,,,,,5,,,,,,,,,44,,,,,,,1,,,,,,,10,,,,,,,,,,,,,,,,,,,,,,,,,,,,,,,,,,,,,,,,,,,,,,,,,,,,,,,,,,,,,,,,,,,,,,,,,,,,,,,,,,,,,,,,,,,,,,,,,,,,,,,,,,,,,,,,,,,,,,,,,,,,,,,,,,,,,,,,,,,,,,,,,,,,,17,,,,,,,,,,,,,,,,,,,,,,,,42,,,,,,,,,,,,,,,1,,,,,,
2025-08-30T01:00:00Z,,,,,,,,,,,,,,,,,,,,,,,,,,,,,,,,,,,,,,,,,,,,,,,,,,,,,,10,,,,,,,,,3,,,,,,7,,3,,,,,,,,,,,,,,,,,,,,,,,,,4,,7,,,,,,,34,,,,,,,1,,,,,,,53,,,,,,,,,,,,,,,,,,,,,,,,,,,,,,,,,,,,,,,,,,,,,,,,,,,,,,,,,,,,,,,,,,,,,,,,,,1,,,7,,,,,,,,,,,,,,,,,,,,,,,,,,,,,,,,,,,,,,,,,,,,,,,,,,,,,,,,,,,,,,,,96,,,,,,,,13,,,,,,,,,,,,,,,,,,,,,,,,56,,,,,,,,,,,,,,,3,,,,,,
2025-08-30T02:00:00Z,,,,,,,,,,,,,,,,,,,,,,,,,,,,,,,,,,,,2,,,,,,,,,,,,,,,,,,11,,,,,,,1,,4,,,,,,,8,7,,,,,,,,,,,,,,,,,,,,,11,,,,9,,8,,,,,,,53,,,,,,,2,,,,,,,73,,,,,,,,,,,,,,,,,,,,,,,,,,,,,,,,,,,,,,,,,,,,,,,,,,,,,,,,,,,,,,,,,,5,,,,,,,,,,,,,,,,,,,,,,,,,,,,,,,,,,,,,,,,,,,,,,,,,,,,,,,,,,,,,,,,,,,,,,,,,,,154,,3,,,,,,,,,,,,,,,,,,,,,,,,,,,,,,55,,,,,,,,,,,,,,,3,,,,,,
2025-08-30T03:00:00Z,,,,,,,,,,,,,,,,,,,,,,,,,,,,,,,,,,,,,,,,,,,,,,,,,,,,,,9,,,,,,,2,,4,,,,,,,10,10,,,,,,,,,,,,,,,,,,,,,20,,,,13,,10,,,,,,,43,,,,,,,2,,,,,,,65,,,,,,,,,,,,,,,,,,,,,,,,,,,,,,,,,,,,,,,,,,,,,,,,,,,,,,,,,,,,,,,,,,8,,,,,,,,,,,,,,,,,,,,,,,,,,,,,,,,,,,,,,,,7,,,,,,,,,,,8,,,,,,,,,,,,,,,,,,,,,,,,172,,2,,,,,,,,,,,,,,,,,,,,,,,,,,,,,,50,,,,,,,,,,,,,,,5,,,,,,
2025-08-30T04:00:00Z,,,,,,,,,,,,15,,13,,,,,,,,,,,,,,,,,,,,,,,1,,,,,,,,,,,,,,,,,13,,,,,,,2,,3,,,,,,,5,9,,20,,9,,,,,,,,,,,,,,,,,23,,,,21,,,,,,,,,,,,,,,,,,,,,,,,,,,,,,,,,9,,,,,,,,,,,,,,,,,,,,,,,,14,,,,,,,,,,,,,,,,,,,,,,,,,,,,,,,,1,,4,,,,,,,,,,,,,,,,,,,,,,,,,,,,,,,,,,,,17,,5,,,,,,,,,,,7,,,,,,,8,,,,,,,,,,,,,,,,,172,,2,,,,,,,,,,1,,,,,,,,,,,,,,,1,,,,,46,,,,,,,,,,,,,,,3,,,,,,
2025-08-30T05:00:00Z,,,,,,,,,,,,29,,16,,,,,5,,,,,,,,,,,,,,,,,,3,,,,,,,,,,,,,,,,,14,,,,,,,,,5,,,,,,,,8,,44,,45,,,,,,,,,,,,,,,,,16,2,,,20,,,,,,,,,,,,,,,,,,,,,,,,,,,,,,,,,12,,,,,,,,,,,,,,,,,,,,,,,,11,,,,,,,,,,,,,,,,,,,,,,,,,,,,,,,,2,,5,,,,,,,,,,,,,,,,,,,,,,,,,,,,,,,,,,,,28,,5,,,,,,,,,,,8,,,,3,,,9,,2,,,,,,,,,,,,,,,177,,2,,,,,,,,,,1,,,,,,,,,193,,,,,,2,,,,,44,,,,,,,,,10,,,,3,,3,,,,,,
2025-08-30T06:00:00Z,,,,,,,,,,,,25,,13,,,,,,,,,,,,,,,,,,,,,,,2,,,,,,,,,,,,,,,,,16,,,2,,,,,,7,,7,,,,,,,,39,,39,,,,,,,,,3,,,,,,,,12,16,,,19,,,,,,,,,,,,,,,,,6,,,,,,,,,,,,,,,,10,,,,,,,,,,,,,,,,,,,,,,,,12,,,,,,,,,,,,3,,3,,,,,6,,,,,,,,,,,,,2,,4,,,6,,,,,,,,,,,,,,,,,,,,,,,,,,,,,,,,,32,4,7,,,,,,,,,,,7,,4,,,,,5,,5,,,,,,,,,,,7,,,,94,,2,,,,,,,,,,,,,,,,,,7,414,,,,,,2,,,,,44,,,,,,,,,15,,,,3,,2,,,,,,
2025-08-30T07:00:00Z,,,,,,,,,,,,20,,12,,2,,,,,,,,,,,,,,,,112,,,,,2,,,,2,,,,,,,,,,,,,16,,,7,,,,,,7,,11,,,,,,,,44,,28,,,,,,,,,,,,,,,,,8,16,,,,,,,,,,,,,,,,,5,,,14,,,,,,,,,,,,,,,,,,,,,,,,,,,,,,,,,,,,,,,,11,,,,,,,,,,,,,,3,,,,,9,,,,,,,,,,,,,,,5,,,3,,,,,,,,,,,,,,,,,,,,,,,,,,,,,,,,,29,10,4,,,,,,,,,,,9,5,4,,,,,6,,4,,,,,,,,,,,,,,,,,2,,,,,,,,,,,,,,,,,,14,370,6,,,,,,,,,,40,,,,,1,,,,17,,,,,,3,,,,,3,
2025-08-30T08:00:00Z,,,,,,,,,,,,,,15,,1,,,,,,,,,,,,,,,,151,,,,,2,,,,,,,,,3,,,,,,,,15,,,6,,,,,,6,,7,,,,,,,,47,,36,,,,,,,,,,,,,,,,,8,25,2,,,,,,,,,,,,,,,,3,,,18,,12,,,,,,,,,,,,,,,,,,,,,,,,,,,,,,,,,,,,,,8,,,,,,,,,,,,,,4,,,,,6,,,,,,,,,,,,,,7,8,,,2,,,,,,,,,,,,,,,,8,,,,,,,,,,,,,,,,,32,7,,,,,,,,,,,,,,9,,,,,,46,1,,,,,,,,,,,,,,,,,2,,,,,,,,,,,,,,,,,,14,322,12,,,,,,,,,,40,,,,,1,,,,,,,,,,,,,,,1,
2025-08-30T09:00:00Z,,,,,,,,,,,,,,15,,,,,,,,,,,,,,,,,,,,,,,2,,,,,,,,,3,,,,,,,,15,,,,,,,,,5,,9,,100,,,,,,50,,,,,,,,,,,,,,,,,,,10,17,3,,11,,,,,,,,,,,,,,4,,,24,,43,,,,,,,,,,,,,,,,,,,,,,,,,,,,,,,,,,,,,,14,,,,,,,,,,,,,,4,,,,,,,,,,,,,,,,,,,6,8,,,2,,,,,,,,,,,,,,,,9,,,,,,,,,,,,,,,,,36,8,,,,,,,2,,,,,,,,,,,,,68,,,,,2,,,,,,,,,,,,,2,,,,2,,,,,,,,,,,,,,15,351,12,,,,,,,,,,41,,,,,,,,,,,,,,,,,,,11,1,
2025-08-30T10:00:00Z,,,,,,,,,,,,,,,,,,,6,,,,,,,,,,,,,,,,54,,,,,,,,,,,,,,,,,,,20,,,,,,,,7,6,,6,,186,,,,,,44,,,,,,,,,,,,,,,,,,,,17,,,6,,,,,,,,,,,,,,6,,,18,,,,5,,,,,,,,,,,,,,,,,,,,,,,6,,,,,,,,,,,,,13,,,,,,,,,,,,,,3,,,,,,,,,,8,,,,,,,,,5,8,,,2,,,,,,,,,,,,,,,,10,,,,,,,,,,,,,,,,,35,9,,,,,,,,,,,,,,,,,,,,77,,,,,2,,,,,,,,,,,,,,,,,,18,,,,,,,,,,,,,13,392,15,,,,,,,,,,14,5,,,,,,3,,,,,,,,,,,,,1,
2025-08-30T11:00:00Z,,,,,,,,,,,,,495,,,,,,11,,,,,,,,,,,,,,,13,93,,,,,,,,,,,,,,10,,,,,22,,,,,,,,5,6,,,,126,,,,,,,,,,,5,1089,,,,,,,,,,,,,,15,,,7,,,,,,,,,,,,,,5,,,16,,,,5,,,,,,,,,,,,,5,,,,,,,,,,5,,,,,,,,,,,,,17,,,,,,,,,,9,,,,,,,,,,,,,,8,,,,11,,,,,,6,,,3,,,,,,,,,13,,,,2,,,9,,,,,,,,,,,,,,,,,30,12,,,,,,,,,,,,,,,,,,,5,56,,5,,,6,,,,,,,,,,,,,2,,,,,33,,,,,,,,,,,,,17,,15,,,,,,3,,,,14,8,,,,,,6,,4,,,,,,,,,,,5,
2025-08-30T12:00:00Z,,7,,,,,,,,,,,,,,,,,6,,2,,,,,4,,,,,,,31,8,71,,,,,,,,,,,,,,14,,,,,16,,,,,,31,,6,7,,,,,,,,,,,,,,,7,3209,,,,,6,,,4,,,,,,,,,9,,,,,14,,,,25,,,,,,,,11,,,,1,,,,,,,,,,,3,,5,,,,,2,,,,,4,,,,,5,,,,,,,,12,,,,,,,,,,9,,,,,,71,,37,,,,,,9,4,,,21,,,,,,,,,,,,0,,,,,,21,13,,,3,,,11,,,,,,,,,,,,,,,,,28,21,,,,,,,,,,,,,,,5,,,,7,57,,5,,,,,,,,,,,,,,,,,,,,,43,,,,,,,,,,13,,,18,,15,,,,24,,2,,,,,,,,,,,5,,,,,7,,,,,,,,4,
2025-08-30T13:00:00Z,,9,,,,,,,,,,,,,,,,,,,3,,,,,7,,6,,,,,42,10,77,,,,,,,,,,,,,,14,,,4,,17,,,,,,39,,6,6,,,,,,,,5,,,,,,,5,3829,,,,,5,,,6,,,,,,,,,16,,,,,111,,,,29,,,,,,,,,,,3,1,,,,,,,,,,,4,,,,,,,4,,,,0,6,,,,,11,,,,,,,,11,,2,,17,,,,,,10,,,,,,75,,52,,,,,,9,5,,,16,,,,,,,,,,,,1,,,,,,18,21,,,3,,,12,,,,,,,,,,,,,,,,,,18,,,,,,,,,,,,,,,49,,,,7,33,,4,22,,,,,,,,,,,,,,,,,,,,40,,,,,,,,,,22,,,18,,16,,,,34,,,,,,,,,,,,,5,,,,,8,,,,,,,,3,
2025-08-30T14:00:00Z,,9,,,,,,,,,,,,,,,,,,,,,,,,7,,7,,,,,40,9,56,,,,,,,,,,,,,,14,,,4,,17,,,,,,38,,3,5,,,,,,,,11,,,,,,,4,5380,8,8,,,5,,,3,,,,,,,,,17,,,,,133,,,,27,,,,,,,,,,,14,1,,,,,,,,,,,4,,,,,,,,,,,1,8,,,,,13,,,,,,,,14,,3,,30,,,,,,12,,,,,,78,,57,,,,,,12,6,,,15,,,,,,,,,,,1,,,,,,,,23,,,3,,,8,,,,,,,,,,,4,2,,,,,14,15,,,,,,,,,,,,,,,53,,,,8,,,,30,,,,,,,,,,,,,,,,,,,,37,,,,,,,,,,25,,0,15,,,,,,33,,,,,,,,,,,,,6,,,,,8,,,,,,,,1,
2025-08-30T15:00:00Z,,7,,,,,,,,,,,,,,,,,,,,,41,,,9,,,,,,,32,12,54,,,,,,,,,,,,,,14,,,5,,18,,,,,,44,,4,5,,,,,,,,10,,,,,,,,3567,24,17,,,3,,,6,,,,,,,,,18,,,,,148,,,,27,,,,,,,,,,,18,,,,,,,,,,,,,,,,,,,,,,,,10,,,,,20,,,,,,,,15,,,,53,,,,,,9,4,,,,,,,,,,,,,13,6,,,,,,,,,,,,,,1,,,,,,,,20,,,4,,,7,,,,,,,,,0,,5,4,,,,,,15,,,,,,,,,,,,,,,56,,,,9,,,,,,,,,,,,,,,,,,,,,,,,35,,,,,,,,,,25,,,18,,16,,,,58,,,,1,,,,,,,,,,,,,,9,,,,,,,,,
2025-08-30T16:00:00Z,,7,,,,,,,,,,,,,,,,,,,,,85,,,6,,,,,,,46,,79,,,,,,,,,,,,,,13,,,4,,,,,,,,61,,4,4,,,,,,,,6,,,,,,,,,53,20,,,4,,,6,,,,,,,,,20,,,,,295,,,,29,,,,,,,,,,,25,,,,,,,,,,,,,,,,,,,,,,,,10,,,,,11,,,,,,,,14,,,,46,,,,,,,4,,,,,,,,,,,,,12,6,,,,,20,,,,,20,,,,1,,,,,,,,20,,,,,,12,,,,,,,,,2,,,5,,,,,19,17,,,,,,,,,,,,,,,,,,,9,,,,23,,,,,,,,,,,,,,,,,,,,26,6,,,,,,,,,25,,,16,,,,,,94,,,,1,,,,,,,,,,,,,,11,,,,,,,,,
2025-08-30T17:00:00Z,,7,,,,,,,,,,,,,,,,,,,,,80,,,7,,,,,,,41,,82,,,,,,,,,,,,,,12,,,4,,,,,,,,72,,3,3,,,,,,,,10,,,,,,,,,32,26,,,,,,,,,,,,,,,22,,9,,,301,,,,32,,,,,,,,,,,35,,,,,,,,,,,,,,,,,,,,,,,,8,,,,,16,,,,,,,,10,,,,,,,,,,,,,,,,,,,,,,,,10,5,,,,,17,,,,,26,,,,,,,,,,,,23,,,,,,9,,,,,,,,,2,,,5,,,,,31,14,,,,,,3,,,,,,,,,,,,,9,,,,,,,,,,,,,,,,,,,,,,,,23,8,,,,,,,,,26,,,,,,,,,80,,,,,,,,,,,,,,,,,,12,,,,,,,,,
2025-08-30T18:00:00Z,,,,,,,,,,,,,,,,,,,,,,,46,,,,,,,,,,,,92,,,,,,,,,,,,,,5,,,,,,,,,,,51,,,,,,,,,,,6,,,,,,,,,,,,,,,,,,,,,,,,,19,,11,,,210,,,,38,,,,,,,,,,,,,,,,,,,,,,,,,,,,,,,,,,,7,,,,,16,,,,10,,,,,,,,,,,,,,,,,,,,,,,,,,,,,,,,,,19,,,,,22,,,,,1,,,,,,,19,,,,,,,,,,,,,,,2,,,4,,,,,,13,,,,,,,,,,,,,,,,,,,5,,,,,,,,1,,,,,,,,,,,,,,,,,11,,,,,29,,,,20,,,,,,,,,78,,,,,,,,,,,,,,,,,,8,,,,,,,,,
2025-08-30T19:00:00Z,,,,,,,,,,,,,,,,,,,,,,,38,,,,,,,,,,,,88,,,,,,,,,,,,,,5,,,,,,,,,,,62,,,,,,,,,,,,,,,,,,,,,,,,,,,,,,,,,,,,21,,7,,,189,,,,32,,,,,4,,,,,,,,,,,,,,,,,,,,,,,,,,,,,,,,,,,14,,,,9,,,,,,,,,,,,,,,,,,,,,,,,,,,,,,,,,,18,,,,,,,,,,1,,,,,,,,,,,,,,,,,,,,,,2,,,,,,,,,,,,,,,,,,,,,,,,,,,,5,,,,,,,,1,,,,,,,,,,,,,,,,,9,,,,,45,,,,17,,,,,,,,,,,,,,,,,,,,,,,,,,,11,,,,,,,,,
2025-08-30T20:00:00Z,,,,,,,,,,,,,,,,,,,,,,,,,,,,,,,,,,,,,,,,,,,,,,,,,5,,,,,,,,,,,,,,,,,,,,,,,,,,,,,,,,,,,,,,,,,,,,,,,19,,6,,,,,,,40,,,,,,,,,,,,,,,,,,,,,,,,,,,,,,,,,,,,,,,,12,,,,,,,,,,,,,,,,,,,,,,,,,,,,,,,,,,1,,,,,,,,,,,,,,1,,,,,,,,,,,,,,,,,,,,,,,,,,,,,,,,,,,,,,,,,,,,,,,,,,5,,,,,,,,1,,,,,,,,,,,,,,,,,8,,1,,,53,,,,27,,,,,,,,,,,,,,,,,,,,,,,,,,,,,,,,,,,,
2025-08-30T21:00:00Z,,,,,,,,,,,,,,,,,,,,,,,,,,,,,,,,,,,,,,,,,,,,,,,,,5,,,,,,,,,,,,,,,,,,,,,,,,,,,,,,,,,,,,,,,,,,,,,,,24,,9,,,,,,,,,,,,,,,,,,,,,,,,,,,,,,,,,,,,,,,,,,,,,,,14,,,,,,,,,,,,,,,,,,,,,,,,,,,,,,,,,,1,,,,,,,,,,,,,,1,,,,,,,,,,,,,,,,,7,,,,,,,,,,,,,,,,,,,,,,,,,,,,,,,,,8,,,,,,,,1,,,,,,,4,,,,,,,,,,10,,2,,,,,,,30,,,,,,,,,,,,,,,,,,,,,,,,,,,,,,,,,,,,
2025-08-30T22:00:00Z,,,,,,,,,,,,,,,,,,,,,,,,,,,,,,,,,,,,,,,,,,,,,,,,,4,,,,,,,,,,,,,,,,,,,,,,,,,,,,,,,,,,,,,,,,,,,,,,,26,,7,,,,,,,,,,,,,,,,,,,,,,,,,,,,,,,,,,,,,,,,,,,,,,,10,,,,,,,,,,,,,,,,,,,,,,,,,,,,,,,,,,,,,,,,,,,,,,,,1,,,,,,,,,,,,,,,,,5,,,,,,,,,,,,,,,,,,,,,,,,,,,,,,,,,6,,,,,,,,1,,,,,,,4,,,,,,,,,,9,,,,,,,,,27,,,,,,,,,,,,,,,,,,,,,,,,,,,,,,,,,,,,
2025-08-30T23:00:00Z,,,,,,,,,,,,,,,,,,,,,,,,,,,,,,,,,,,,,,,,,,,,,,,,,5,,,,,,,,,,,,,,,,,,,,,,,,,,,,,,,,,,,,,,,,,,,,,,,26,,,,,,,,,,,,,,,,,,,,,,,35,,,,,,,,,,,,,,,,,,,,,,,,,,4,,,,,,,,,,,,,,,,,,,,,,,,,,,,,,,,,,,,,,,,,,,,,,,,1,,,,,,,,,,,,,,,,,,,,,,,,,,,,,,,,,,,,,,,,,,,,,,,,,,4,,,,,,,,2,,,,,,,,,,,,,,,,,7,,0,,,,,,,23,,,,,,,,,,,,,,,25,,,,,,,,,,,,,,,,,,,,,
2025-08-31T01:00:00Z,,,,,,,,,,,,,,,,,,,,,,,,,,,,,,,,,,,,,,,,,,,,,,,,,5,,,,,2,,,,,,,,,,,,,,,,,,,,,,,,,,,,,,,,,,,,,,,,,,13,,,5,,,,,,,,,,,,,,,,,,,,68,,,,,,,,,,,,,4,,,,,,,,,,,,,3,,,,,,,,,,,,,,,,,,,,,,,,,,,,2,,,,,,,,,,,,6,,,,,,,,1,,,,,,,,,,,,,,,,,,,,,,,,,,,,,,,,,,,,,,,,,,,,,,,,,,5,,,,,,,,1,,,,,,,,,,,2,,,,,,10,,1,,,,,,,23,,,,,,,,,,,,,,,103,,,,,,,,,,,,,,,,,,,,,
2025-08-31T03:00:00Z,,,,,,,,,,,,,,,,,,,,8,,,,,,,,,,,,57,,,,,,,,,,,,4,,,,,5,,,,,4,,,,,,,,,,,,,,,,,,,,,,,,,,,,,,,,,,,,,,,,,,9,,,,,,,,,,,,,,,,,,,,,,,80,,,,,,,,,,,,,3,,,,,,,,,,,,,3,,,,,,,,,,,,,,,,,,,,,,,,,,,,2,,,,,,,,,,,,3,,,,,,,,1,,,,,,,,,,,,,,7,,,,,,,,,,,,,,,,,,,,,,,,,,,,,,,,,,,,5,,,,,,,,2,,,,,,,,,,,2,,13,,,,,,0,,,,,,,29,,,,,,,,,,,,,,,72,6,,,,,,,,,,,,,,2,,,,,,
2025-08-31T04:00:00Z,,,,,,,,,,,,,,12,,,,,,,,,,,,,,,,,,372,,,,,,,,4,,,,,,,,,4,,,,19,10,,,,,,,,,,,,,,,,,,,34,,,,,,,,,,,,,,,,,,,,,,,8,,,,,,,,,,,,,,,,,,,,,,,,,,,,,,,,,,,,,,,,,,,,,,,,,2,,,,,,,,16,,,,,,,,,,,,,,,,,,,,,,,,,,,,,,,,1,,,,,,,,2,,,,,,,,,,,,,,,,,,,,,,,,,,,,,,,,5,,,,,,,,7,,,,,,,,,,7,,,,,,,,,,,,,,,,,,,2,,,,,,,,,,,,,,,23,,,8,,,,,,,,,,,,85,,,,,,,,,,,,,,,4,,,,,,
2025-08-31T05:00:00Z,,7,,,,,,,,,,,,13,,,,,,,,,,,,,,,,,,355,,,,,,,,8,,,,,,,,,3,,,,21,9,,,,,,,,,,,,,,,,,,,61,,,,,,,,,,,,,,,,,,,,21,,,7,,3,,,,,,,,,,,,,,,,,,,,,,,1,,,,,,,,12,,,,,,,,,,,,,,,,3,,,,,,,,7,,,,,,,,,,,,,,,,,,,,,,,,,,,,,,,,,,,,,,,,1,,,,,,,,,,,,,,,,,,,,,,,,,,,,,,,7,8,,,,,,,,9,,,,,,,,,,8,,,,,,,,,,,,,,,,,,,2,,,,,,,,2,,,,,,,,,,9,201,,,,,,,,,1,,76,,,,,,,,,,,,,,,4,,,,,,
2025-08-31T06:00:00Z,,9,,,,,,,,,,,,15,,,,,,,,,,,,,,11,,,,292,,,,,,,,12,,,,,,,,,6,,,,19,10,,,,,,,,,,,4,,,,,,,,50,,,,,,,,,,,,,,,,,,,,22,,,5,,5,,,,,3,,,,,,,,,,,,,18,,,,,5,,,,,,,,15,,,,,,,,,,,,,7,,,3,,,,,,,,6,,,,,,,,,,,,,,,,,,,,,,,,,,,,,,,,,,6,,,,,,1,,,,,,,,,,,,,,,,,,,,1,,,,,,,,,,,11,10,,,,,,,,8,,,3,,,,,,,6,,,,,,,,,2,,,,,,,,,,3,,13,,,,,,2,3,,,,,,,,,14,498,,,,,,,,,1,,46,,,,,,,,,,,,,,,3,,,,,,
2025-08-31T07:00:00Z,,9,,,,,,,,,,5,,16,,,,,,,,,,,,,,14,,,,,,,,,3,,,4,,,,,,,,,11,,,,,11,,,,,,,,,,,7,,,,,,,,65,,,,,,,,,,,,,,,,,,,,26,,,6,,7,,,,,4,,,,,,,,,,,,,53,,,,,3,,,,,,,,,,,,,,,,,,,,,12,,,3,,,,,,,,6,,,,,,,,,,,,,,,,,,,,,,,,,,,,,,,,,,5,,,,,,1,,,,,,,,,,,,,7,,,,,,,,,,,,,,,,,,10,8,,,,,,,,7,,,9,,4,,,,,9,30,,,,,,,,3,,,,,,,,,,2,,,,,,,,0,5,,,,,,,,,14,841,12,,,,,,,,1,,42,,,,,,,,,,,,,,,,,,,,,
2025-08-31T08:00:00Z,,,,,,,,27,,,,25,,12,,,,3,,,,,,,,,,13,,,,,,4,,,5,,,2,,1,,,,,,,11,,,,,10,,,,,0,,,,,,9,,,13,,,,,57,,,,,,,,,,,,,,,,,,,,33,,,6,,8,,,,,4,,,,,3,,,,,,,,61,,,,,3,,,,,,,,,,,,,,,,,,,,,13,,,5,,,,,,,,5,,,,,,,,,,,,,,,,,,,,,,,,,,,,,,,,,,5,,,,,,1,,,5,,,,,,,,,,6,,,,,,,0,,,,,,,,,,31,12,5,,,,,,,,8,,,10,,,,,,,,67,,,,,,,,,,,,,,,,,,2,,,,,,,,,2,,,,,,,,,14,818,15,,,,,,,,,4,39,,,,,,,,,,,,,,,,,,,7,1,
2025-08-31T09:00:00Z,,,,,,,,36,,,,27,,17,,,,2,,,,,,,,,,9,,,,,,16,82,,3,,,3,,,,,,,,,12,,,,,16,,,,,2,,,,,,10,,116,10,,,,,38,,,,,,,,,,,,,,,,,2,,,,,,16,,9,,,,,,,,,,3,,,,,5,,,,,,,,3,,,,,,,,,,,,,,,,,,,,,12,,,10,,,,,,,,4,,,,,,,,,,,,,,,,,,,,,,,,,,,,,,,,,,8,,,0,,,,,,4,,,,,,,,,,11,,,,,,,,,,,,,,,,,31,12,,,,7,,,,,9,,,8,,,,,,,,73,,,,,,,,,,,,,,,,,,2,,,,3,,,,0,4,,,,,,,4,,13,605,14,,,,,,,,,,35,,,,,,,,,,,,,,,,,,,9,2,
2025-08-31T10:00:00Z,,,,,,,,38,,,,,,11,,,,,,,,,,,,,,,,,,,,15,104,,4,,,7,,,,,,,,,9,,,,,20,,,,,3,,,,,,9,,220,12,,,3,,,,,,,,,,,,,,,,,,,3,,,,,,19,,6,,,,,,,,,,6,,,,1,12,,,,,,,,3,,,18,,,,,,,,,,,,,,,,,,,,,12,,,,,,,,4,,,,,,,,,,,,,,,,,,26,,,,,,,,,,,,,,,,6,,,4,,,,,,,,25,,,,,,,,11,,,,,,,,,,,,,,,,,28,15,,,,7,,,,,7,,,11,,6,,,,,,63,,,,,,,,,4,,,,,,,,,3,,,,3,,,,,,1,,,,,27,5,,12,431,14,,,,,,,,,,17,,3,,,,3,,,,,,,,,,,,,,4,
2025-08-31T11:00:00Z,,,,,,,,36,,,,,,17,,,,,6,,,,,,,,,,,,,,,14,109,,0,,,8,,,,,,,,,15,,,,,22,,,,,,,,,,,7,,155,12,,,5,,,,,,,,,,,,2,,,,,,5,3,,,,,41,20,,9,,,,,,,,,,8,,,,1,12,,43,,,,,,4,,,48,,,,,,2,,,,,,,,,,,,6,,,11,,,,5,,,,3,,,,,,,,,,,5,,,,,,,25,,,,,,,,,,,,,,,,,,,,,,,,,,,,,,2,,,,,6,,,,,,,,,,,,,,,,,34,13,,,,8,,,,,8,,,,,,,,,,8,32,,,,,3,,,,11,,,,,,,,,2,,,,2,,,,,,,,,,,26,7,,17,373,17,,,,,,,,,,10,,4,,,,,,,,4,,7,,,,,,,,3,
2025-08-31T12:00:00Z,,6,,,,,,52,,,,,,10,1,,,2,,,,,,,,5,,,,,,,28,13,106,,,,,10,,,,,,,,,21,,,,,20,,,,,,,,,,,,,174,12,,,7,,,4,,,,,,,15,,,,,,,,5,2,,,,2,54,22,2,11,,,39,,,,,,,6,,,,1,12,,46,,,,,,3,,,48,,,,,,5,,,,,,,,,,,,15,,,13,,,,,4,,,4,,,,40,,,,,,,6,,,,,86,,26,,,,,,,2,,,,,,,,,,18,,,,,,,,,,,9,13,,0,,,,11,,,,,,,,,,,4,,,,,,24,16,,,,9,,,,,,,,,,5,33,,,,12,39,,,,,,,,,13,,15,,,,,,,2,,,,,18,,,,,,,,,,24,8,,16,380,10,,,,37,,,,,,8,,6,,,,,1,,,13,,9,,,,,,,,4,
2025-08-31T13:00:00Z,,4,,,,,,46,3,,,,,8,2,,,2,,,,,,,,4,,,,,,,29,10,80,,,,,,,,,,,,,,20,,,4,,20,,,,,,,,,,,,,103,9,,,6,,,,,,,,1820,,12,,,,,,,,,,,,,,46,18,,,,25,113,,,,,2,,8,,,,,12,,31,,,,,,4,,,46,,,,,,4,2,,,,,,,,,,,11,,,15,,,,,4,,,3,3,,,39,,,,,,,6,,,,,94,,18,,,,,,,3,,,13,,,,,5,,18,,,,,,,,,,,,24,,,,,,,,,,,,,,,,,7,,,,,,26,14,,,,,,,,,,,,,,7,63,,,,10,33,,,27,,,,,,15,,21,,,,,,,2,,,,,23,,,,,,,,,,26,,,,,13,,,,50,,,,,,5,,6,,,,,2,,,12,,4,,,,,,,,4,
2025-08-31T14:00:00Z,,5,,,,,,35,2,,5,,,,2,,,1,,,,,,,,4,,,,,,,30,12,76,,,,,,,,,,,,,,15,,,4,,21,,,,,,,,,,,,,,,,,,,,,,,,,3206,20,16,,,,,,,,,,,,,,38,19,,,,36,156,,,,,2,,,2,,3,2,11,,31,,,,,,2,,1,51,,,,,,,,,,,,,,,,,,11,,,13,,,,,5,,,4,3,,,28,,,,,,,6,,,,10,63,,22,,2,,,,11,5,,,17,,6,,,8,,21,,,2,,,,,,,,,20,,,,,,,,,,,,,,,,,,,,,,,25,,,,,,,,,,,,,,,4,57,,,,7,,,,36,,,,,,13,,27,,,,,,,,,,,,27,,,,,,,,,,24,,,,,11,,,,64,,,,,,7,,6,,,,,7,,,16,,7,,,,,,,,,
2025-08-31T15:00:00Z,,5,,,,,,30,3,,4,,,,3,,,,,,,,,,,5,,,,,,,22,8,73,,,,,,,,,,,,,,13,,,4,,16,,,,,,,,,,,,,,,,,,6,,,,,,,4257,47,14,,,,,,,,,,,,,,34,18,,,,31,163,,,,,,,,,,,1,8,,,,,,,,4,,,,,,,,,,,,,,,,,,,,,7,,,17,0,,,,,,,5,3,,,25,,,,,,,3,,,,,,,19,,2,,,,5,4,,,19,5,15,,,13,,23,,,2,,1,,,,,,,20,,,,,,,,1,,,,,,,,,2,,,,,,27,,,,,,,3,,,,,,,,,63,,,,6,,,,38,,,,,,,,28,,,,,,,,,,,,22,,,1,,,,,,,27,,,,,9,,,,65,,,,,,6,,6,3,,,,,,5,14,,7,,,,,,,,,
2025-08-31T16:00:00Z,,8,,,,,,20,3,,4,,,,,,,,,,,,,,,4,,,,,,,33,,,,,,,,,,,,,,,,11,,,5,,21,,,,,,,,,,,,,,,,,,,,,,,,,2521,63,18,,,,,,,,,,,,,,31,15,,8,,,199,,,,,,,,,,,1,,,,,,,,,2,,,,,,,,,,,,,,,,,,,,,,,,21,1,,,,,,,8,,,,31,,,,,,,,,,,,,,,,,,,,8,5,,,26,4,15,,,13,,18,,,2,,1,,,,,,8,,,,4,,,,,9,,,,,,,,,,,,,,,27,,,,,,,,,,,,,,,5,,,,,8,,,,,,,,,,,,,,,,,,,,,,,,23,6,,1,,,19,,,,26,,,,,,,,,55,,,,,,7,,5,2,,,,,,,10,,10,,,,,,,,,
2025-08-31T17:00:00Z,,9,,,,,,23,3,,5,,,,,,,,,,,,,,,4,,,,,,,,,,,,,,,,,,,,,,,11,,,5,,19,,,,,,,,,,,,,,,,,,,,,,,,,2054,,,,,,,,,,,,,,,,,14,,14,,,198,,,,,,,,,,,2,,,,,,,,,1,,,,,,,,,,,,,,,,,,,,,,,,22,1,,,,,,,8,,,,30,,,,,,,,,,,,,,,,,,,,9,,,,20,6,18,,,9,,16,,,2,,,,,3,,,,,,,5,,,,,6,,2,,,,,,,,,,,,,25,,,,,,,,,,,,,,,6,,,,,10,,,,,,,,,,,,,,,3,,,,,,,,,20,5,,,,,19,,,,,,,,,,,,,55,,,,,,6,,5,,,,,,,,6,,9,,,,,,,,,
2025-08-31T18:00:00Z,,14,,,,,,14,3,,4,,,,,,,,,,,,118,,,5,,,,,,,,,,,,,,,,,,,,,,,12,,,6,,22,,,,,,,,,,,,,,,,,,,,,,,,,,,,,,,,,,,,,,,,,,17,,,,,255,,,,,,,,,,,1,,,,,,,,,1,,,,,,,,,,,,,,,,,,,,,,,,18,1,,,,,,,7,,,,37,,,,,,,,,,,,,,,,,,,,,,,,25,6,,,,11,,17,,,4,,,,,5,,,,,,,5,,,,,,,2,,,,,,,,,,,,,28,,,,,,,,,,,,,,,13,,,,,8,,,,,,,,,,,,,,,2,,,,,,,,,17,8,,,,,54,,,,,,,,,,,,,59,,,,,,7,,5,,,,,,,,8,,9,,,,,,,,,
2025-08-31T19:00:00Z,,9,,,,,,14,,,3,,,,,,,,,,,,113,,,1,,,,,,,,,,,,,,,,,,,,,,,4,,,4,,20,,,,,,,,,,,,,,,,,,,,,,,,,,,,,,,,,,,,,,,,,,,,,,,231,,,,,,,,,,,1,,,,,,,,,4,,,,,,,,,,,,,,,,,,,,,,,,17,0,,,,,,,5,,,,35,,,,,,,,,,,,,,,,,,,,,,,,17,,,,,11,,19,,,,,,,,5,,,,,,,5,,,,,,,,,,,,,,,,,,,,26,,,,,,,,,,,,,,,5,,,,,9,,,,,,,,1,,,,,,,2,,,,,,,,,19,6,,,,,74,,,,,,,,,,,,,54,,,,,,7,,5,,,,,,,,8,,,,,,,,,,,
2025-08-31T20:00:00Z,,9,,,,,,,,,,,,,,,,,,,,,127,,2,,,,,,,,,,,,,,,,,,,,,,,,3,,,6,,16,,,,,,,,,,,,,,,,,,,,,,,,,,,,,,,,,,,,,,,,,,,,,,,,,,,,,,,,,,,,,,,,,5,,,,,,,,,,,,,,,,,,,,,,,,,,,1,,,,,,,4,,,,,,,,,,,,,,,,,,,,,,,,,,,,19,,,,,12,,17,,,,,,,,6,,,,,,,,,,,,,,,,,,,,,,,,,,,28,,,,,,,,,,,,,,,,,,,,,,,,,,,,2,,,,,,,2,,,,,,,,,20,6,,,,,59,,,,,,,,,,,,,67,,,,,,5,,,,,,,,,,8,,,,,,,,,,,
2025-08-31T21:00:00Z,,7,,,,,,,,,,,,,,,,,,,,,82,,,,,,,,,,,,,,,,,,,,,,,,,,3,,,7,,14,,,,,,,,,,,,,,,,,,,,,,,,,,,,,,,,,,,,,,,,,,,,,,,,,,,,,,,,,,,,,,,,,32,,,,,,,,,,,,,,,,,,,,,,,,,,,1,,,,,,,3,,,,,,,,,,,,,,,,,,,,,,,,,,,,21,,,,,,,17,,,,,,,,,,,,,,,,,,,,,,,,,,,,,,,,,,,,,,,,,,,,,,,,,,,,,,,,,,,,,,,2,,,,,,,2,,,,,,,,,18,6,,,,,,,,,,,,,,,,,,,,,,,,6,,,,,,,,,,,,,,,,,,,,,
2025-08-31T22:00:00Z,,,,,,,,,,,,,,,,,,,,5,,,,,,,,,,,,,,,,,,,,,,,,,,,,,3,,,,,17,,,,,,,,,,,,,,,,,,,,,,,,,,,,,,,,,,,,,,,,,,,,,,,,,,,,,,,,,,,,,,,,,49,,,,,,,,,,,,,,,,,,,,,,,,,,,1,,,15,,,,2,,,,,,,,,,,,,,,,,,,,,,,,,,,,,,,,,,,15,,,,,,,,,,,,,,,,,,,,,,,,,,,,,,,,,,,,,,,,,,,,,,,,,,,,,,,,,,,,,,,2,,,,,,,3,,,,,,,,,18,7,,,,,,,,,,,,,,,,,,,,,,,,27,,,,,,,,,,,,4,,,,,,,,,
2025-08-31T23:00:00Z,,,,,,,,,,,,,,,,,,,,6,,,,,,,,,,,,,,,,,,3,,,,,,,,,,,2,,,,,17,,,,,,,,,7,,,,,,,,,,,,,,,,,,,,,,,,,,,,,,,,,,,,,,,,,,,,,,,,,,,,,,,,48,,,,,,,,,,,,,,,,,,,,,,,,,,,,,,16,,,,3,,,,,,,,,,,,,,,,,,,,,,,,,,,3,,,,,,,,14,,,,,,,,,,,,,,,,,,,,,,,,,,,,,,,,,,,,,,,,,,,,,,,,,,,,,,,,,,,,,,,,,,,,,,2,,,,,,,,,,9,,,,,,,,,,,,,,,,,,,,,,,,62,,,,,,,,,,,,,,,,,,,,,
2025-09-01T01:00:00Z,,,,,,,,,,,,,,,,,,,,,,,,,,,,,,,,,,,,,,,,,,,,,,,,,3,,,,,14,,,,,,,,,5,,,,,,,,,,,,,4,,,,,,,,,,,,,,,,,,,,,,,,,,,,,,,,,,,,,,,,,,,63,,,,,,,,,,,,,1,,3,,,,,,,,,,,,,,,,,,,4,,,,,,,,,,,,,,,,,,,,,,,,,,,,,,,,,,,,,,,,,,,,,,,,,,,,,,,,,,,2,,,,,,,,,,,,,,,,,,,,,,,,,,,,,,,,,,,,,,,,,,,,,,1,,121,,,,,,,,15,,,,,,,,,,,,,,,,,,,,,,,,58,,,,,,,,,,,,,5,,,,,,,,
2025-09-01T03:00:00Z,,,,,,,,,,,,,,,,,,,,,,,,,,,,,,,,,,,,,,,,,,,,,,,,,3,,,,,12,,,,,,,,,5,,,,,,,,,,,,,15,,,,,,,,,,,,,,,,,,,,,,,,,,,,88,,,,,,,,,,,,,,,59,,,,,,,,,,8,,,5,,,,,,,,,,,,,,1,,,,,,,9,,,,,,7,,,,,,,,,,,,,,,,,,,,,,,,,,8,,,,,,,,,,,,,,,,,,,,,,,,,,,3,,,,,,,,,,,,,,,,,,,,,,,,,,,,,,,,,,,,,,,,,,,,,,,,162,,,,,,,,10,,,,,,,,,,,,,,,,,,,,,,,,59,,,,,,,,,,,3,,3,,,,,,,,
2025-09-01T04:00:00Z,,,,,,,,,,,,,,,,,,,,,,,,,,,,,,,,,,,,,,,,,,,,,,,,,2,,,,,18,,,5,,,,,,7,,,,,,,,,,22,,18,14,,,,,,,,,,,,,,,,,,,,,,,,,,,,201,,,,,,,,,,,,,,,,,,,,,,,,,14,,,,,,,,,,,,,,,,,2,,,,,,,4,,,,,,9,,,,,,,,,,,,,,,,,,,,,,,,,,9,,,,,,,,,,,,,,,,,,,,,,,,,,,3,,,,,3,,,,,,,,,,,,,,,,,,,,,,,,,,,,,,,,,,,,,,,,,,,157,,,,,,,,,,,7,,,,,,,,,,,,,,,,,,,,,53,,,,,,,,,,,,,,,,,,,,,
2025-09-01T05:00:00Z,,,,,,289,,,,,,,,15,,,,,,,,,,,,,,,,,,,,,,,,,,,,,,,,,,,2,,,,10,22,,,9,,,,,,7,,,,,,,,,,33,,24,,,,,,,,,2,,,,,,,,4,,,,,,,,,,,,200,,,,,,,,,,,,,,,,,,,,,,,,,15,,,,,,,,,,,,,,,,,1,,,,,,,5,,,,,,,,,,,,,,,,,,,,,,,,,,,,,,,,10,,,,,,,,,,,,,,,,,,,,,,,,,,,3,,,,,6,,,,,,,,,,,,,,,,,,,,,,,,,,,,,,,,,,,,,,,,,,,138,,,,,,,,,,,3,,,,,,,,,,107,,,,,,,,,,,30,,,,,,,,,,,,,,7,,,,,,,
2025-09-01T06:00:00Z,,,,,,629,,,,,,,,17,,,,,,,,,,,,,,,,,,,,,,,,,,,,,,,,,,,6,,,,14,21,2,,6,,,,,,9,,5,,,,,,,,32,,22,,,,,,,,,5,,,,,,,,7,,,,,,,,,,,,174,24,,,2,,,,,,,,,,,,,,,,,,,,,,,,,,,,,,,1,,,12,,,,,,,,,,,4,,,,,,,,,,,,,,,,,,,,,,,,,,,,,,,,2,,4,,,,,,,,,,,,,,,,,,,,,,,,,3,,,,,6,,,,,,,,,,,,,,,,,,,,,5,,,,,,,1,,,,,,3,,,,,,,,,100,,,,,,,,,,,,,,,,,,3,,,226,,,,,,4,,2,,,17,,,,,,,,,,,,,,11,,,,,,,
2025-09-01T07:00:00Z,,,,,,780,,,,,,,,13,,,,3,,,,,,,,,,,,,,,,11,,,,,,,,,,,,,,,8,,,,14,22,2,,4,,,,,,6,,7,,,,,,,,45,,24,,,,,,,,,2,,,,,,,,6,,,,,,,,,,,,170,29,,,3,,,,,,,,,,,,,,,,,,,,,,,,,,,,,,,1,,,14,,,,,,,,,,,4,,,,,,,,,,,,,,,,,,,,,,,,,,,,,,,,,,4,,,,,,,,,,,,,,,,,,,,,,,,,3,,,,,5,,,,,,,,,,,,,,,,,,,,,6,,,,,,,3,,,,,,3,,,,,,,,,97,,,,,,,,,,,,,,,,,,5,,,264,,,,,,5,,5,,,17,,,,,,,,,,,,,,10,,,,,,,
2025-09-01T08:00:00Z,,,,,,587,,,,92,,,,20,,,,4,,,,,,,,,,,,,,,,10,,,,,,,,,,,,,,,7,,,,,18,2,,,,,,,,7,,9,,,,,,,,33,,22,,,,1296,,,,,2,,,,,,,,8,,,,,,,2,,,,,133,31,,,4,,,,,15,,,,,,,,,,,,,,,,,,,,,,,,,,3,,,14,,,,,,,,,,,3,,,,,,,,,,,,,,,,,,,,,,,,,,,,,,,,,,5,,,,,,,,,5,,,,,,,,,,,,,,,,,,,,,3,,,,,,,,7,,,4,,,,,,,,,,10,,,,,,19,3,,,,,,3,,,,,,,,,,,,,,,,,,,,6,,,,,,,7,,,216,,,,24,,7,,,,,10,,,,,,,,,,,,,,16,,,,,7,,
2025-09-01T09:00:00Z,,172,,,,1207,,,,15705,,,,17,,,,,,,,,186,,,,,,,,,,,10,229,,,,,,,,,,,,,,9,,,,,20,2,,,,,,,,9,,8,,217,,,,,,175,,11,,,,2836,,,,,2,,,,,,,,7,,,,,,,,186,361,,,255,176,,,4,,,,,10,,,,,,,,,,,,,,,,,,,,,,,,,,,,,,,,,,,,,,,,4,,,,219,,,,,,,,,,,,,,,,,3,,,,,,,,,,,,,4,,,,,,0,,,5,,,,,,,,,,,,,,,,,,,,,5,,,,,,,7,7,,,5,,,,,,,,11,,17,,,,,,195,3,,,,,,1,,,,,,,,3,,,2,,,,,,,10,,,,,,,,,4,,,375,13,,,15,,4,,,,,7,,4,,,,,,,,,,,,8,,,,,8,,
2025-09-01T10:00:00Z,,209,,,,1410,,,,25088,,,,,,,,,,,,,223,,,,,,,,,,,5,290,,,4,22,,,,,,,,,,7,,,,,25,3,,,,,,,7,10,12,,,300,,,,,,217,,15,,,,3276,,,,,4,,,,,,,,9,,,,,,8,3,236,483,,,284,212,,,5,,,,,14,,,,4,,,,,,,,,,,,,,,,,,,,,,,,,,,,,,,,,,,,5,,,,271,,,,,,,,,,,,,,,,,,,,,,,,,,,,,,,,,,,,2,,,,,,,,,,,,,9,,,,,,,,,,,5,,,,,,,10,6,,,6,,,,,9,,,12,,14,,3,,,,235,,,,,,,,,,,,,,,,,,3,,,,3,,,16,,,,,,10,,,,,13,411,16,,,19,,4,,,,,8,,6,,,,,,,,,,,,14,,,,,,,
2025-09-01T11:00:00Z,,210,,,,1296,,,,29323,,,,,,,,,,,,,235,,,,,5,,,,,,8,327,,,5,18,,,,,,,,,,12,,,,,22,3,0,,,,,,3,8,12,,,330,,,,,,229,,15,,,7,3414,,,,,,,,,,,,,7,,,,7,,9,3,247,533,,,288,218,,,6,,,,,10,,,,5,,,,,,,,,6,,,3,,,,,,,,,,,,,3,,,6,,,,,2,,,3,,,,280,3,,,,,,,,,,,,,,,,,,,,,,,,,,,,,,,,,,,,,,,,,,,6,,,,,9,,9,,,,,,,,,4,,,,,,,12,7,,,4,,,,,8,,,13,6,7,,2,,,4,240,,,,,,,,,4,,,,,,,,10,2,,,,2,12,,15,,,,,,13,,,,,11,409,16,,,19,,,,,,,8,,5,,,,,,,,,,5,,16,,,,,,,
2025-09-01T12:00:00Z,,131,,,,,,,,,,23,,,,,,4,,,,,205,,,6,,8,,,,,10,10,221,,,5,20,,,,,,,,,,17,,,,,21,,7,,,,,,5,6,,,,133,,,,12,,,,,,,7,3888,,,13,,,,,,,,,18,7,,,,17,,,,162,279,,,,144,,,,,,,,9,,,,,,,,,,,,,5,,,9,,,,,,,,,,,,,12,,,9,1,,,,6,,,3,,,,122,3,,,,,,,,,,,,,,,2,,,,11,,,,,,,,,,,,,,,,,,,,,,11,,,,,,,11,,9,,,,,,,,,5,,,,4,,10,11,,,,,5,,,,8,,,,6,,,3,,,5,82,,,,,,,,,11,,,,,,,,,2,,,,4,28,,,0,,1,,,,,,,,18,,19,,,,,,,,,3,8,,5,,,,,,,8,,,12,,14,,,,,,2,
2025-09-01T13:00:00Z,,112,,,,,,,3,,,13,,,,,,2,,,,,170,,,5,,,,,,,22,12,210,,,,,,,,,,,,,,17,,0,5,,22,,4,,,,45,,6,6,,,,91,,,,10,,,,,,,6,4494,,,,,4,,,,,,,,7,,2,,19,,,,151,226,,,,129,,10,,,,,,14,,,,,,,,,,,,,8,,,9,,,,,,,,,,,,,14,,,9,,,,,6,,,3,,,,89,,,,,,,4,,,,,,,,5,2,,,,11,,,,16,,,,,,,,,,0,,,,,,2,,,,,,6,,,10,,6,,0,,,,,,,5,,,,,,21,,,,,,3,,,,7,,,,6,,,3,,,2,67,,,27,,,,,,13,,,,,,,,,2,,,,,29,,,1,,,,,,,,,,15,,20,,,,45,,,,,3,11,,5,,,,,,,9,,,11,,13,,,,,,4,
2025-09-01T14:00:00Z,,25,,,,,,,5,,,,,,,,,,,,,,112,,,7,,,,,,,35,11,143,,,,,,,,,,,,,,15,,,5,,,,4,,,,79,,6,6,,,,118,,,,9,5,,,,,,8,,,,,,5,,,,,,,,7,,2,,18,,,,55,961,,,,49,,6,,,,,,17,,,,,,,,,,,,,7,,,12,,,,,,,,,,,,,18,,,13,,,,,5,,,3,,,,64,,,,,,,3,,,,17,,,,4,2,,,,13,,,,20,,,,,,,19,,,3,,,,,,,,,,,,5,,,14,,5,,2,,,,,,,4,,,,,,22,14,,,,,,,,,8,,,,,10,,,,,3,38,,,53,,,,,,12,,,,,,,,,,,,,,34,,,,,,,,,,,,,15,,23,,,,72,,,,,4,9,,6,,,,,,,14,,,14,,12,,,,,,,
2025-09-01T15:00:00Z,,14,,,,,,,5,,,,,,,,,,4,,,,122,,,8,,,,,,,38,14,120,,,,,,,,,,,,,,13,,,6,,,,2,,,,91,,,5,,,,119,,,,7,,,,,,,,,,,,,4,,5,,,,2,,3,,,,18,,,,83,465,,,,34,,,,,,,,25,,,,,,,,,21,,,,8,,,11,,,,,,,,,,1,,,13,,,16,,,,,,,,1,,,,,,,,,,,,,,,22,,,,,,,,,9,,,,25,,,,,10,,21,,,3,,1,,,,,,,,,,8,,,11,,,,2,,,,,,,5,,,,,,16,,,,,,3,,,,6,,,,,,,,,,5,,,,47,,,,,,,,,,,,,,,,,,,,26,,,,,,,,,,,,,18,,11,,,,80,,,,,,7,,3,3,,,,,,12,,,,,9,,,,,,,
2025-09-01T16:00:00Z,,13,,,,,,,5,,4,,,,,,,,9,,,,108,,,4,,,,,,,41,,,,,,,,,,,,,,,,10,,,7,,9,,,,,,91,,,7,,,,,,,,,,,,,,,,,,,,,5,,,,,,4,,6,,,,,,9,,,396,,,,39,,,,,,,1,12,,,,,,,,,70,,,,9,,,11,,,,,,,,,,1,,,,,,15,,,,,,,,3,,,,,,,,,,,,,,,16,,4,,,,,,,,,,,24,,14,,,10,,38,28,,3,1,1,,,,,,,,,,6,,,13,,,,,,,,,,,7,,,,,,26,,,,,,,,,,4,,,,,4,,,,,,,,,,,,,,,,,,,,,,,,,,,,,29,7,,,,,,,,,,,,,,,,,,81,,,,,,8,,4,,,,,,,,,,,,,,,,,,,
2025-09-01T17:00:00Z,,,,,,,,,4,,3,5,,,,,,,6,,,,83,,,,,,,,,,28,,,,,,,,,,,,,,,,,,,8,,12,,,,,,82,,,5,,,,,,,,,,,,,,,,,,,,,,,,,,,5,,6,,,,,,7,,,358,,,,32,,,,,,,1,10,,,,,,,,,76,,,,9,,,8,,,,,,,,,,1,,,,,,,,,,,,,,5,,,,,,,,,,,,,,,17,,,,,,,,,,,,,14,,12,,,10,,10,38,,2,,3,,,,,,,,,,5,,,14,,,,,,,,,,,7,,,,,,21,,,,,,,,,,5,,,,,6,,,,,,,,,,,,,,,,,,,,,,,,,,,,,22,8,,,,,,,,,,,,,,,,,,75,,,,,,9,,,,,,,,,,,,,,,,,,,,,
2025-09-01T18:00:00Z,,,,,,,,,,,,19,,,2,,,,,,,,59,,,,,,,,,,,,,,,,,,,,,,,,,,,,,7,,4,,,,,,97,,,6,,,,,,,,,,,,,,,,,,,,,,,,,,,4,,,,,,,,,,,,,,,33,,,,,,,2,,,,,,,,,,,,,,,,,,,3,,,,,,,,4,,,,,,,,,,,,,,2,,,,,,,,,,,,,,,13,,,,,,,,,,,,,13,,13,,,10,,16,35,,3,,1,,,,,,,,,,5,,,10,,,,,,,,,,,,,,,,,,,,,,,,,,,,,,,,,,,,,,,,,,,,,,,,,,,,,,,,,,,,,21,11,,,,,,,,,,,,,,,,,,81,,,,,,7,,,,,,,,,,,,,,,,,,,,,
2025-09-01T19:00:00Z,,,,,,,,,,,,17,,,,,,,,,,,48,,,,,,,,,,,,,,,,,,,,,,,,,,,,,5,,6,,,,,,100,,,5,,,,,,,,,,,,,,,,,,,,,,,,,,,,,,,,,,,,,,,,,,28,,,,,,,1,,,,,,,,,1,,,,,,,,,,,,,,,,,,2,,,,,,,,,,,,,,4,,,,,,,,,,,,,,,17,,,,,,,,,,,3,,12,,11,,,9,,15,,,2,,1,,,,,,,,,,5,5,,11,,,,,,,,,,,,,,,,,,,,,,,,,,,,,,,,,,,,,,,,,,,,,,,,,,,,,,,,,,,,,,11,,,,,,,,,,,,,,,,,,67,,,,,,6,,,,,,,,,,,,,,,,,,,,,
2025-09-01T20:00:00Z,,,,,,,,,,,,,,,,,,,,,,,,,,,,,,,,,,,,,,,,,,,,,,,,,,,,8,,7,,,,,,,,,,,,,,,,,,,,,,,,,,,,,,,,,,,,,,,,,,,,,,,,,,,28,,,,,,,1,,,,,,,,,4,,,,,,,,,,,,,,,,,,3,,,,,,,,,,,,,,4,,,,,,,,,,,,,,,25,,,,,,,,,,,2,,,,13,,,9,,11,,,,,1,,,,,,,,,,,,,11,,,,,,,,,,,,,,,,,,,,,,,,,,,,,,,,,,,,,,,,,,,,,,,,,,,,,,,,,,,,,,13,,,,,,,,,,,,,,,,,,,,,,,,7,,,,,,,,,,,,,,,,,,,,,
2025-09-01T21:00:00Z,,,,,,,,,,,,,,,,,,,,,,,,,,,,,,,,,,,,,,,,,,,,,,,,,,,,6,,5,,,,,,,,,,,,,,,,,,,,,,12,,,,,,,,,,,,,,,,,,,,,,,,,,,,,33,,,,,,,,,,,,,,,,3,,,,,,,,,,,,,,,,,,,,,,,,,,,,,,,,4,,,,,,,,,,,,,,,,,,,,,,,,,,,,,,,,,8,,12,,,,,1,,,,,,,,,,,,,10,,,,,,,,,,,,,,,,,,,,,,,,,,,,,,,,,,,,,,,,,,,,,,,,,,,,,,,,,,,,,,9,,,,,,,,,,,,,,,,,,,,,,,,5,,,,,,,,,,,,,,,,,,,,,
2025-09-01T22:00:00Z,,,,,,,,,,,,,,,,,,,,,,,,,2,,,,,,,,,,,,,,,,,,,,,,,,,,,,,18,,,,,,,,,,,,,,,,,,,,,,12,,,,,,,,,,,,,,,,,,,,,,,,,,,,,28,,,,,,,,,,,,,,20,,,,,,,,,,,,,,,,,,,,,,,,,,,,,,9,,,,4,,,,,,,,,,,,,,,,,,,,,,,,,,,,,,,,,8,,11,,,,,1,,,,,,,,,,,,,9,,,,,,,,,,,,,,,,,,,,,,,,,,,,,,,,,,,,,,,,,,,,,,,,,,,,,,,,,,,,,,9,,,,,,,,,,,,,,,,,,,,,,,,6,,,,,,,,,,,,,,,,,2,,,,
2025-09-01T23:00:00Z,,,,,,,,,,,,,,,,,,,,,,,,,,,,,,,,,,,,,,,,,,,,,,,,,,,,,,13,,,,,,,,,,,,,,,,,,,,,,5,,,,,,,,,,,,,,,,,,,,,,,,,,,,,29,,,,,,,,,,,,,,34,,,,,,,,,,,,,,,,,,,,,,,,,,,,,,9,,,,4,,,,,,,,,,,,,,,,,,,,,,,,,,,3,,,,,,,,14,,,,,1,,,,,,,,,,,,,5,,,,,,,,,,,,,,,,,,,,,,,,,,,,,,,,,,,,,,,,,,,,,,,,,,,,,,,,,,,,,,17,,,,,,,,,,,,,,,,,,,,,,,,30,,,,,,,,,,,,,,,,,,,,,
2025-09-02T01:00:00Z,1,,,,,,,33,,,,,,,,,,,4,,,,,,,,,,,,,,,,,,,2,,,,,,2,,,,,,,,,,11,,,,,,,,,,,,,,,,,,,,,,,,,,,,,,,,,,,,,,,,,,,,,,,,,,,,,,,,,,,,,,,,,54,,,,,,,,,,,,,4,,,,,,,,,,,,,,,,,,,,,3,,,,,,,,,,,,,,,,,,,,,,,,,,,,,,,,3,,,,,,,,1,,,,,,,,,,,,,5,,,,,,,,,,,,,,,,,,,,,,4,,,,,,,,,,,,,,,,,,,,,,,,,,,,,,,,65,,,,,,,,15,,,,,,,,,,,,,,,,28,,,,,,,,58,,,,,,,,,,,,,6,,,,,,,,
2025-09-02T03:00:00Z,,,,,,,,58,,,,,,,,,,,12,,,,,,,,,,,,,,,,,,,5,,,,,,2,,,,,,,,,,17,,,,,,,,,,,,,,,,,,,,,,,,,,,,,,,,,,,,,,,,,,,,,,,,,,,,,,,,,,,,,,,,,48,,,,,,,,,,,,,,,,,,,,,,,,,,,,,,,,,,4,,,,,,8,,,,,,,,,,,,,,,,,,,,,,,,,,,,,,,,,,1,,,,,,,,,,,,1,4,,,,,,,,,,,,,,,,,11,,,,,7,,,,,,,,,,,,,,,,,,,,,,,,,,,,,,,,129,,,,,,,,10,,,,,,,,,,,,,,,,34,,,,,,,,39,,,,,,,,,,,,,3,,,,,,,,
2025-09-02T04:00:00Z,,,,,,,,45,,,,,,,,,,,,,,,,,,,,,,,,,,,,,,6,,,,,,,,,,1,,,,,4,16,4,,6,,,,,,,,,,,,,,,,23,,15,,,,,,,,,,,,,,,,,,,,,,,,2,,,,,,,,,,,,,,,,,,,,42,,,,,,,,,,,,,,,,,,,,,,,,,,,,,,,,,,4,,,,,,,,,,,,,,,,,,,,,,,,,,,,,,,,,,,,,,,,1,,,,,,,,,,,,1,3,,,,,,4,,,,,0,,,,5,,26,,,,,8,,,,,,,,,,,,,,,,,,,,,,,,,,,,,,,,126,,,,,,,,8,,,6,,,,,,,,,,,,,47,,,,,,,,46,,,,,,,,31,,,,,,5,,,,,,,
2025-09-02T05:00:00Z,,,,,,254,,41,,,,,,,,,,,,,,,,,,,,,,,,,,,,,,4,,,,,1,,,,,,,,,,10,17,4,,6,,,,,,,,,,,,,,,,22,,7,,,,,,,,,,,,,,,,,,15,,,,,,,,,,,,,,,,,,,,,,,,,,,,,,,,,,,,,,,,,,,,,,,,,,,,,,,,,,,,4,,,,,,,,,,,,,,,,,,,,,,,,,,,,,,,,,,,,,,,,1,,,,,,,,,,,,,3,,,,,,2,,,,,,,,,,,25,,,,,9,,,,,,,,,,7,,,,,,,,,,,,,,,,,,,,,,115,,,,,,,,,,,6,,,,,,,,,,125,,,69,,,,,,,,42,,,,,,,,150,,,,8,,6,,,,,,,
2025-09-02T06:00:00Z,,,,,,528,,25,,,,,,7,,,,,,,,,,,,,,,,,,,,,,,,7,,,,,3,,,,,,,,,,10,,6,,7,,,,,,,,6,,,,,,,,28,,15,,,,,,,,,,1,,,,,,,,22,,,,,,,45,,,,,,,,,,,,,,,,,,,,,,,,,,,,,,,,,,,,,,,,,,7,,,,,,,,,,,4,,,,,,,,,,,,,,,,,,,,,,,,,,,,,,,,,,8,,,,,,,,,,,,,,,,,,,4,,,,,,3,,,,,,,,,,,27,,,,,11,,,,,,,,,,5,,,,,,,,,,,,,,,,,,,,,,59,,,,,,,,,9,,7,,,,,,,,,,248,,,44,,,,,2,,,44,,,,,,,,143,,,,,,7,,0,,,,,
2025-09-02T07:00:00Z,,,,,,557,,,,,,,,9,,,,,,,,,,,,,,10,,,,,,,,,,6,14,6,,,,,,,,,,,,,11,,5,,,,,,,,,,8,,,,,,,,26,,27,,,,,,,,,,,,,,,,,,19,,,,,,,65,,,,,,,,,,,,,,,,,,,,,,,,,,,,,,,,,,,,,,,2,,,6,,,,,,,,,,,3,,,,,,,,,,,,,,,,,,,,,,,,,,,,,,,,,,7,,,,,,,,,,,,,,,,,,,10,,,,,,2,,,,,,,,,,,25,,,,,7,,,,,,,,,,6,,,,,,,,,,,,4,,,,,,,,,,47,,,,,,2,,,8,,7,,,,,,,,,,275,,,,,,,,3,,,51,,,,,,,,136,,,,,,7,,,,,,,
2025-09-02T08:00:00Z,,,,,,562,,,,,,,,13,,,,,,,,,,,,,,9,,,,,,9,,,1,5,14,6,,,,,,,,,,,,,10,,5,,,,,,,,,,10,,11,,,,,,29,,16,,,,1310,,,,,,,,,,,,,8,16,,,,,,,63,,,,,,,,,,,,,,,,,,,,,,,,,,,,,,,,,,,,,,,3,,,8,,,,,,,,,,,3,,,,37,,,,,,,,,,,,,,,,,,,,,,,,,,,,,,8,,,,,,,,,,,,,,,,,,,8,,,,,,,,,,,,,,,,,,,,,,,,,,,5,,,,,5,,2,,,,41,,,,,,,,,,,,,,,,,,,,,,3,,,11,,5,,,,,,,,,,241,,,,16,,,,,,,46,,,,,,,,125,,,,,,8,,,,,9,,
2025-09-02T09:00:00Z,,180,,,,,,15,,13778,,,,9,,,,,,,,,212,,,,,,,,,,,6,278,,2,,14,6,,,,,,,,,,,,,8,,6,,,,,,,,4,,6,,313,,,,,,205,,9,,,,2533,,,,,,,,,,,,,7,15,,,,,,,39,329,,,208,,,,,,,,,6,,,,,,,,,,,,,,,,,,,,,,,,,,4,,,12,,,,,,,,,,,3,,,,266,,,,,,,,,,,,226,,,,,,,,,,,,,,,,,,3,,,,,,,,,,,,,,,,,,,9,,8,,,,,,,,,,,,,,,,,6,,,,2,,,,4,,,,,5,,2,,,,221,,,,,,,,,,,,,,,,,,3,,,,2,,,,,7,,,,,,,,,,425,9,,,12,,,,,,,39,,,,,,,,,,,,,,9,,,,,10,,
2025-09-02T10:00:00Z,,230,,,,,,14,,23336,,,,14,,,,,,,,,285,,,,,,,,,,,8,386,,2,,22,5,,,,,,,,,,,,,,9,3,,,,,,,5,3,9,,,428,,,,,,275,,12,,,,3319,,,,,,,,,,,,,7,,,,,,,2,,547,,,287,,,,,,,,,12,,,,,,,,,,,,,,,,,3,,,,,,,,,,,,,,,,,,,,,,,4,,,,333,,,,,,,,,,,,348,,,,,5,,,,,,,,,,,,,4,,,,,,,,,,,,,,,,,,,9,,9,,,,,,,,,,,,,,,,8,9,,,,,,,5,8,,,,4,,,2,,,,283,,,,,,,,,,,,,,,,,,2,4,,,,,,,,,,,,,,,,,9,508,11,,,16,,,,,,,15,,,,,,,,,,,,,,12,,,,,,,
2025-09-02T11:00:00Z,,233,,,,,,14,,27398,,,,13,,,,,,,,,293,,,,,,,,,,,9,404,,3,,21,6,,,,,,,,,,3,,,,22,4,,,,,,,5,4,7,,,441,,,,,,283,,18,,,5,3424,,,,,,,1,,,,,,6,,,,,,,3,,561,,,278,,,,,,,,,12,,,,,12,,,,,,,,8,,,,7,,,,,,,,,,,,10,,,5,,,,,4,,,3,,,,339,2,,,,,,,,,,,338,,,5,,3,,,,,,,,,,,,,6,,,,,,,,0,,,,,,3,,,,,11,,9,,,,,,,,,,,,,,,,10,9,,,7,,,,7,7,,,,5,,,,,,,295,,,,,,,,,10,,,,,,,,12,2,4,,,,,,,,,,,,,,,,,13,523,10,,,11,,,,,,2,13,,,,,,,,,,,,6,,11,,,,,,,
2025-09-02T12:00:00Z,,178,,,,,,,,,,,,11,,,,6,,,,,203,,,6,,,,,40,,,20,268,,,,,,,,,,,,,,,3,,,,27,3,,,,,,,8,4,,,,201,,,,7,,,,,,19,6,3480,,,,,,,2,,,,,,8,,,,,,,,,309,,,165,,,,,,,,,12,,,,,20,,,,,,,,5,,,,,,,,,,,,,,,,13,,,8,2,,,,4,,,3,,,,141,2,,,,,,5,,,,,,,,6,,,,,,6,,,,,,,2,,3,,,,,,,,,,,,,,,,,,,9,,,,,,,,,,,,,,,,,,13,,,,5,,,,8,7,,,,6,,,0,,,,136,,,,,,,,,9,,,9,,,,,16,2,4,,,,,,,,,,,,,,,,,16,,11,,,,20,,,,,8,13,,,,,,,,,,,,10,,12,,,,,,1,
2025-09-02T13:00:00Z,,134,,,,,,,,,4,,,,,,,3,,,,,178,,,5,,,,4,46,,,13,218,,,,,,,,,,,,,,,2,,5,,24,3,,,,,41,,7,,,,,108,,,,6,,,,,,25,5,3973,,,,,4,,1,,,,,,8,,,,,,,,,223,,,127,,,,,,,,,14,,,,,11,,,,,,,,12,,,,,,,,,,,,,2,,,10,,,9,,,,,4,,,3,3,,,84,,,,,,6,4,1,,,4,,,,9,,,,,,6,,,,,,,3,0,,,,,,,,,,,,,,,,,6,,,10,,,,,,,,,,,,,,,,,,12,,,,9,,,,8,11,,,,7,7,54,1,,,,82,,,29,,,,,,10,,,9,,,,,,2,,,,,,,,,,,16,,,,,,,21,,11,,,,52,,,,,7,10,,,4,,,,4,,,,,12,,11,,,,,,2,
2025-09-02T14:00:00Z,,43,,,6,,,,,,6,,,,,,,,,,,,72,,,4,,,,3,42,,,10,106,,,,,,,,,,,,,,,,,3,,21,4,,,,,59,,8,,,,,82,,,,7,6,,,,,22,4,4262,,17,,,5,,4,,,,,,7,,,,,,,,,192,,,111,,,,,,,,,17,,,,,16,,,,,,,,13,,,,,,,,,,,,,1,,2,9,,,7,,,,,4,,,2,5,,,64,,,,,,7,6,3,,,10,,1,,9,,,,,,7,,,,,,,,10,,,,,2,,,,,,,,,,,,5,,,10,,,,,,0,,,,,,,,,,,,11,,,,7,,,,8,9,,,,5,,79,3,,,,78,,,27,0,,,,,13,,,8,,,,,,1,,,,,,,,,,,38,,,,29,,,22,,11,,,,53,,,,,,10,,,4,,,,7,,,,,10,,,,,,,,1,
2025-09-02T15:00:00Z,,23,,,4,,,,,,7,,,,,,,,,,,,38,,,8,,,,,,,,11,98,,,,,,,,,,,,,,,,,6,,14,4,,,,,60,,,,,,,61,9,,,6,12,,,,,18,,3991,20,18,,,4,,3,,,,,,9,,,,,,,,,176,,,113,,,,,,,,,17,,,,,14,,,,,,,,13,,,,,,,,,,,,,1,,4,,,,12,,,,,,,,2,4,,,44,,,,,,,5,,,,,,6,,,,,,,,4,,,,,5,,,14,,,,,2,,1,,,,,,,,,,4,,,13,,,,,,2,,,,,,,,,,,,11,,,,,,,,,7,,,,6,5,78,1,,,,59,,,23,,,,,,,,,7,,,,,,,,,,,,,,,,,47,,,10,29,,,21,,9,,,,60,,,,,,10,,,3,,,,7,,,,,9,,,,,,,,,
2025-09-02T16:00:00Z,,,,,4,,,,,,3,8,,,,,,,,,,,,,,3,,,,,,,,16,85,,,,,,,,,,,,,,,,,5,,14,4,,,,,50,,,,,,,,12,,,,10,,,,,16,,2970,29,14,,,5,,2,,,,,,9,,,,,,,,,135,,,98,,,,,,,,1,,,,,,,,,,,,,,10,,,,,2,,,,,,,,1,,,,,,12,,,,,,,,,,,,43,,,,,,,,,,,,,,,,,,,,,,,,,,11,,,11,,21,,,5,,1,,,,,,,,,,4,,,12,,,,,,3,,,,17,,,,,,,,10,,,,,,,,,8,,,,7,7,55,1,,,,,,,17,,,,,,,,,,,,,,,,,,,,,4,,,,,35,,,7,24,,,,,8,,,,81,,,,,,9,,,3,,,,6,,,,,7,,,,,,,,,
2025-09-02T17:00:00Z,,10,,,4,,,,,,4,12,,,,,,,,,,,,,,,,,,,,,,15,100,,,,,,,,,,,,,,,,,6,,13,,,,,,72,,,,,,,,,,,,15,,,,,14,,,34,15,,,,,,,,,,,8,,,,,,4,,,164,,,174,,,,,,,,1,,,,,,,,,,,,,,10,,,,,,,,,,,,,1,,,,,,12,,,,,,,,,,,,38,,,,,,,,,,,,,,,,,,,,,,,,,,8,,,8,,24,,,6,,1,,,,,,,,,,5,,,13,,,,,,3,,,,24,,,,,,,,10,,,,,,,,,10,,,,,,,,,,,,,,20,,,,,,,,,,,,,,,,,,,,,7,,,,,34,,,7,25,,,,,,,,,91,,,,,,9,,,3,,,,7,,,,,7,,,,,,,,,
2025-09-02T18:00:00Z,,13,,,,,,,,,,13,,,,,,,,,,,,,,,,,,,,,,12,,,,,,,,,,,,,,,,,,6,,11,,,,,,,,,,,,,,,,,,13,,,,,11,,,27,18,,,,,,,,,,,,,,,,,,,,,,,156,,,,,,,,1,,,,,,,,,,,,,,,,,,,,,,,,,,,,,,,,,10,,,,,,,,,,,,,,,,,,,,,,,,,,,,,,,,,,,,,,10,,,,,20,,,5,,1,,,4,,,,,,,4,,,8,,,,,,,,,,22,,,,,,,,,,,,,,,,,8,,,,,,,,,,,,,,,,,,,,,,,,,,,,,,,,,,,9,,,,,46,,,,,,,,,,,,,92,,,,,,8,,,,,,,,,,,,,,,,,,,,,
2025-09-02T19:00:00Z,,11,,,,,,,,,,,,,,,,,,,,,,,,,,,,,,,,15,,,,,,,,,,,,,,,,,,8,,12,,,,,,,,,,,,,,,,,,,,,,,,,,,19,,,,,,,,,,,,,,,,,,,,,,,145,,,,,,,,1,,,,,,,,,,,,,,,,,,,,,,,,,,,,,,,,,13,,,,,,,,,,,,,,,,,,,,,,,,,,,,,,,,,,,,,,,,,,,25,,,,,1,,,6,,,,,,,7,,,9,,,,,,,,,,,,,,,,,,,,,,,,,,,,,,,,,,,,,,,,,,,,,,,,,,,,,,,,,,,,,,9,,,,,,,,,,,,,,,,,,78,,,,,,7,,,,,,,,,,,,,,,,,,,,,
2025-09-02T20:00:00Z,,10,,,,,,,,,,,,,,,,,,,,,,,,,,,,,,,,,,,,,,,,,,,,,,,,,,8,,13,,,,,,,,,,,,,,,,,,,,,,,,,,,16,,,,,,,,,,,,,,,,,,,,,,,,,,,,,,,,,,,,,,,,,,,,,,,,,,,,,,,,,,,,,,,,15,,,,,,,,2,,,,,,,,,,,,,,,,,,,,,,,,,,,,,,,,,,,25,,,,,1,,,5,,,,,,,6,,,7,,,,,,,,,,,,,,,,,,,,,,4,,,,,,,,,,,,,,,,,,,,,3,,,,,,,,,,,,,,,,,,,10,,,,,,,,,,,,,,,,,,,,,,,,9,,,,,,,,,,,,,,,,,,,,,
2025-09-02T21:00:00Z,,8,,,,,,,,,,,,,,,,,,,,,,,,,,,,,,,,,,,,,,,,,,,,,,,,,,8,,16,,,,,,,,,,,,,,,,,,,,,,,,,,,,,,,,,,,,,,,,,,,,,,,,,,,,,,,,,,,,,,,,,,,,,,,,,,,,,,,,,,,,,,,,,,,,,,,,,,,2,,,,,,,,,,,,,,,,,,,,,,,,,,,,,,,,,,,18,,,,,1,,,6,,,,,,,,,,5,,,,,,,,,,,,,,,,,,,,,,5,,,,,,,,,,,,,,,,,,,,,3,,,,,,,,,,,,,,,,,,,12,,,,,,,,,,,,,,,,,,,,,,,,10,,,,,,,,,,,,,,,,,,,,,
2025-09-02T22:00:00Z,,8,,,,,,,,,,,,,,,,,,,,,,,,,,,,,,,,,,,,7,,,,,,,,,,,,,,,,12,,,,,,,,,,,,,,,,,,,,,,,,,,,,,,,,,,,,,,,,,,,,,,,,,,,,,,,,,,,,,,,,,,,,,,,,,,,,,,,,,,,,,,,,,,,,,,,,,,,4,,,,,,,,,,,,,,,,,,,,,,,,,,,,,,,,,,,17,,,,,,,,,,,,,,,,,,5,,,,,,,,,,,,,,,,,,,,,,8,,,,,,,,,,,,,,,,,,,,,,,,,,,,,,,,,,,,,,,,20,,,,,,,,,,,,,,,,,,,,,,,,12,,,,,,,,,,,,,,,,,,,,,
2025-09-02T23:00:00Z,,8,,,,,,,,,,,,,,,,,,,,,,,,,,,,,,,,,,,,7,,,,,,,,,,,,,,,,9,,,,,,,,,,,,,,,,,,,,,,,,,,,,,,,,,,,,,,,,,,,,,,,,,,,,,,,,,,,,,,,,,,,,,,,,,,,,,,,,,,,,,,,,,,,,,,,,,,,3,,,,,,,,,,,,,,,,,,,,,,,,,,,5,,,,,,,,20,,,,,,,,,,,,,,,,,,5,,,,,,,,,,,,,,,,,,,,,,8,,,,,,,,,,,,,,,,,,,,,,,,,,,,,,,,,,,,,,,,15,,,,,,,,,,,,,,,,,,,,,,,,30,,,,,,,,,,,,,,,,,,,,,
2025-09-03T01:00:00Z,,5,,,,,,32,,,,,,,,,,,,8,,,,,,,,,,,,,,,,,,,,,,,,,,,,,,,,,,12,,,,,,,,,,,,,,,,,,,,,,6,,,,,,,,,,,,,,,,,,,,,,,,,,,,,,,,,,,,,,,,,,,35,,,,,,,,,,,,,2,,,,,,,,,,,,,7,,,,11,,,,3,,,,,,,,,,,,,,,,,,,,,,,,,,,,,,,,,,,,,,,,,,,,,,,,,,,,,3,,,,,,,,,,,,,,,,,9,,,,,10,,,,,,,,,,,,,,,,,,,,,,,,,,,,,,,,86,,,,,,,,11,,,,,,,,,,,,,,,,29,,,,,,,,37,,,,,,,,,,,,,,,,,,,,,
2025-09-03T02:00:00Z,,7,,,,,,40,,,,,,,,,,,,,,,,,,,,,,,,,,,,,,,,,,,,,,,,,,,,,,12,,,,,,,,,,,,,,,,3,,,,,21,8,,,,,,,,,,,,,,,,,,,,,,,,,,3,,,,,,,,,,,,,,,,,33,,,,,,,,,,4,,,5,,,,,,,,,,,,,8,,,,10,,,,8,,,,,,8,,,,,,,,,,,,,,,,,,,,,,,,,,3,,,,,,,,,,,,,,,,,,,,,3,,,,,,,,,,,,,,,,,28,,,,,8,,,,,,,,,,,,,,,,,,,,,,,,,,,,,,,,129,,,,,,,,10,,,,,,,,,,,,,,,,43,,,,,,,,30,,,,,,,,92,,,,,,,,,,,,,
2025-09-03T03:00:00Z,,5,,,,,,29,,,,,,,,,,,,,,,,,,,,,,,,,,,,,,,,,,,,,,,,,,,,,,14,,,,,,,,,,,,,,,,4,,,,,17,13,,,,,,,,,,,,,,,,,,,,,,,,,,4,,,,,,,,,,,,,,,,,29,,,,,,,,,,13,,,5,,,,,,,,,,,,,5,,,,9,,,,8,,,,,,7,,,,,,,,,,,,,,,,,,,,,,,,,,,,,,,,,,,,,,,,,,,,,,,3,,,,,,,,,,,,,,,,,22,,,,,9,,,,,,,,,,,,,,,,,,,,,,,,,,,,,,,,120,,,,,,,,11,,,,,,,,,,,,,,,,44,,,,,,,,35,,,,,,,,152,,,,,,,,,,,,,
2025-09-03T04:00:00Z,,5,,,,,,28,,,,,,6,,,,,,,,,,,,,,,,,,,,,,,,,,,,,,,,,,,,,,,11,16,,,4,,,,,,,,,,,,,4,,,,,12,,,,,,,,,,,,,,,,,,,,,,,,,,,7,,,,,,,,,,,,,,,,,30,,,,,,,,,,12,,,,,,,,,,,,,,,,9,,,,10,,,,3,,,,,,7,,,,,,,,,,,,,,,,,,,,,,,,,,,,,,,,,,,,,,,,,,,,,,,4,,,,,,,,,,,,,,,,,31,,,,,,,,,,,,,,,,,,,,,,,,,,,,,,,,,,,,,123,,,,,,,,8,,,1,,,,,,,,,,,,,41,,,,,,,,64,,,,,,,,243,,,,,,,,,,,,,
2025-09-03T05:00:00Z,,5,,,,,,25,,,,,,9,,,,,,,,,,,,,,,,,,,,,,,,,,,,,,,,,,,,,,,10,15,,,5,13,,,,,,,,,,,,3,,,32,,16,,,,,,,,,2,2,,,,,,,,5,,,,,,,,,4,,,,,,,,,,,,,,,,,,,,,,,,,,,13,,,,,,,,,,,,,,,,,,,,12,,,,3,,,,,,,,,,,,,,,,,,,,,,,,,,,,,,,,,,5,,,,,,,,,,,,,,,,,,,3,,3,,,,2,,,,,,,,,,,27,,,,,,,,,,,,,,,,,,,,,,,,,,,,,,,,,,,,,125,,,,,,,,,,,6,,,,,,,,,,103,,,50,,,,,,,,41,,,,,,,,260,,,,,,5,,,,,,,
2025-09-03T06:00:00Z,,4,,,,,,26,,,,,,12,,,,,,,,,,,,,,,,,,,,,,,,,,,,,,,,,,,,,,,12,11,,,8,16,,,,,,,9,,,,,,,,36,,14,,,,,,,,,,,,,,,,,,11,,,,,,,,,3,,,,,,,,,,,,,,,,,,,,,,,,,,,13,,,,,,,,,,0,,,7,,,,,,,,,,,3,,,,,,,,,,,,,,,,,,,,,,,,,,,,,,,,,,5,,,,,,1,,,,,,,,,,,,1,7,,6,,,,2,,,,,,,,,,,33,,,,,,,,,,,,,,,,,,,,,,3,,,,,,,,5,,,,,,,95,,,,,,,,,,,4,,,,,,,6,,,273,,,47,,,,,7,,,32,,,,,,,,,,,,,,9,,3,,,,,
2025-09-03T07:00:00Z,,7,,,,,,25,,,,,,8,,,,,,,,,,,,,,,,,,,,,,,,,,,,,,,,,,,,,,,,15,,,,16,,,,,,,6,,,,,,,,43,,16,,,,,,,,,,,,,,,,,,17,,,,,,,,,3,,,,,,,,,,,,,,,,,,,,,,,,,,,,,,,,,,,,,3,,,14,,,,,,,,,,,2,,,,,,,,,,,,,,,,,,,,,,,,,,,,,,,,,,8,,,,,,1,,,,,,,,,,,,2,9,,,,,,3,,,,,,,,,,,29,,,,,,,,,,,,,,,2,,,,,,,1,,,,,,,,8,,,,,,,,,,,,,,,,,,4,,,,,,,6,,,304,,,47,,,,,3,,,42,,,,,,,,,,,,5,,8,,2,,,,,
2025-09-03T08:00:00Z,,9,,,,378,,,,,,,,7,,,,,,,,,,,,,,,,,,,,,,,,,,,,,,,,,,,,,,,,19,,,,15,,,,,,,7,,,,,,,,52,,,,,,764,,,,,,,,,,,,,5,14,,,,,,,,,2,,30,26,,,,,,,,,,,,,,,,,,,,,,,,,,,,,,,,,,5,,,15,,,,,,,,,,,3,,,,,,,,,,,,,,,,,,,,,,,,,,,,,,,,,,9,,,,,,,,,,,,,,,,,,,12,,,,,,2,,,,,,,,,,,,,6,,,12,,,,,,,,,,,,,,,,35,4,,,,,,,,,,,,,,,,,,,3,,3,,,,,4,,,,,,,5,,,225,,,,8,,3,,,,,43,,,,,,,,,,,,7,,11,,,,,5,,
2025-09-03T09:00:00Z,,142,,,,769,,,,13950,,,,11,,,,,,,,,159,,,,,,,,,,,,224,,,,,,,,,,,,,,,,,,,16,,,,19,,,,,4,,4,,221,,,,,,154,,,,,,2214,,,,,,,,,,,,,10,,,,,,4,,195,286,3,,223,161,,7,,,,,,,,,,,,,,,,,,,,,,,,,,,,,,,2,2,,,15,,,,,,,,,,,4,,,,232,,,,,,,,,,,,179,,,,,,,,,,,,,,,,,,10,,,,,,,,,,,,,,,,,,,11,,,,,,2,,,,,,,,,,,,,10,,,3,,,,,,,,16,,,,,,,,209,3,,,,,,,,,,,,,,,,,2,,6,,4,,,10,,,,,,,,,6,,,425,,,,9,,3,,,,,,,,,,,,,,,,,11,,11,,,,,9,,
2025-09-03T10:00:00Z,,191,,,,884,,,,22915,,,,12,,,,,7,,,,214,,,,,9,,,,,,4,312,,2,,,,,,,,,,,,,,,,,20,,,,19,,,,,3,,5,,314,,,,,,209,,6,,,,2852,,,,,,,,,,,,,6,12,,,,,7,,237,437,4,,250,205,,,,,,,,8,,,,,,,,,,,,,4,,,,,,,,,,,2,,,,,,,,,,,,,,,,4,,,,291,,,,,,,,,,,,230,,,,,,,,8,,,,,,,,,,9,,,,,,,,,,,21,10,,,,,,,12,,,,,,,,,,,,,,,,,,9,10,,,7,,,,5,4,,,14,,,,,,,,255,1,,,,,,,,,,,,,,,,,2,,11,,5,18,,13,,,,,,,,,6,,9,468,,,,6,,5,,,,,,,,,,,,,,,,,7,,9,,,,,,,
2025-09-03T11:00:00Z,,180,,,,644,,,,,,7,,,,,,,6,,,,211,,,,,8,,,,,,8,273,,5,,,,,,,,,,,,,,,,,21,,,,25,,,,,5,3,,,209,,,,4,,,,15,,,6,3038,,,,,,,,,,,,,7,12,2,,,,11,2,213,306,3,,169,172,,,,,,,,12,,,,,12,,,,,,,,10,,,,,,,,,,,3,,,,,8,,,,,,,,3,,,4,,,,148,2,,,,,,0,,,,,127,,,5,,,,,14,,,,,,,,,,,,,,,,,,,,,34,10,,7,,,,,10,,,2,,,,,,,,8,,,,,,,15,,,,8,,,,5,6,,,12,8,,,,,,6,139,1,,,,,,,,,,,3,,,,,,2,,8,,4,20,,19,,,,,,8,,,,,13,282,,,,10,43,,3,,,,,5,,,,,,,,,,,13,,9,,,,,,,
2025-09-03T12:00:00Z,,52,,,,389,,,,,,7,,,,,,2,,,,,97,,,6,,,,,,,6,10,,,4,,,,,,,,,,,,15,,,,,29,3,,,32,,24,,,4,,,,83,,,,6,,,,14,,,5,3924,,,,,,,,,,,,22,7,,4,21,,,9,2,81,201,,,107,54,,,,1,,,,11,,,,,18,,,,,,34,,9,,,,,,,,,,,4,,,,,12,,47,,,,,,,,,4,,,,74,2,,,,,,6,,,,,81,,,7,,,2,,10,3,,,,,,,,,,19,,,,,,,,,,39,13,15,,1,,,,11,,,2,,,,,,,,15,,,,,,,13,,,,,,,,4,7,,,,7,8,53,,,,9,41,1,,,,,,,,,,,8,9,,,,21,2,,,,,23,,,,,,18,,16,,,,,16,,,,,,56,,3,,,5,,8,,,,,,4,,,,,8,,,,,,,,2,
2025-09-03T13:00:00Z,,30,,,,310,,,,,,5,,,3,,,4,,,,,85,,,3,,,,,,,27,9,,,3,,,,,,,,,,,,15,,,,,29,,,,28,,25,,,5,,,,64,,,,7,,,,,,13,8,2531,34,,,,,,,,,,,21,10,,2,29,,,8,,72,226,,,112,38,,10,,,,,,14,,,,,19,,,,,,,,11,,4,,,,,,,,,3,,2,,,11,,67,16,,,,,,,,4,,,,55,2,,,,,,5,,,,,90,,,8,,,,,13,3,,,,,,,,,,35,,,,,,,,,,,11,21,,1,,,5,11,,,2,,,,,,,,13,,,,,,,16,,,,,,,,6,8,,,,5,7,72,,,,11,31,3,,35,,,,,,,,,8,17,,,,24,2,,,,,27,,,,,,26,,19,,6,,,15,,,,,,60,,,,,7,,,,,,,,4,,,,,12,,,,,,,,1,
2025-09-03T14:00:00Z,,25,,,,262,,,,,,,,,4,,,6,,,,,91,,,7,,,,,,,39,8,,,,,,,,,,,,,,,14,,,,,24,,,,19,,24,,,6,,,,54,8,,,,4,,,,,22,7,2185,35,14,,,,,,,,,,21,9,,,36,,,9,,65,188,,,125,28,,,,,,,,11,,,,,20,,,,,,,,11,2,5,,,,,,,,,4,,2,,2,12,,78,13,,,,,,,,4,,,,,3,,,,,,4,,,,,92,,,,,,,,9,4,2,,,,,,,,,30,,,2,,,,,,,,11,19,,1,,,,12,,,,,,,,,,,13,,,,,,,15,,,,,,,,5,6,,,10,,6,99,,,,11,,,,38,,,,,,,,,9,22,,,,,2,,,,,32,,,,,,33,,,,22,,,12,,,,,,,,,,,6,,,,,,,,8,,,2,,,,,,,,,,,
2025-09-03T15:00:00Z,,22,,,,209,,,4,,5,,,,4,,,3,,,,,100,,,4,,,,,,,34,14,,,,,,,,,,,,,,,13,,,,,21,,,,19,,25,,,,,,,46,,,,,9,,,,,21,,1828,30,17,,,,,,,,,,21,9,,,30,,,10,,48,143,,,151,33,,,,,,,,13,,,,,,,,,,,,,10,2,4,,,,,,,,,,,1,,,7,,,14,,,,,,,,4,,,,,2,,,,,,5,,,,,,4,,,,,,3,5,3,3,,,,2,,,8,,31,,,6,,,,,,,,,17,,1,,,,10,,,,,,,,,,,8,,,,,,,11,,,,,,,,,5,,,,,4,86,,,,11,,,,40,,,,,,,,,,,,,,,,,,,,23,,,,,,48,,,,23,,,15,,,,,,,,,,,,,,,,,,,8,,,6,,,,,,,,,,,
2025-09-03T16:00:00Z,,,,,,150,,,3,,4,,,,3,,,,,,,,91,,,,,,,,,,33,14,,,,,,,,,,,,,2,,,,,,,17,,,,20,,25,,,,,,,71,,,,,13,,,,,14,,1370,26,15,,,5,,,,,,,21,7,,,43,,,8,,56,122,,,130,,,,,,,,,14,,,,,,,,,,,,,9,,,,,,,,,,,,,2,,,11,,,14,,,,,,,,3,,,,,,,,,,,,,,,,,4,,,,,,1,,,,,,,13,,,7,,29,,,8,,,,,4,,,,14,,2,,,,8,,,,,,,,,,,6,,,,,,,,,,,,,,,,6,,,,,2,83,,,,,,,,19,,,,,,,,,,,,,,,,,,,,18,,,,,,51,,,,23,,,15,,,,,,,,,,,,,,,,,,,,,6,8,,,,,,,,,,,
2025-09-03T17:00:00Z,,,,,,129,,,5,,3,,,,4,,,,,,,,,,,,,,,,,,36,12,,,,,,,,,,,,,,,,,,,,18,,,,16,,24,,,,,,,50,,,,,12,,,,,17,,1119,24,17,,,8,,,,,,,,,,,33,,,8,,40,114,,,130,,,,,,,,1,10,,,,,,,,,,,,,11,,,,,,,,,,,,,3,,,28,,,27,,,,,,,,3,,,,,,,,,,,,,,,,,,,,,,,,,,,,,,12,,,10,,26,,,9,,,,,,,,,,,,,,,9,,,,,,,,,,,6,,,,,,,,,,,,,,,,,,,,,,,,,,,,,,21,,,,,,,,,,,,,,,,,,,,17,,,,,,36,,,,22,,,,,,,,,,,,,,,,,,,,,,,,9,6,,,,,,,,,,,
