captured_hour,01년생여친구함,0영그린,0영듀0,1Chon,1vsAll,42곰탕,43rlf15,AliceMariA,Cure,Dayul 다율,EWC 공식 채널C,EasyBabi,Gimlet MD,HeavyRainy,KCW 케씨떱,LCK,LCK CL,NaDa이윤열,Okunooda,OwSp1nt,PUBG 배틀그라운드,RED레드,RIOORI 리우리,Romatic,R로제타,R리노아,SA스페셜,SBS 골프 KLPGA,SBS 골프 KPGA,SBS 웬그막,SBS 패밀리가 떴다,Sley,TOP 음악노래가요,TOP음악 발라드 가요,The Deft,TheReal도타2,VG신선한망치,X보이,catseye 캐츠아이,hyosung,immortalk,kitty365manwoon,qp2,wednesday1,ㅎㄹㄹㅎㄹㄹ,가끔들어옴,가을노을,가이스트 Geist,감 규 리,감군장입니다,감쏘야,감제이님,갓냥이 GodNeko,갓단미,강건2,강다림,강단해,강선종,강소소,강소연,강요미,강지,강지형,강퀴88,개리형 garybro,개복어,갱맘 GBM,갱스터햄스타,갱이와,갱쥰,거믄전사,거침없이 하이킥,거터,건우 유튜브,건전키코,게이머비누Gamerbinu,겜비 게임하는도비,겜탕,견 디,계춘회,고뇨,고다요,고솔아,고수달,고순해,고스트 Ghost,고양이설이,고으리,고차비,골프존 GTOUR,곰캐,곰학,공설,과로사1,관종대왕,광말구짱,괴물와린이,괴물쥐,괴양이,구라티비,구차뉴,군림보,귀마개,귤임,그 녀석은 가짜에요,근모닝,금결초,금쿤,금휘,기션,김 마재,김귀태,김길현,김나성,김니디,김다올,김달걀,김덕만 KDM,김도의 뇌절 취미방송,김디삼,김똘복,김뚜띠,김렝지,김배마,김복순0,김붕붕,김뿡,김상덕,김상드,김새복,김앵고,김온핑,김정민 해변킴,김주선,김츠유,김통수,김편집,김피엔,김하린,김하선,김해사는그남자,김호러,김힐유,까막 KKAMAK,깜장고앵이,깡재성,꼴랑이,꽁 아,꽁 주,꽁스행님,꽃분홍,꽃빈,꽃핀,꿀멩이,꿀성준,꿀유자,뀨냥냥,끠월마녀,나 혼자 산다,나나양,나무늘보OW,나팔뿝뿌,나힝구,낚시왕 누나다,난귝,난지 NANJY,날카로운 도적 선바,낡은창고 oldstore,남궁혁,남봉,냐 미 Nyami,냐루비카페,냐모이,냐오 NYAO,냐코,냥 쮸,네네코 마시로,네무 of HANAVI,네브짱 Nev,네클릿,넬쨩,넷마블 공식,노돌노돌리,노랑새k,노련한 성호,녹두로,농심 알비,뇨롱이,눈가루,눈파티입니다,뉴민상 official,느 와 르,느에누리,늦잠,니노 선데이,니니아,니야,다루쥐,다린 Darin,다비 0w0,다주,단군,단앙쥐,단하루 danday,달디단레몬,달은월,달콤레나 씨,달해나,담연 Damyeon,담유이,대도서관11,대용2,대탈출 LIVE,댕균이,더미노스,더지니어스 LIVE,더파이널스,덕 개,덕드래곤,던,던파 데본베일,덤덤보,델로략국,도구상,도그홀,도다람,도도리코 dodorico,도롱챠,도읍지,도이옐,도타 했던 캐리충,도티DOTTY,도파,도해입니다,도화령,독케익,두니주니,두뭉,둥그레,드라마 자이언트,드얌,디디디용,디또띠,디비안트,디아 나,따람지,따효니,땅컹이ㅋ,떵떵유니1,똘똘똘이,띠로기,라꼬미,라디유,라프,란 구,랄로,램램1,러끼,러너,레고77,레니아워 RenieHouR,레밀레기,레바,레보스 Revos,로나 Rona,로라슈,로마러,로보 프로스터,로션욤,로쥬마리,로즈너,로컨 LokeN,록록,론시,롱싸개12,롱이롱,루 다,루나냥,루렝이,루루카 RURUKA,루룽랑라 Rurung,루미널,루비 of HANAVI,루시아Lucia,루코 RUKO,룩삼,룰루몬,류건,류은유,르네0,리노참치,리레볼루션Official,리마파트로나,리에 RIE,리에몬,리지쨩,리츄쨩,린 연,린 화,릴카,림 스,립LIP,마나물약,마레 플로스,마리모O,마뫄,마스카 masca,마욧치,마우쥐,마지나이 쿠로카,마퐁이,만두만만세,만두집 아들,망내,망망이 MangMangE,망쵸,망크빵,매드라이프 MadLife,매드해터,맹숙,먀 리린,먀뮤뮤,머천트,먼치,멀럭킹,멋사,메가재범,메기 간다효,메메s,메타용,멜삐,며며ㅕ,명떡,명아츄,명예훈장,모 아,모라라,모선생,모이 M0I,모좀24,모치즈키 카에데,모카형,못혜영,몽르 공식 채널 2,몽키매직 게임채널,무영 리버프로,무하디,무한도전 LIVE,문뚜야,물총맨2,뮬 MYULEE,므담,므므네 mumune,미 츠,미니멜로,미라이 of HANAVI,미르하 Mirha,미사키 하루,미스정,미츄,미카사 Mikasa,미호밍,민 트 롤,민기곰,민네,민식박,민쟁이,밈줌,밍냐 mingnya,밍슈 Miingshu,바뀐,바나나맛우윰,바둑TV,바베,바뷰뷰,바알트,박도나,박무굴,박병식12,박서림 Seorim,박시러,박홍시1,반님님님님님,반희진,발로란트 코리아,발명,방울눈나,방찌,방토라,배돈,배성재의 텐,배토Baeto,백곰파,백모리,백유진 BAEK YUJIN,밴냥이,뱅,벙라,베 라,별소금 starsalt,복죽이,볼빵소,봄을바라봄,봉킹,뵤 오,부리123,부산MBC 스포츠마니아TV,부아부아게임TV 지코코,부쿠키,분홍바다,불 법 스 님,브이챠,비밀요원 티모,비야무,비행돼지,빅박스,빅헤드,빈세로이,빙하유,빵룽,빵지콩,뽀순티비,쁘 허,삐라입니다,삐부,사과몽,사모장,사와사와,사자왕자,사쿠라모리 체리코,사텐99,산 SAN,살구,삼식,새 담,새싹 Saessack,새옴,샘물남,샘웨,샤 나,샤메이,서겜,서나앙,서넹,서새봄냥 SEBOM,서시아,서애덕,서해이,선데이1,선수탐구,선짱,설백,세 희,세노 SEN5,세란,세리얀,세찬 SECHAN,세코코,센 카르멘,소 에,소니쇼,소우릎,소유연,소풍왔니,손이짧아슬픈로지3,솜 SOM,송진리임,송하랑,수련수련,수잔 헌트,수현1,순당무,순두둥,순이 Sooni,쉐리,슈네1,슈마 Shuma,슈카슈카,슈프리야,슈향,스나랑,스즈 SZ,스테로이드,스티포,스피드소닉,슥균맨,슬이야,승상싱,승우아빠85,시라유키 히나,시라이 쿄카,시미베 SIMIBE,시스터 서애,시이야,신예지,신해조,실프,싸이코드 Official,쌍베,쏘쿠,씨랙,씨름맨,아 라,아구이뽀,아닌겨,아라하시 타비,아로AURO,아로예요,아론페이지,아루다루송송,아르멍,아르세리나,아리사,아무탈,아빠킹,아세비,아야 AYA,아야 AyaUke,아야츠노 유니,아오세이 준,아이작오헌영,아이치,아이코코,아일라 Iyla,아카네 리제,아카두목,아카시아 0,아카캉 Akang,악녀 이예은,악동 김블루,안말이,안케,앙코,애모모,애옹스키임,애타,앨티아,앰비션,앵보,앵츄,야미캣,야켓,야토 Yato,야튀,야화님,얀마크,얄네,얌비얌,얌얌 Yum,얍얍,얏따,양띵,양망두,양메이,양보리,양아지,어스키,어써미,에그밥,에렌디라 erendira,에리스,에임봇님,엘리,엠피스 AMPHIS,여까,여름이0908,연 리,연나비,연두했어요,연비니,연초봄,영르진,영매0,옙히,오단밍,오르 Or,오선의 미국 증시,오유리,오킹TV,오토 레이니,오토노 소리,오토카도 루키,오화요 Ohwayo,옥냥이 RoofTopCAT,옥쓔,옥우,옥희토끼 932,온 하루,온유 ONUU,온하,올환,와박문,와쁠,왈도쿤,요룰레히,요아케노 나나시,용봉탕,우기잉ㅋ,우말,우미네 아코,우사코,우주링,우주하마우주하마,운타라,울프,웁,월드 오브 워크래프트,위버멘쉬 너구리,위즐리어카,윈터클라우드,유기롱,유람 Yuram,유리리,유봄냥,유세라,유아 YooA,유엘 Yuel,유우양,유우찌,유월쨩,유즈하 리코,유키츠네,유토링,유할매,유후의피아노래,유히히,윤 씨,윤가놈,윤설은,윤쪽이0,윤치,율이유리,융이 Yoong E,으음입니다,은뿌,응애단임요,이 너,이 다,이 선,이 아니,이글콥,이도나,이로 클라우드,이로나묭 치카,이루S2,이리온 lrion,이무지,이삼둥,이선생,이섭섭,이아나 VLUP,이운비,이제나나,이즈렌,이차가식기전에,이춘향,이치카 히비,이쿠롬 아니고 이마멜,이큐 EQue,이클리피아,이터널 리턴 공식,이홍빈,인간젤리,인생의쓴맛,인섹,인천피스트,일급천재,일꾼킴,임나은,자동,자몽뀨1,작은새2,잔악무도유관우,잔양,장덕이1,장밥초,장스환,장유이,장지지직,재 희,재슥짱1,재승샷66,쟁구임,전략적죽음,전홀리,정내미,정누리77,정덱,정령왕임,정준관훈,제미니님,제에스트,제이치42,제피zephyr,젤또,조강현 그리고 스틸로,조녜율,조별하,족제비와토끼,존크라운,졸렬,좁쌀LoL,종말맨,주둥이방송,주앙지,주키니TV,주펄 JooPearl,준상2,중년게이머김실장,즐거운 새벽 659985,지누,지니어스매드,지붕 뚫고 하이킥,지새기,지수소녀99,진격캐넌,진수0,진짜 공혁준,진짜뀨,진짜옥선생,짱여니,짱이2,쩡니예,쪼낙,쫀득찹쌀도넛,쫀지,찡스임,차 송,찬우정,참 다 래,채현찌,채호링,철면수심,첫째와둘째,청룡진,청묘,청예솔,체리쉬1,초깨비,초롱 CH0R0NG,초승달,초여린,최케빈님,쵸요링,추봉이 Chub,춘 자,춘몽이,츄씨,츄츄챠,츈츈 ChunChun,츠밍,치과의사 매직박,치지직,치코쟝,친절한달자씨,침착맨,카 알,카게후미,카나타임,카논제이,카라미,카론유니버스,카린,카사딘하는사람1,카오스조커,칸데르니아,캡틴 츄대장,캡틴잭,캬하하 이석현,커두목,커리홍,커여운호빵빵,케인,코요 템페스트,콩 잇,콩 주,쾅준,쿠레나이 나츠키,쿠릉 Kurung,쿠마찡,큐현,크라블 Krabl,크랜,크랭크,크리티컬딜러,크캣,크포,키동이,키리키리꼬키리,킴 냉,킴찌릉,킹설아,킹코도,타 에,타이게타,탑가렌 유경우,태상이,탬탬버린,테리 눈나,토다기,토리 tori,토리센세,토종 아오리,토코Tokomon,통깡이,투별,투투2,투투넘,트롤야1,특한,티뭉,티아나 스이,티알,파카,팔차선8,팟 지,패리입니다,펀즈이누 Funzinnu,페뇨쨩,펠리칸인디용,펭삼,포냐,포셔,포카칩퍼런거,포키쨩,폭풍병아리 N,폰미우,표면이,푸린,푸후,푹찌익,풍월량,프로즈,플러리,플레임,플레임TV,피닉스박,피아노츄는 김츄츄,핑맨,핑크자크,하 세,하 해,하네ㅣHane,하롱이 HaRong E,하루토,하우카우uuu,하이도05,학지운악개,한 유 월,한대근,한동그라미1,한동숙,한량1234,한스토리,한이유 haniyu,함성티비,합랑,해달짱,해마티엘,해블린,핸드맨,햄쮜s,햄콩맘,햄쿠비,햇살살,행돌,행크 Hank,향 아 치,허니츄러스,헤징,헨리유,현성팍,형 독,혜미 ham,혜유안,호라미,호시에 제로,호에얌,호주머니,호진리,홍홍자몽,화 룡,화려함의극치,효 리,후냐냐냥,후니 Huni,휘용,흑영랑,히 요,히렌,히루HIRU,힘민지
2025-08-27T07:00:00Z,,,,,,,,,,,,,,,,1151,,,,,,,,,,,,,,,122,,,,,,,,,,,,,,,,,,,,,,,,,,,,,2310,,,,,,,,,,123,,,,,,249,,,,,,,,,,,,,,,,,,,,171,,,,,,,,,,,,,,,,,150,1974,,,,,797,,,,,,,,,,,,,,331,,,,,,,,,,,,,,1320,,,,,,,,127,,,142,,342,,,,,,,,135,,,,,,182,,,,,,,,,1825,,,,,,3237,,,,,,,542,,,,,,,,122,,,,,,,,208,373,,,,,,,425,,,,,,,,,,,,,,,,,,144,,,,,,,,,,,,,,,,,,,1012,,1879,,356,,,,152,,435,,,,,,,,,,326,,,,,,178,,,,,,,,,,,,,,,,,,,,,,,,,,,364,,,140,,,,,,,,,,,122,,,186,,,,,,,,,,,,,,,,,,,,,1777,,,,,,,,244,,,,,,,,,,120,,117,,,160,,,,,,194,,770,,,,,,,,,186,,918,,,,,,,,138,,,,,,391,,125,,,,,,160,,,,,,,,,411,,,,,,,,,,,,,,,266,,,,,,,,,,,,,,,,,,,,,124,,,,,,,,,,,,,,,,,,,,424,,,,,,,,200,,,115,,,,,,,,,,,,,,,,,,,,,,283,,,,,,,,207,,,,,133,,,,,,412,,,,,,,,,1303,,,,,,,,,,,,1805,,,,,,,,,221,,,,946,,,,,430,,,,,,,,,,,,,,,1171,,141,,,,,,178,123,,,,123,,,,,,,392,,,,,493,,,386,,,,603,,,,,,,,,,,,,,,,,,,181,,,,3714,,,,,,,,,,,,,,,,,,,187,,,,,,,,,,,,,,,,,,,,,,,,,,,,,148,,,1062,,,,,,,3091,,,,,,,,,,,,,,,,,,,,,136,,,,,,122,,,,,,290,,,,134,,,367,,,,,,,,,,,,,,,,,,,,3282,,,,,,,,139,,639,,,325,,,,,,,132,,,,,,,,,,1064,,,,,,226,,,,185,,,,,,,,,,,,,,,,,,,843,,,310,,,,,6958,,362,,,,,,,,,,,,,,,,,,,,,,,,,,943,,,,,,,,642,,,,,,,,,,1695,,,,,,,,165,,,,,,,,,,127,,,,,
2025-08-27T08:00:00Z,,,,,,,,,,,,,,,,14476,,,,,,,,,,,,,,,130,,,,,,119,,,,,,,,,,,,,,,,,,,,,,,2042,,,,10750,,,222,,,,,,,,,,,,,,,,,,,,,,,,,,,,,167,,,,,,,,,,,,,,,,,147,,,,,,2617,113,,,,,,,,,,,,,,,,,,,,,,,,,,,1358,,,,,,,,138,,,131,,1144,,,,,,,,146,,,,,,119,,,,,,,,,1622,,,,,,3435,,,,,,,,,,,,,,,118,,,,,,,,177,332,,,,,,,272,,,380,,,,,,126,,,,,,,,,170,,,,,,,,,,,,,,,,,,,855,,806,,285,,,,,,416,,,,,,,,,,,,,,,,425,,,,,,,,,,,,,,,,,,,,,,,,,,,,,,,,,,,,,,,,,111,,,220,,,,,,,,,,,,,,,,,,,,,1448,,,,,1100,,,225,,,,,,,,,,232,,116,,,164,,,,,,176,,663,,,,,,,,,231,,810,,,,,,,1026,128,136,,,,,318,110,145,,,,,,260,,,,,,,,,310,,,,,,,,,,,,,,,264,,,,,,,,,,,,,,,,,,,,,,,,,,,,,,,,,,,,,,,,,560,,,,,,,,184,,,123,,,,,,,,,,,,,,,,,,,,,,234,,,,,,,,797,,,,,138,,,,,,367,,,,,,,,,1030,,,,,,,,,,,,2377,,,,,,,,,189,,,,1056,,,,,345,,,,,,,137,,,,,,,,,,,,,,,,179,107,,,,,,,,,,,301,1883,45960,,,439,,,,,,,648,170,,,,,,,,,,,,,,,,107,,165,,,,4188,,,,,,,,,,,,,,,,,,,160,,,,,,,,,,,,,,,,,,,,,,,,,257,,,,142,,,773,,,,,,,2430,,,,,,110,,,,,,,,,,,,,,,135,,,,,,136,,,,,,196,,,,365,,,416,,,,,,,,,,,,,,,,,,,,2502,,,,,,,,,,509,,,,,,,,,,,,,,,,,,,,650,,,,,,,,,,,,6478,,,,,,,,,,,,,,,,,601,,,309,,,,,5714,,241,,,,,,,,,,,,,,,,,,,,,,,,,,953,,,,,,,,598,,,,,,,,,,1514,,,,,319,,,,,,,,,,,,,180,,,,,
2025-08-27T09:00:00Z,,,,,,,,,,,,,,,,19155,,,,,,,181,,,,,,,,,,,,,,,,,,,,,,,,,,,,,,,,,,,,,2090,,,171,13515,,,292,,,,,,,,,,,,,764,,,,,,,,,,,,,,,,171,,,,,,,,,,,,,292,,,,159,,,,,,3682,155,,,,,,,,,,,,,,,,,,,,,,,,,,,1596,,,,,,,,160,,,133,,1332,,,,,,,254,150,,,,,,,,,,,,,,,1504,,,,,,5234,,,,,,,,,,,,5201,,,,,,298,,,,,178,225,,,,,,,185,,,479,,,,,,167,,,,,364,,,,140,,,,,,,,,,,,,,,,,,,799,,640,,267,,,,,,366,,,,,,,,,,,133,,,,,783,,,,,,,,,,,,,,,,,,,,,,,,,,,,,,143,,,,,,,278,,,,,286,,,,,,,,,,,,,,,,235,,,,,,,1374,,,,,766,,,192,,,,,,,,,,331,,,,,,,,,,,,,,,,,,,,,,241,,956,,,,,,,1236,,135,,,,,343,,168,,,,,,572,,,,,,,266,,,,,,,,,,,,,,,,,271,,,,,,,,,,,,,,,,,,,,,,,,,,,,,,,,,698,,,,,,,,590,,,,,192,,,155,,,130,,,,,,,,,,,,,,,,,,,,,,166,,,,,,,,935,,,,,,,,,,,336,,,,,,,,,975,,,,,,,,,,,,2601,,,,,,524,,,194,,526,,1134,,,,,270,,,,,,,172,,,,,,,,,,,,,,,,218,,,,,,,,,,,,,2303,62526,,,430,,,,,,,463,307,,160,,,,,,,,,,,,,,,,162,138,,,3554,,,,,,,,,,,,,,,,,,,,,,,,,,,,,,,,,,,,,,,,,,,,409,,,,,,,773,,,,,,,2273,,,,,,150,,,,,,,,,,,,,,,,,,,,,,,,,,,185,,,,407,,,389,,,,,,,,,,251,,,,,,,,,,,,,,,,,,,,453,,,,,,,,,,,,596,,,,,,,,564,,,,,,,,,,,,9693,,,,,,,,,,,,,,,,,503,,,331,,,,,5339,,182,,,,,,,,,,,,,,,,,,,,,,,,,,1291,,,,,,,,538,,,,,,,,,,,,,,,384,,,,,,,,,,,,,223,,,,,
2025-08-27T10:00:00Z,,,800,,,,,,,,,,,,,20989,,,,,,,432,,,,,,,,,,,,,,,,,,,,,,,,,,,,,,,,,,,,,1941,,,262,15106,,,291,,,,,,,,,,,,,1151,273,,,,,,,,,,,,,,,,,,,,,,,,,,,,343,,,,,,,,,,4465,,,,,,,,,,,,,,,,,,,,,,,,,,,,1743,,378,,,,,,,,,,,1317,,,,,,,423,,434,,258,,,,,,,,,,,771,1843,,,,,,5175,,,,,,,,,,,,4903,,,,,,1511,,,,,187,324,,,,,,189,181,,,330,,,,,,261,,,,,,,,,,,,,,,,,,,,,,,234,,,,,852,,583,,,,,,,,390,,,,,,,,,,,341,,,,,659,,,,,,,,,,,,,,,,,,,,,,,,,,,,,,,,,,,,,355,,,,,617,1500,,,,,,,,,1024,,,,,,198,,,,,,,1377,,,,,472,,,200,,,,,,,,,,573,,,,,,,,,,,,318,,,,461,,,,,,180,,1041,,,402,,,,1108,,,,,,,449,,223,251,,,,,488,,,,,,,466,,,,,,,,,,,,,,,,,,,,,,,,,,,,,,,,200,,,,,,,,,,,,,,,,,,1192,,,,,,,,370,,,184,,280,,,,,,,,2486,,,,,,,,,,,,,,,,,,,234,,,,,,,,,952,,,,,,,,,,,314,,,,,,,,,1049,,,,,,,,,,,,2917,,,,,,855,,,,,814,,1166,,1003,,,,,,,,,,182,,,,,,,,,,,,,,,,235,,,,,,,,,,,,,2223,65582,,,488,,,,,,,485,264,,223,,,,,,,,,,,,,,,,,,,,3883,,,,,,,,,,,,257,,,,,,,,,,,,,,,,,,,,,,,,,,,,,,,,451,,,,,,,741,,,,,,,2439,,,,,,,709,,,,,,,,,,,,,,,,,,,,,,,,,,,,,,556,,,339,,,,,,,,,,240,,,,,,423,,,,,,,,,,,,,,446,,,,,,,,,,,,852,,,,,,,,499,,,,,,,,,,,,10543,189,,,,,,,,,,188,,,,,,470,,,354,,,,,6449,,,,,,,,,,,286,,,,,388,,,,,,,,,,,,,,,,,,,,,,,,,,,,,,,,,,,292,,,,,,,,,,,,,233,,,,,
2025-08-27T11:00:00Z,,,929,,,,,,,,,,,,,4034,,,,,,,471,,,,,,,,,,,,,,,,,,,,,,,,,,,,,878,,,,,,,,,,,,6012,,,,,,,,,,,,,,,,1471,405,,,490,,,,,340,,,,,341,,,,,,,,,,,,,,,323,,,,,,,,,,5228,,,,,,,,,,,,,,,,,,,,,,,,,,,,976,,590,,,,,,,,,,,,,,,,,,500,,601,,,,,,,,,,,,,,2784,,,,,,4926,,,,,,,,,,,,,,,,,,1721,,,,,,413,,,,,,,,,,525,,,,,,319,,,,,,,,,,,,,,,,,,,,1377,780,,351,373,,,,946,,741,,,,,,,,400,,,,,,,,,,,367,,,,,,413,,,,,,,,,,,,,,,,,,,,,,,,,,,,,,,,,,,,360,,,,,1121,1794,,,,,,,,,1744,,,,,,,1057,,1617,,,,1453,,,,,365,,,,,,,1077,,,,,,619,,,,,,,,,,,,422,,,,1452,,,,,,,,1051,,,656,,,,,,,,,,,667,,,324,,,,,,,,,,1313,,583,,,,,,908,,539,,,,,,453,4132,,,,,,,,,,,,,,,,,,,,,,,,,,,874,,,,,,,,1589,,,,,,,,,429,,,,,,,,,,,,7327,,,,,,,,,,,629,,,,,,,,,,,,,,,,,895,,,,,,,1187,,,,332,362,,,,,,,,1409,,,,,,,,,,,,4024,,,,,,944,,,,,1051,,786,,1537,,,,,1160,,,,,,,,,,,,,,,,,,,,,,,,,,,,,,,,,,,18648,,,577,,,,,,,458,,,,,,,,,,,,,,,,,,,,,,,4051,,,,,,,,,,,,343,,,,,,,,,,,1247,,,,647,,,,,,,,,,,,,,,,,395,,,,,,,872,,,,,,,2904,,374,,,,,1109,,,,,,,,,,,,,,,,,379,,,,,,,,,,,,,639,,,381,,,,,,,,,,,,,,,338,579,,,,,,,,,,,496,,,,,,,,,,,,,,,1301,,,,,,,,331,376,,,,,,,,,,,6368,338,,,,,,,,,,348,,,,,4424,506,,,,,,,,8888,,,,,,,,,,,638,821,,894,,,,,,,,,,,,,,,,,,,,,,,,,,,,,,,,,,,,,,,,,,,,,,,,,,,,,374,,
2025-08-27T12:00:00Z,,,890,,,,,,,,,,,,,4359,,,,,,,388,,,,,,,,,,,,,,,,,,,,,,,,,,,,,,,,,,,,,,,,,7415,,,,,,,,,,,,,,,,1173,745,,,589,,,,,724,,,,,,,,,,,,,,,,,,,,,,,,,,,,,,5498,,,,,,,,,,,,,,,,,,,,,,,,,,,,768,,551,,,,,,,,,,,,,,,,,,557,,610,,,,,,,,2216,,,,,,2703,,,,,,,,,,,887,,,,,,,,,,,,,1423,,,,,,439,,,,,,348,,,,357,,,359,,,400,,,,,,,,,,,,,,,,,,3547,,1077,964,,353,685,,,,882,,549,,,,,,,,425,,,,,,,,,,,,,,,,,,,4510,,,,,,,,,,,,,,,,,,,,,,,,,,,,,,,,,,365,,,,,1248,566,,,,,,,,,1624,,381,,,,,990,,2511,,,,1356,,,,,,,,,,,,1861,,,,,,522,,,,,,,,,,,,462,,,,1666,,,,,,,,1086,,,,,,,,,,,,,,767,,,,,,,,,,,,,1376,,488,,,,,,,380,586,,,,,,1809,5646,,,,,,,,,,418,,,,,,,,,,,,,,,1012,,1343,,,,,,,,1873,,,,,,,,,620,,,,,,,,,,,,4572,,,,,,,695,,,,857,,,,,,,,,,,,,,,,,867,,,,,,,4111,,,,,453,,,,,,,,,,,,,,,,,,,,3928,,,,,,887,,,,,921,,695,,1380,,,,,,,,,,,,,,,,,,,,,,,,,,,,,411,430,,,,,,,,,,17207,,,658,,,,,,,,,,,,,,,,,,,,,,,,,,,,,,3698,,,475,,,,,,,,,,,,,,,1479,,,,,1500,,589,,1088,,,,470,,,,,,,,,,,,,,,,,,,,928,,,,,,,2680,,396,,,,,706,,,,,,,,4608,,,,,,,,,552,,,,,,,,,,,,,645,,,421,,,,,,,,,,,,,,,397,,,,,,,,,,,,841,,,,,,,,,,,,,,,1217,,,,,,,,,482,,,,,,,,,,,5393,,,,,,,,,,,,,,,,6128,524,,,,,,,,9424,,,,,,,,,,,658,483,,1099,,,,,,,,,,,,,,,,,,,,,,,,,,,417,,,,,,,,,,,,,,,,,,,,,,,,,,394,,
2025-08-27T13:00:00Z,,,901,,,,,,,,,,,,,,,,,,,,427,,,,,,,,,,,,,,,,,,,,,,,,,,,,,,,,,,,,,,,,,2445,,,,,,,,,,,,,,,,1094,,,,627,,,,,734,,,,,,,,,,,,,,,,,,,,,,,,,,,,,,5965,,,,,,,,,,,,,,,,,,,,,,,,,,,,707,,482,,,,,,,,,,,,,,,,,,568,,635,,,,,,,,3601,,,,,,2620,,,,,,,,,,,832,1181,,,,,,,,,,,,1431,,,,,,502,,,,,,373,,,,409,,,408,,,,,,,,,,,,,,,,,,,,,4018,,1293,836,,394,649,,,11937,825,462,,,,,,,,,437,,,,,,,,,,,,,,,,,,378,5745,,,,,,,,,,,,,,,,,,,,,,,,,,,,,,,,,,,,,,,1336,934,,,,,,,,,1599,,427,,,,,986,,,,,,1389,,,,,,,,,,,,,,,,,,519,,,,,,,,,,,,475,,,,1242,,,,,,,,1177,,,,,,,,,,,,,,920,,,,,,,,,,,,,1406,,507,,,,,,,369,584,,,,,,2281,5822,,,495,,,,,,,605,,,,,,,,,,,,,,,,,1303,,,,,,,,1556,,,,,,,,,645,,,,,,,,,,,,4036,,,,,,,653,,,,1059,,,,,,,,,,,,,,,,,944,,,,,,,4798,,,,,480,,,,,,,,,,,,,,,,,,,,3054,,,,,,873,,,,,922,,794,,1244,,,,,808,,,,,,,405,,,,,,,,,,,,,,,,,1363,448,,,,,,,,,,,,,639,,,,,,,356,,,,,376,,,,,,,,,,,,,,,,,,4111,,,559,,,,,,,,,,,,,,,2103,,,,,1107,,713,,1376,,,,689,,,,,,,,,,,,,,,,,,,,1093,,,,,530,,2875,,,,,,,692,,,,,,,,5414,,,,,,,,,586,,,,,,,,,,,,,692,,,446,,,,,,,540,,,,,,,,376,,,,,,,,,,,,861,,,,,,,,,,,,,,,2034,,,,,,,,,452,,,,,,,,,,,,,,,,,,,,,,,,,,,5781,,,,397,,,,,9982,,,,,,,,,,,891,582,,1194,,,,,,,,,,,,,,,,,,,,,,,,,,,860,,,,,,,,,,,,,,,,,,,,,,,,,,409,,
2025-08-27T14:00:00Z,,,905,,,,,,,,,,,,,,,,,,,,411,,,,,,,,,,,,,,,,,,,,,,,,,,,,,,,,,,,,,,,,,2106,,,,,,,,,,,,,,,,1061,,,,556,,,,,730,,,,,,,,,,,,,,,,,,,,,,,,,,,,,,5858,,,,,,,,,,,,341,,,,,,,,,,,,,,,,624,,451,,,,,,,,,,,,,,,,,,,,,,,,,,,,4635,,,,,,2669,,,,,,,,,,,661,1033,,,,,,,,,,,,1403,,,,,,494,,,,,,401,,,,437,,,392,,,359,,,,,,,,,,,,,,,,,,3728,,1188,651,,,,,,12916,855,684,,,,,,,,,406,,,,,,,,,,,,,,,,,,371,4932,,,,,,,,,,,,,,,,,,,,,,,,,,,,,,,,,,,,,,,1230,907,,,,,,,,,1678,,423,,375,,,947,,,,,,1460,,,,,,,,,,,,,,,,,,452,,,,,,,,,,,,501,,,,1160,,,,,,,,1179,,,,,,,,,,,,,,940,,,,,,,,,,,,,1352,,,,,,,,,406,576,,,,,,2458,5704,,,529,,,,,,,793,,,,,,,,,,,,,,,,,1329,,,,,,,,1258,,422,,,,,,,,,,,,,,,,,,,,,,,,,,659,,,,1040,,,,,,,,,,,,,,,,,1126,,,,,,,5136,,,,,479,,,,,,,,,,,,,,,,,,,,2597,,,,,,870,,,,,867,,765,,1227,,,,,846,,,,,,,423,,,,,,,,,,,,,,,,,1535,464,,,,,,,,,,,1216,,592,,,,,,,342,,,,,,,,,,,,,,,,,,,,,,,3862,,,658,,,,,,,,,,,,,,,2125,,,,,,,756,,1397,,,,585,,,,,,,,,,,,,,,,,,,,1329,,,,,,,2636,,,,,,,533,,,,,,,,5277,,,,,,,,,554,,,,433,,,,,,,,,675,,,411,,,,,,,505,,,,,,,,365,,,,,,,,,,,,811,,,,,,,,,,1026,,,,,2696,,,,,,,,,478,,,,,,,,,,,,340,,,,,,,,,,,,,,,4634,,,,396,,,,,9867,,,,,,,,,,,935,,,1297,,,,,,,,653,,,,,,,,,,,,,,,,,,,609,,,,,,,,,,,,,,,,,,,,,,,,,,400,,
2025-08-27T15:00:00Z,,,1025,,,,,,,,,,,,,,,,,,,,325,,,,,,,,,,,,,,,,,,,,,,,,,,,,,,,,,,,,,,,,,,,,,,,,,,,,,,,,,983,,,,508,,,,,727,,,,,,,,,,,,,,,,,,,285,,,,,,,,,,,4701,,,,,,,,,,,,398,,,,,,,,,,,,,,,,788,,766,,,,,,,,,,,,,,,,,,,,,,302,,,,,,,,,,,,2559,,,,,,,,,,,569,,,,,,,,,,,,,1344,,,,,,434,,,,,,452,,,,431,,,381,,,300,,,,,,,,,,,,,,,,,,3176,,1147,520,,,,,,11900,721,626,,,,,,,,,342,1109,,,,,,,,,,,,,,,,,339,3905,,,,,,,,,,,,,,,,,,,,,,,,,,,,,,,,,,287,,,,,1243,883,,274,,,,,,,1571,,396,,534,,,869,,,,,,1366,,,,,,,,,,,,,,,,,,373,,,,,,,,,,,,454,,,,944,,,,286,,,,996,,,,,,,,,,,,,,996,,,,,,,,,,,,,1132,,,,,,,,,,537,,,,,,2441,5475,,,440,,,,,,,758,,,,,,,,,,,,,,,,,1280,,,,,,,,769,,333,,,,,,,,,,,,,,,,,,,,,,,,455,,585,,,,1133,,,,,,,,,,,,,,,,,,,,,,,,5597,,,,,,,,,,,,,,,,,,,,,,,,,2198,,,,,,,,,,,740,,,,1249,,,,,897,,,,,,,381,,,,,,,,,,,,,,,,,1369,448,,,,,,,,,,,1726,,511,,,,,,,,,,,,,,,,,326,,,,,,,,,,,,,2986,,,714,,,,,,,,,,,,,,,2002,,,,,,,988,,1794,,,,514,,,,,,,,,,,,,,,,,,,,,,,,,,,,,,,,,,654,321,,,,,,,4581,,,,,,,,,479,,,,495,,,,,406,,,,580,,,437,,,,330,,,438,,,,,,,,327,,,,,,,,,,,,1155,,,,,,,,,,1142,,,,,2992,,,,,,,,,,,,,,,,,,,,,,,,,288,,300,,,,,,,,,3888,,,,386,,,,,10500,,,,,,,,,,,441,632,,1308,,,,,,,,607,,,,,,,,,302,,,,,,,,,,611,,,316,,,,,,,,,,,,,,,,,,,,,,,409,,
2025-08-27T16:00:00Z,,,969,,,,,,,,,,,,,,,,,,,,383,,,,,,,,,,,,,,,,,,,,,,,,,,,233,,,,,,,,,,,,,,,,,,,,,,,,,,,,,,1113,,,,564,,,,,790,,,,,,,,,,,,,,,,,,,240,,,,,,,,,,,,,,,,,,,,,,,384,,,,,,267,,,,,,,,,,762,,,,,,,,,,,,,,,,,,,,,,,,312,,,,,,,,,,,,3168,,,,,,,,,,,494,,,,,,,,,,,,,,,,,,,399,,,,,,,,,,353,,,255,,,279,,,,,,,,,,,,,,,,,,2793,,701,,,247,,,,11332,,661,,,,,,,,,303,1040,,,,300,,,,,,,,,,,225,,259,4183,,,,,,,,,,,,,,,227,,,,,,,,,,,,,,,,,250,,300,,,,,,,,235,,,,,,,1642,,384,,541,,,889,,,,,,1353,,,,,,,,,,,,,,,,,,,,,,,,,,,,,,419,,,,794,,,,278,,,,855,,,,,,,,,,,,,,862,,,,,,,,,,,,,1045,,,,,,,,,234,553,,,,,,,,,,,,,,,,,806,,,,,304,,,,,,,,,,,,1295,,,,,,,,,,294,,,,,,,,,,,244,,,,,,,,,,,,,584,,718,,,,1190,,,,,,,,,,,,,,,,,,,,,214,,,3951,,,,,,,,,,,,,,,,,,,,,,,,,1914,,,,,,,,,,,,,,,1527,,,,,,,,,,,,315,,,,,,,,,,,,,,300,,,1011,,,,,,,,,,,,1758,,,,,,,,,,,,,,,,,,,353,,,,,,,,,,,,,2662,,,763,,,,,,199,,,,,,,,,1974,,,,,,,1105,,1801,,,,667,,,,,,,,,,190,,,,290,,,,,,,,,,,,,,,233,,,,,,,,,,,,,,,,,,,,,,540,,,,529,,,,,322,,,,538,,,,,,,300,,,359,,,,,,,,364,,,,,,,,,,191,,,,,,,,,,,,1192,,,,,1985,,,,,,,,,,,,,195,,,,,,,,,,,,311,,329,,,,231,,,,,3207,,,,289,,,,,9613,,,,,,,,,,,389,597,195,1315,,,,,,,,493,,,,,,,,,254,,,,,,,,,,649,,,216,,,,,,,,,,,,,,,,,,,,,,,420,,
2025-08-27T17:00:00Z,,,814,,,,,,,,,,,,,,,,,,,,305,,,,,,,,,,,,,,,,,,,,,,,,155,,,194,,,,,,,,,,,,,,,,,,,,,,,,,,,,,,1006,,,,562,,,,,744,,,,,,,,,,,,159,,,,196,,,,,,,,,,,,,,,,,,,,,,,,,,357,,,,,,219,,,,,,,,,,699,,,,,,,,,,,,,,,,,,,,,,,,275,,,,,,,,,,,,2591,,,,,,,,,,,,,,,,,,,,,,,,,,,,,,374,,,,,,,,,,,,,239,,,191,,,,,,,,,,,,,,,,,,2830,,599,,,220,,,,9872,,789,,153,,,,,,,240,896,,,,199,,,,,,,,,,,181,,244,3750,,,,,,,,,,,,,,,174,,,,,,,,,,,,,,,,,235,,271,,158,,,1129,,,195,,,,,,,1494,,469,,585,,,894,,,,,,1224,,,,,,,,,,,,,,,,,,,,,,,,,,,,,,394,,,,704,,,,250,,,,688,,,,,,,,,,,,,,737,,,,,,,,,,,,,1030,,,,,,,,,252,558,,,,,,,,,,,,,,,,,779,,,,,337,,,,,,,,,,,,,,,,,,,,,,,,,,,,,,,,,247,,,,,,,,,,,,,648,,695,,,,,,,,,,,,,,,,,,,,,,,,,173,,,,,,,,,,,,,,,,,,,,,,,,,,,,1642,,,,,,,,,,,,,,,1411,,,,,,,,,,,,276,,,,,148,,,,,,,,,325,,,740,,,,,,,,,,,,1746,,,,,,,,,,,,,,,,,,,309,,,,,,,,,165,,,,2252,,,735,,,,,,227,,,,,,,162,,,,,,,,,960,,1708,,,,624,,164,,,,,,,,170,,,,195,,,,,,,,,,,,,,,245,,,,,,,,,,,,,,,,,,,,,,480,,,,468,,,,,295,,,,,,,,,,,,,,288,,,,,,,,258,,,,,,,,,,179,,,,,,,,,,,,1156,,,,,1558,,,,,193,,,,,,,,245,,,,,,,,,,,,331,,293,,,,,,,,,2663,,,,,,170,,,8474,,,,,,,,,,,,,,1157,,,,,,,,506,,,,,,,,,340,,,,,,,,,,605,,,,,,,,,,,,,,,,,,,,,,,,,,337,,
2025-08-27T18:00:00Z,,,768,,,,,,,,,,,,,,,,,,,,253,,,,,,,,,83,,,,,123,,,,137,,,,,,147,,,199,,,,,,,,,,,,,,,,,,,,108,,,,,,,,,,,,,,507,,,,,,,,,,,,,,,,,108,,,138,,,,,,,,93,,,137,,,,,,,,,,,,,,,,329,,,,,,187,,,,,,,102,,,572,,,,,,,,,,,,,,122,,,,,,,,,,,,,,,,,,,,,,1990,94,,,,,,,,,,,,,,,,,,,,,,,,,,,,,286,,,,,,,,,,,,,,,,193,,,,,,,,,,,,,,,,,,2434,,436,,,,,,,8102,,489,,156,,,,,,,,,,,,224,,,,,,,,145,,,168,,159,3174,,,,,,,,,,,,,,,162,,,,,,,,93,,,,,,,,,199,,269,,163,,,997,,,178,,,,,,,,,556,,,,,891,,,,,,1128,,,,,,,,,,,,,,,,,,,,,,,,,,,113,,,367,,,,647,,,,262,,,,744,,,,,,,,,,,,,,456,,,,,,,,,,,120,,836,,,,,,,,,,486,,,,109,,,,,,,,,,,,,660,,,,,307,,,,,,,,,,,,,,,,,,,,,,,87,,,,,,,,,,246,,,,112,,,,,,,,,748,,663,,,,,,,,,,,,,,,,,,,,,,,,,172,,,,,,,,,,,,,,,,,,,,,,,,,,,,1518,,,,,,,116,,,158,,,,,1281,,,,,,,,,107,,,238,,,,,153,,,,,,,,,290,,,596,,,,,,,,,,,,1612,,,,,,,,108,,,,,,,,,,,320,,,,,,,,,128,,,,,,,626,,,,,,186,,,,,,,,,,,,,,,,877,,1543,,,,,,,,,,,,,,122,,,,182,,,,,,,,107,,,,,,,234,,,,,,,,,,,,,,,,,,,109,,,,,,,441,,,,,,,,,,,,,,,,,,,,,,,,,,,230,,,,,,,,,,,,,,,,,,,,,,849,,,,,1185,,,,,173,,,,,,,,175,,,,,,,,,,,,327,,273,,,,,,,,,2214,,,,260,,,,,5226,,,,,,,,,,106,,,,1029,,,,,,,,,,,,,,,,,318,,,119,,,,,,,493,,,,,,,,,,,,,,,,,,,,,,,,,,259,,
2025-08-27T19:00:00Z,,,755,,,,,,,,,,,,,,,,,,,,290,,,,61,,,,72,69,,,52,,,,,51,137,,,,,,149,,,170,,,,,,,,,,,,,,,,,,,,,,,,,,,,,,,,55,,498,,,,,,,,,,,,,,,,,,,,126,,,,,,,,,,125,122,,,,,,,,,,,,,,,,336,,,,,,163,,,,,,,100,,,556,80,,,,,,,,,,,72,,100,,,,,,,,,,,,,,,,,,70,,,,,86,,,,,,,,,,,,,,,,,,,,,,,,,,,,,265,,,,,,,,,,,,,,,,,,,,,,,,,,,,,,,,,,2309,,,,53,,,86,,7246,,505,,174,,,,,,,,,,,,,,,,,,,78,,,,,77,166,2904,,,,,,,,,,,,,,,,,,,,,,,95,,,,,,,,,194,,,,176,,,910,,,,,52,,,,,,,660,,,,,959,,,,,53,1074,,,,,,,,,,,,,,146,,,,,,,,,,,,,106,,,354,,,,622,,,,,,,,,,,,,,,,,,,,,,,,,,,,,,,,,129,,641,,,,,58,,,,,450,,,,79,,,,,,,89,,,,,,662,,,,,279,,,,,,,,,,,,,,,,,,,,,,,94,,,,,,,,,,239,,,,112,,,,,,,,,,,,,,,,,,,,,,,,,51,,,54,,,,,,,,126,,,,,,,,,,,,,,,,,,,,,,,,,,,,1790,,,,,,,101,,,,,,,,883,,,,,,,,,,,,235,60,,,,162,,,,,,,,,268,,,534,,,,,,,,,,,,1478,,,,,,,,112,,,,,,,,,,,317,,,,,,,,,121,,,,,,,,,,,,,131,,,,,,55,,,,,,,,,,833,,1481,,,,,,,,,,,,,,,,,,144,,,,,,,,100,,,,,,,228,,,,,,,,,,,,,,,,,,,105,,,,,,,375,,,,,,,,,,,,,,,,,,,,56,,,,,,,,,,,,,,,,,,,,,,,,,,,,,726,,,,,,,,,,167,,,,,,,,308,,,,,,,,,,64,,397,,191,,,,,,,,,1974,,,,251,,,,,,,,,,,,,,,96,,,,,,,,,,,,,,,,,52,,,78,317,,,125,,,,,,,,,,,,,,,,,,,,,,,,,,,,,,,,53,,,
2025-08-27T20:00:00Z,,,,40,,,33,,,29,,,,,,,,,41,,,,,,,,60,,,,85,,,,,,,,,49,128,,,,,,143,,,,,,,,,36,,,,,,,,,,,,,,,,46,,,,,41,,,,,63,,535,34,,,,,,,,,,,,,,,,,,,133,,,54,,,,,,,488,116,,,,,,,,,,,,,,,,336,,,,,,,,,,,,,98,,,,75,,,,,,,,,,,62,,153,,,,,41,,,,,,,,,,,,,106,,,,,,,,,,,,,,,,,,,,,,,,,,,32,,,,,37,,256,,,29,,,,,,,,,,,,,,,,,,,,,,,,,,,,41,34,,2223,,,,108,,,,,6428,,578,,123,,,,,,,,,,,,,,,,,,,98,,,,,,,2456,,,,37,,,,,,,,,,,,,,,,,,,93,,,,,,,,,,,,,184,,,,,,,,50,,,,,,,726,,,,,1013,,,,,35,1000,,,45,,,,,,,,,,,147,,,,,,,,,,,,,,30,,,,,,693,,,,,,,,,,,,,,,,,,,32,,,,,,,,,,,,29,,107,,,,,,,,,,,,,,,,98,,,,,,,71,,46,,,,,,,,,282,,,,,,,,,,,,,,,,,,,,,30,,92,,,,,,,,,,,,,,121,,,,,,,,,,,,,,,,29,,,,,,,,,45,,,,,37,,,,,,,,,,,,,,,,,,,,,,,,,,,,,,,,,,1866,,,,,,,111,,,,,,,,,,,,,,,,,,,,319,,,,,,,,,,,,47,,211,,,,,,,,,,,,,,,1365,,,,,,,,,,,49,,,,,,,,,,,,,,,,,,,,,,,,,35,,,,,,,,,,,,,,,,,,,,,,,1413,,,,,,,,,,,,,,,,,,,,,,,,,,,,,,,,37,214,,,,,,,,,,,,,,,52,,32,,109,,,,,32,,,,,,,,48,,,,,,,,,,,,31,,62,,,,,,,,,,,,,28,,,,,,,,,,,,,,,,,,28,,,,,,,,149,,,,,,,,267,,,28,,,,,,,,,,,,,,,,,,,29,1731,,,,237,,,,,,,,,,,,,,,148,,,,,34,,,,,,28,,,,,,48,,,,288,46,45,,,,,,,,,,,,,,,,,,,,,,,,,,,,,,,,,64,,36,
2025-08-27T21:00:00Z,,,,,,,,,,,,,,,,,,41,52,,,,,,,,60,,,39,72,,,,,,,,26,,119,,,,,,,,,,,,,,,,,,27,,,,,,,,,,28,,,57,,,,,34,,28,,,,,624,35,,,,,,,,,,,,,,,,,,,133,,,51,,,,,,,631,,,,,,,,,,,,,,,,,346,,,,,23,,,,,,,,93,,,,115,,,,,,,,30,,,63,,161,,,,,51,,,,,,,63,,,,,,,,,,,,22,,,,,,,,,,,,,,,,,,,,25,35,,,,,33,,237,,,36,,,,,,,,25,,,,,,,,,,,,,,,,23,,,,51,26,,2261,,,,103,,,,,5877,,659,,97,,,,,,,,,,,,,,,,,,,95,,,,,,,,,,,43,,,,,,,,,,,,,,,,,,,117,,,,,,,,,,,,,,24,,,,,,,48,,,,,,,840,,,,,,,,,,23,1007,,,,25,,,,,,,,,26,,,,,,,,,,,33,,,,,,,,,30,597,,,,,,,,,,,,,,,,,,,23,,24,,,,,,,,,,,,109,,,,,,,,,,,,,,,,125,,,,,,,61,,55,,,,,,,,,253,,,,,,,,,,,,,,,,,,,,,35,,115,24,,,,,,,,,,,,,,,,,,,,,,,,,,,,,,,,,,,,,,,,,,,,,,,,,,,,,,,,,,,,,,,,,,,,,,,,,,,,,1942,,,,,,,107,30,,,,,,,,,,,,,,,,,,,322,,,,,,,,,,,,,,181,,,,,,,,,,,,,,,,,,,,,,,,,,67,,,,,,,,,,,,,,,,,,,,,,,,,29,,,30,,,,,,,,,,26,,,,,,,,,,888,49,,,,,,,,,,,,,,,,,,,,,,,,,,,,,,,,,,,,,,,,,,,,,,,42,,34,,,,,,,22,,,,,,,,49,,,,,,,,45,,,,28,,,,,,,,,,,,,,,,,,,,,,,,,,,,,,37,,,,,,,,,,26,178,,,,,,,,,,,29,,,,,,,,,,,,,,,,,,,22,1596,,,,,,,,,,,,,,,,,,,,,,,,38,,,,,,32,,,,,,36,,,,,36,47,,,,,,25,,,,,,,,,,,,,,,,24,,,,,,,25,,,,,,31,
2025-08-27T22:00:00Z,,,,,,,,,,,,33,,,,,,,48,,,,,,,,73,,,37,86,,,,,27,,,,,122,,56,,,,,,,,,,,,,,,,,,,,,,,,,,23,,,54,,,,,38,,,,,,,636,70,,,,,,,,,,,,36,,,,,,,141,,,,,,,,,,776,,,,,,,,,,,30,,,,,,385,,,,,,,,,,,40,,,,,,104,,,,,,,,,,,68,,149,,,,,56,,,,,,,64,,,,,,,,,,,,30,,,,,,,,,,,,,,,,,,,,,25,,,,,,,242,,,30,,,,,,,,21,,,,,,,,,,,,,,,,28,,,,52,31,,2206,,,,,,,,,5308,,714,,93,,,,,,,,,,,,,,26,,,,,86,,,,,,,,,,,,,,,,,,,,30,,,,,,,,,21,117,,,,,,,,,,,,,,,,,,,,25,77,,,,,,,890,,,,,,,,,,44,949,,,,,,68,,,,,,,,,,,,,,,,,,47,,,,,,,,,21,768,,,,,,,,,,,,,,,,,,,,,25,,,,,,,,,,37,,85,,,,,,,,,,,,,24,,,192,,,,,,,110,,59,,,,,,26,,,,,,,,,,,,,,,,,,,,,,,,33,,136,25,,,,,,,,,,,,,,,,,,,,,,,,,,,,,,,,,,,,,,,,,,,37,,,,,,,,,,,,,,,,,,,27,,,,,,,,,,,,,,,2258,,,,,,,,26,,,,,,,,,,,,,,,,,,,189,,,,,,,,,,,,,,196,,,,,,,,,,,,,,,,,,,,,,,,,,,,,,,,,,,,,,,,,,,,,,,,,,,33,,,46,,,,,,,,,,34,,,,,,,,,,975,,,31,,,,,,,,,,,,,,,,,,,,,,,,,,,,,,,,,,,,,22,,,,,,,,54,,35,,,,,,,,,,,,,,,44,,23,,,,,,46,,,,24,,,,,,,,,,,,,23,,25,,,,,,,,,,,,,,,38,,,,,,,,,,54,234,,,,,,,21,,,,34,24,,,,,,,,,,,,,,,,,,21,1471,,,,,,,22,,,,,,,,,,26,,,,,,,,,,,,,29,,,33,,,,,,,,38,65,,,,125,,28,,,,,,,,,,,,,,,,,,,,,,,,,,,,,,
2025-08-27T23:00:00Z,,,,,,,,,,,,46,,,,,,85,72,,,,,,,,65,,,33,76,,30,,,,,,,,126,,99,,,,,,,,,,,,36,,,,,,,,,,,,,,,,,46,,,,,52,,,,,,,,85,,,,,,,,,,,,56,,,,,,,138,,,,,,,,,,914,,,,,,,,,,,43,,,,,,,,,,,,,,,,,,,,,,,170,,,,,,,,,,,54,,,,,,,,,,,,,,78,,,,,,,,33,,,,,,,,,,,,,,,,,,,,,,,,,41,,33,,,,,253,,,49,,,,,,,,,,,,,,,,,,,,,,,,30,,,,42,46,,2396,,,,,,,,,,,,,114,,,,,,29,,,,,,,,43,32,,,,74,,,,,,,,36,,,45,,,,,,,,,51,,,,,,,,28,,,,,54,,,,,,,,,,,,,,,,,44,83,,,,,,,933,,,,,,,,,,62,1127,,,,,,,,,27,,,,,,,,,,,,,,,49,,,,,,,,,28,,,,,,,,,,,27,,,,,,,,27,,,27,,,,,,,,,,33,,96,84,,,,,,,,,,,,29,,,298,,,,,,,160,,45,,,,,,,,,,,,,,,,,,,,,,,,,,26,,,,,,246,,,,,,,,,,,,,,,,,,,,,,,,,,,,,,,37,,,,,,,,,,,,,43,,,,31,,,,,,,,,,,,,,,,,,,,,,,,,,,,,,2528,,,,,,,,30,,,,34,,,,,,,44,,,,,,,,,,,,,,,,,,,,,,270,,,,,,,,,,,,,,,,,,26,,,,157,,,,,,,,,,,,,,,,26,,,,,,,,,,,,,33,,,,65,,,,,,26,,,54,,,,,,,,,26,1276,,,49,,,,,,,,,,,,,90,,,,,,,,,,,,,,,,,,38,,,,,,,,,,,,,,49,,35,,,,,,,,,,,,,,,50,,27,,,,,60,55,28,,,,,,,,36,,,,,,,,,,,,,,,,,,,,,,,,,52,,,,,,,,,,72,321,,,133,,,,,,,,,,57,,,,,,,,,,,,,,,,,,,,,,,,,,,,,,,,,,,,,,,,,,,,,,,,,,,67,,,,,,,,51,62,,,,739,,39,,,,,,,,,,,,,,29,,,,,,,27,45,,,,,,,,
2025-08-28T01:00:00Z,,52,,,,,,,,,,,,,,,,,,,,,,74,,,,,,54,116,,,,,,,,,,,,147,,76,45,,,51,,63,,,,,,,,,,75,,,,,,,,,,,61,147,,,,,,,,171,,,,,,,,,,,,43,,,,,,,,,,,171,,,,,,,,,,,,,,,,,,,,,,,,,,,,,,,,,,,,,,146,,,,,,193,,183,,,408,,,,,,60,1672,,,,,,,,72,,,,,59,,,,,,,,,,,,,,,,,,,,,,,329,,,,,,,,,,,,,,613,,,290,,,,,,,,,,,,,,,,,49,,,,,,,,,,,,,68,54,,,,,,,,,,,,,,,,,,,,,,65,,,,51,,,,48,,,,,58,,,,,,,,144,,,,,,,,,,,,,,,,,,,,,,,,,144,,,,,,,,,,,,,,,,,,81,,,123,,,,1137,,,,,,44,,,,50,1433,,,,,,106,,,,,,,,,,,47,,,,,,,,,62,,,,,,,,,,69,,,,,,,,,,47,,,,,,,,,,,,,,,,50,,,,,,78,,,,,,,,,,737,,,,,282,,,,,,,138,,,,,,,,,,,,,,,,,61,,,,,,,,50,,,,,,,,,,,,,129,,,,,,,,,,,131,,,,,,,43,,98,,,,,,,76,,,,,,,247,,,,,,46,,,,,,,,,,,,,,,,,,,,,,,,,,,,,,,81,,,,,,,101,,,,,,,,,,,,,,,49,,,,,,,,,,,,,,,,117,,,,,,325,,72,,,,,,,,,,,,,,,,,,142,,,,,,,,66,,,,,,,43,,,,,,,,,,,,,,,,,,,,186,,,,,,,,,,,,,,,,,,,2246,,,47,,,,,,,,,,,,,172,372,,,,,,55,,103,,,,,68,,,,50,,,,,,,913,,,,,,238,50,,71,,,,,,,,,,59,,,,,,,,,,,,81,,,,,,,,,,,,61,,,,,,,,,,,,,,,,,464,44,,,,,,,,,,,,,,,47,,,,965,,,,,,,,,,163,,,,,,,,,,,,,,,,,,,,,,,,,,,,,,,,,,,,,,,,,,,,,,,,,,,68,,,,,,,,,55,,,,1012,62,48,,,,,,,,,182,,,,44,,,,,546,,,70,62,,,,,,,,
2025-08-28T03:00:00Z,,75,,,,,,,,,,,,,404,,,,,,,,,,,,,,1356,,125,,,,,,148,,,,,,,,93,,,78,66,,71,,,108,,,,,,,386,,,,,,,,,,,73,243,,,,,,,,766,,,,,,,,,,,,85,,122,114,,,,,,,,141,,,,,,,,,,,,,,,,,,,,343,,,,254,,,,,,,,,,,178,,,78,,,,72,,179,,180,67,,886,,,,,,,2189,,,,,,,,153,,,,100,,,,,,,,,,,1224,,,,115,807,,,,,,,,922,,,,,,,,,,,,,,,,,355,,,,,,,402,,,,,77,,,,,95,,,,,,,,,,,,1587,,,,,,,,,,,,,,,,,,,1140,,,,,74,610,,,,,,,,,65,,,,,,,,,,,102,,,,,,,,,,,,,,,,,,,,,,,,,,92,,,,,,,,68,,,89,,,,,,,,,163,,,,,,,,,,,,165,,,1345,,,,,,,,,,,,,,,72,,,,,,,,,,,,,,,,,77,,,,89,,,,,,,,,,,,,,,,,,,,157,,,,,,,,,,,,,,,,77,,,,,,659,,,,,287,107,,,,,,97,,,,,,,,,,,,,,,,,68,,,,,,,,,,,,,,,,,,,,,144,241,,74,,,,149,,,,308,,,,,77,,,,124,,,836,,,,,,,,,,,268,,,,,,,,,,,,,,92,,,,,,,,,,,,,,932,,,,71,,77,,,80,,,,,,,,,,,,,,,,,,,,,,,,,,,,,,,,,,,,,,141,,,,,,245,,135,,,,,,,,,,,,,,,,,,181,,,,,,,,86,,,103,,,,,,,,,,,,,,,,1275,,,,,,,,262,,,,,,,,,,,,,96,,,,,,2697,,,,,,,,,,,,172,,,,175,451,,,,151,,,,117,,,,,77,,,,81,,,,,,,,,,,,,221,,,,,,1035,,,82,,,,,,,,,,,,,,,,108,,,,,,,,,,,,69,,,,,,,,,,,,,,,,,788,,,,,,,,,,97,,,,,,,,,,1302,,,,,,,,,,220,,,,,,,,,,,,,,,,71,,,506,,,,,,,99,4012,,,87,,171,,128,,,,,,,,,,,,,,,,,78,,,,,,,,,71,,,,1209,93,,,,138,,,,,,117,,,,76,,,,,543,,,69,,,,,,,,,82
2025-08-28T04:00:00Z,,,,,,,,,,,,,,,233,,,,,,,,,,,,,,1530,,,,,,,,101,,,,,,,,87,,,80,,,,,,138,,,,,,383,,,,,,,,,,97,,80,175,,,,,,,,698,,,,,,85,,,,,,81,,,145,,,,,,,,,,,,,,,,,,,,,,,,,,,,261,,,,257,,,,,,,,,,,180,,,93,,,,74,,181,,191,,,878,,,,,,,2113,,,,,,,,156,,,,114,,,,,,,,,,,1811,,,,108,1055,,,,,,,,,,,,,2799,,,,,,,,,,,,361,,,,,,,403,,112,,,77,,,,147,100,,,,,,,,,,,,1979,,,,,,,,,,,,,,,,,,,500,,,,,,441,,,,,,,,,,,,,,,,,,,,,,,,,,,,,,,,,,,,,,,,,,,,,,103,,,,,,,,82,,,102,,,,,,,,,192,,,,,,,,,,,,180,,,1072,,,,,,,,167,,,,,,,,,,,,,,,,,193,,,,,,,75,,,,,,,,,,,,,,,,,,,,,,,,345,,,,,,,,,,,,,,,,86,,,,,,429,,,,,,149,,,,,,,,,,,,,,,,,,,,,,,,,,,,,,,,,,,,,,,,,,,,134,399,,,,,,162,,,,297,,,,,,,,,,,,1087,,,,,,,,,,,290,,,,,,,,,,,,,,84,,129,,,,,,,,,,,,1134,,,,78,,93,,,80,,,,,,,,,,,,,,,,,,,,,,,,,,,,,,,,,,,,,,126,,,,,,249,,,,,,,,83,,,,,,,,,,,,168,,,,,,,,,,,125,,,,,,,,,,,,,,,,1556,,,,,,,,286,,,,,,,,,,,,,94,,,,,,2540,,,,,,,,,,,,182,,,,,394,,,,,,,777,107,,,,,83,,,,,,,,,,,,,,,,,244,,78,,,,998,,,93,,,,,,,,,,,,,,,,,,,,,,,,,,,,,,,,,,,,,,,,,,,,,744,,,,,,,,,,109,,,,,,,,,,1307,,,,,,,,,,240,,,,,,,,,,,,,,,,,,,595,,,,,,,106,6561,,,120,,179,,95,,,,,,,,,,,,,,,,,105,,,,,,,,,,,,,,110,,,,604,,,,,,111,,,,,,,,,388,,,,,,,,,,,,102
2025-08-28T05:00:00Z,,,,,,,,,,,,,,,487,,230,,,,,,,,,,,,1590,,120,,,,,,100,,,,,,,,,,,,,,,,,103,,,,,,1776,,,,,,,,,,,,,165,,,,,,,,466,,,,,,122,,,,,,,,,135,,,,,,,,,,,,,,,,,,,,,,,,,,,,152,,,,280,,,328,,,,,,,,139,,,,,,,,,198,,152,,,758,,,,,,,,,,,,,,,149,,,,124,,,,,,,,,,,1771,,,,80,1260,,,,,,,,4857,,,,,4510,,,,,,,,,,,118,377,,,,,,,334,,99,,,,,,,121,88,,,,,,,,,,,,1974,,,,,,,,,,,,,,,,,,,365,,,,,,397,,,,,,,,,,,,,,,,,,,,,,,,,,,,,,,,,,,,,,,,,,,,,,90,,,,,,,,95,,,112,,,,,,,,,,,,,,,,,,,,,182,,,1085,,,,,,,,259,,,,,,,,,,,,,,,,,281,,,,,,,90,,,,,,,,,,503,,,,,,,158,,,,,109,,329,,,,,,,,,,,,,,,,87,,,,,,347,,,,,,155,,,,,,,,,,,,,,,,,,,121,,,,,,,,,,,,,,,,,,,,,,,,,,298,,,,,,146,,144,,224,,,,,,,,,,,,1324,,,,,,,,,,,265,,,,,,,,,,,,,,,,198,,,,,,,,,,,,1178,,,,,,,,,,149,,,,,,,,,,,,,,,,,,,161,,,,,,,,,,,,,,88,,,,137,,,,,,228,,,,,,,,134,,,,,,,,,,,,150,,,,,,,,,,,,,,,,,,,,,,,,,,,2198,,85,,,,,,198,,,,,,,,,,,,,,,,,,,2226,,,,,,,,,,,,182,,,,,,,,,,,,1134,125,,,,,,,,,,,,,,,,,,,,,2604,193,,103,,,,,,,107,,,,,,,,105,,,,,,,,,,,,,,,,,,,,,,,251,,,,,,,,,,,996,,,587,,,,,,,,,,105,,,,,,,,,,1183,,,,,,150,,,,227,94,,,,,,,,,,,,,,,,,,633,,,,,,,93,6635,,,158,,164,,83,,,,,,,,,,,,,,,,,,,,,,,,,,,,,457,,93,,,,606,,,,660,,90,,,84,,,,,,322,102,,,,,,,,,,,113
2025-08-28T06:00:00Z,,,,,121,,,,,,,,,,367,,350,,,,,,,,,,,,1656,,100,,,,,,83,,,,,,,,,,,,,,,,,128,,,,,,1460,,,,,,,,,,132,,,134,,,,,,,,,,,,,,151,,,,,,,,,231,,,,,,,,,,,,,,98,,,192,,,,,,,,192,,,151,,,,322,,,,,,,,,,,,,,,,,,,,157,,,,,,,,,,,,,,,,,,,,221,,,,115,,,,,,,,,,,1998,,,,,1163,,,,,,,,6549,,,,,9887,,,,,,,,,,,229,377,126,,,,,,343,,117,,,,,,,160,84,,,,,,,,,,,,1706,,,,,,,,,,,,,,,,,459,,,,,,95,,313,,,,,,,,,,,,,,,,,,,,,,,,,,,,,,,,,,,,,,,,,,,,,,94,,,,,,,,94,,,101,,,,,,,,,,,,,,,,,,,,,,,,1275,,,,,,,,171,,,,,,,,,,,,,,,,,342,,,,,,,,,,,,,,,,,622,,,,,,,171,,,,,131,,466,,,,,,,,,,,,,,,,,,,,,,287,,,,,,,,,,,,,,,,,,,,,,,,,110,,,,,,,,,,,,,313,,,,,,,,,,,,,227,,,,,,146,,170,,,,,,,,,,,,,,732,,432,,,,,,,,,246,,,,,,,,,,,,,,,,,,,130,,,,,,,,,1117,,,,,,,,,,197,,,,,,,,,,,96,,,,,,,,341,,,,,,,,,,,,,,95,,,,,,,,,,220,,,,,,,,129,,,,310,,,,,,,,155,,,,,,,,,,,,,,,,,,,,,,,,,,,2062,,103,,,,,,,,,,,,,,,,,,,,,,,,,2140,,,,,,,,,,,,187,,,,,,,,,,,,1061,105,,,,,,,,,,,,,,,,,,,,,4026,,,108,,380,,,,,111,,,,,,,,193,,875,,,,,,,,,,,,,,,,,,,,,,,,,,,129,,,,,1146,,,592,,,,,,,,,,102,,,,,,,,,,1075,,,,,,143,,,,219,91,,,,,,,,,,,,,,,,,,622,,,,,,,,6732,,,172,,153,,92,,,,,,,,,,,,,,,,,,,,,533,,,,,,,,447,,83,,,,569,,,,1520,,,,,136,,,,,,262,83,,,,,,,,,,,114
2025-08-28T07:00:00Z,,,,,116,,,,,,,,,,,,518,,,,,,,,,114,,,1628,,102,,,,,,,,,,,,,,,,,,,,,,,,,,,,,1666,,,,,,,102,,,121,,,,,,,,134,,,,,,,,,,,,,,,,,,163,,,,,,,,,,,,,,150,,,358,,,,,,,,196,,,162,,,,430,,,,,,,,,,,,,,,,,,,,,,,,,,,,,,,,,,,,,,,,238,,,,110,,,,,,,,,,,2201,,,,,969,,,,,,,,2480,,,,,11962,,,,,,,,,,,270,374,157,,,,,,348,,123,,,,,,,156,,,130,,,,,,,,,,1495,,,,,,,,,,,,,,,,,650,,,,,,112,,312,,,,,,,,,,,,,,,,,,,,,,,,,,,,,,,,,,,,,,,,,,,,,,98,,,,,,,,126,,,110,,,,,,,,,,,,,,,,,,,,,,,,1293,,,,,,,,167,,,,,,,,,,,,98,,,,,419,,,,,,,,,,,,,,,200,,723,,,,,,,257,,,,,104,,540,,,,,,,,,,,,,,,,,,,,,365,290,,,,,,,,,,,,,,,199,,,,,,,,,,,,,,,,,,,,,,,803,,,,,,,,,,,,,245,,,,,,176,,193,,,,,,,,,,,,,,840,,689,,,124,,,,,,257,,,,,,,,,,,,,,,,,,,158,,,,,,,,,1292,,,,,,,,,,289,,,,,,,,,,,110,,,,,,,,436,,,,,,,,108,,,,,,,,,,,,,,,,198,,,725,,,,,115,,,,320,,,,,,,,195,,,,,,,,,,,,,,,,,,,99,,,,,,,,2203,,125,,,,,,,,,,,,,,,,,,105,,,,,,,2176,,,,,,,,,,,,189,,,,,,,,,,,,1024,,,,,,,,,,,,,,,,,,,,,,4406,,,,,645,,,,,126,,,,,,,,273,,968,,,,,160,,,,,,,105,,,,,,,,,,,,,,,136,,,,,1150,,,586,,,,,,,,,,,,,,,,,,107,,1057,,,,,,173,,,,216,98,,,,,,,,,,,,,,,,,,627,,,,,,,,7020,,,172,,,382,,,,,,,,,,,,,,,,,,,,,,895,,,,,,,,495,,102,,,,574,,,,1653,,,,,134,,,,,,303,,,,,,,,,,,,
2025-08-28T08:00:00Z,,,,,,,,,,,,,,,,4357,,,,,,,,,,,,,1184,,,,,,,,,,,,,,,,,,,,,,,,,,,,,,,1607,,,,6215,,,147,,,,,,,,,,,165,,,147,,,,,,,,,174,,,,,,158,,,,,,,,,,,,,,171,,,446,,,,,,2727,,272,,,146,,,,,,,,,,,,,,,,,,,,,,,,,,,,304,,,,,,,,,,,,,,,,141,,,,,,,,,3420,460,,,,,2245,,,,,737,,,,,,,,1250,,,,,3628,,,,,,,,,,,241,386,171,,,,,,317,,129,318,,,,,,244,,,161,1424,,,,,,,,,1160,,,,,,,,,,,,,,,,,715,,,,,266,137,,337,,,,,,,,,,,,,,,,,,,,,,,,,,,,,,,,,,,,,,,,,,,,,,,,,,,,,,,,,,,,163,,,,,,,,,,,,,,,660,,,,,,1204,,,,,,,,167,,,,,,,,,,,,,,,,,,,,,,,,,,,,,,,,457,,772,,,,,,,243,,,,,,,604,,,,,,,,,,,,,,,,,,,,,286,298,,,,,,,,,,,,,,,350,,,,,,,,,,,,,,,,,,,,,429,,907,,,,,,,,,,,,,234,,,,607,,165,,166,,,,,,,,,,,,,,796,,485,,,261,,,,,,245,,,,,,,,,,,,,,,,,,,175,,,,,,,,,1018,277,,,,,,,,,320,,,,,,,,352,,,,,,,,,,,402,281,,338,,,,,253,,,,,,,,,,,,,,,,191,,,1073,,,,,,,,,,,13807,,,,,,,,,,,,,,,,,,,,,,,,,,,,,,,,,2849,,,,,,,,,,,,233,,,,,,,,,,,,,,,1964,,,,,,,,,,,,184,,,,,,,,,,,,1014,,,,,,,,,,,,,,,,,,,,340,,4499,,,,,588,,,,,142,,,,,,,,255,,1015,,,,,360,,,,,,,,,,,,,,,,,,,,,,,,,,,981,,,475,,,,,,,,,,,,,,,,,,,,581,,,,,,153,,,,235,129,,,,,,,,,,,,,,,,,,567,,,,,,,,7684,,260,159,,,545,,,,,,,,1159,,,,,,,,,,,,,,1100,,,,,,,,438,,,,,,535,,,,1413,,,,,134,,,,,,257,,,,,,,,,,,,
2025-08-28T09:00:00Z,,,,,,,,,,,,,,,,5660,,,,,,,,,,,,,,,,,,,,,,,,,,,,,,,,,,,,,,,,,,,,1910,,,,8156,,,,,,,,,,,,,,,,,233,,,,,,,,,,,,,,,,,,,,,,,,,,,,,,175,,456,,,,,,3213,,299,,,183,,,,,,,,,,,387,,,,,,,,,,,,,,,,,254,,,,,,,,,,,,,,,,,,,,,,,,,4241,637,,,,,2398,,,,,676,,,,,,,,821,,,,,2905,,,,,,,,,544,,229,369,,,,,,,323,,,543,,,,,,240,,,174,1741,,,,,,,,,1023,,,,,,,,,,,,,,,,,692,,,,,262,,,315,,,,,,,,,,305,,,,,,,,,,,,,,,,,,,,,,,,,,,300,,,,,,,,,,,,,,,,409,,,,,249,,178,,,,,,,,,,,,,,,783,,,,,,1259,,,,,,,,,,,,,,,,,,,,,,,,,,,,,,,,,,,,,,,,532,,744,,,,,,,180,,,,,,,713,,,,,676,,,,,,,,,,286,,,,,,257,363,,,,,,,,,,,,,,,331,,,,,,,,,,,373,,,,,,,,,,775,,960,,,,,,,,,,,,,,,,,707,,184,,174,,,,,,,,,,,,,,884,,403,,,199,,,,,,245,,,,,,,,,,,,,,,,,,,194,,,,,,,,,1251,360,,,,,,,,,332,,,,,,,,455,,,,,463,,,,,,372,640,,267,,,,,290,,,,,,,,,,,,,,,,187,,,1126,,,,,,,,,,,19197,,,493,,,,,,,,,,,,,,,,,,,,,,,,,,,,,,2414,,,,,,183,,,,,,310,,,,,,,,173,,,,,,,1953,,,,,,,,,,,,184,,,,,,,,,,,,970,,,,,,,,,,,,,,,,,,,,627,,4572,,,,,545,,,,,,,,,,,,,183,,1040,,,192,,437,,,,,,,,,,,,,,,,,,,,,,,,,,,918,,,426,,,,,,,,,,,,,,,,,,,,475,,,,,,,,,,239,,,,,,,,,,,,,,,,,,,563,,,193,,,,,8036,,476,,,,673,,,,,180,,,1260,,,248,,,,,,,,,,,1055,,,,,,,,336,,,,,,507,,,,1446,,,,,,,,,,,440,,,,,,,,,,,,
2025-08-28T10:00:00Z,,,,,,,,,,,8084,,,,,6842,,,,,280,,,,,,,,,,,,,,,,,,,,,,,,,,,,,,,,,,,,,,,1825,,,232,9326,,,,,,,,,,,,,,,,,,,,,,,,,,,,,,,,257,,,,,,,,,,,,,254,,541,,391,,,,,,2543,,321,,,,,,,,,,,,,,851,,373,,,,,,,,,,,,,,,329,,,,,,,,,,,,,,,,,,,,,,,,,4673,,,,,,2352,,,,,656,,,,,,,,,,,,,2763,,,,,,249,,,577,,,360,,,,,,,,,,664,,,,,,243,,,240,2065,,,770,,,,,,1068,,,,,,,,,,,,,,,,,564,,,291,,,,,385,,,,,,,,,,,,,,,,,,,,,,,,,,,,,,,,,,,,,405,,,,,,,,,,,,,,,,410,,,,,612,,265,,,,,,,,,,,,,,,798,,,,,,1246,,,,,,,,,,,,,,,,,,,,,,,,,,,,,,,,,,,,,,,,662,,1037,,,,,,,,,,,,,,619,,,,,789,,,,,,,,773,,735,,,,,,239,261,,,,,,,351,,,,,,,,282,,,,,,,,,,,340,,,,,,,,,700,919,,978,,,,,,,,,,,,,,,,,,,,,,,,,1153,,,,,,,,,,,,315,,,,,,,,,,,,,,,,,,1835,,,,,,,,,,,,,,,,,,,945,353,,,,,,,,,320,,2643,,,,,,381,,,,,769,,,,727,,357,481,,250,,,,,,,,,,,,,,,,,,,,,,,,1069,,,838,,,,,,,,22165,,,573,,,,,,,,,,,,,,,,,,,,1564,,,,,,,,,,3225,,,,,,275,,,,,,275,,,,,,,,,,,,,,,,,,,278,996,,,,,,,,,,,,,,,,,,,1211,,,,,,,,,,,,,,,,,,,,690,,4682,,,,,463,,,,,,,,,,,,,,,955,,,,,407,,,,,,,,,,,,,,,,489,,,,,,,,,,,846,,,262,,,,,,,,,,,,945,,,,,,,,346,,,,,,,,,,,,,,,,,,,,,,,,,,,,,478,,,278,,,,,7926,,448,,,,585,,,,,608,,,1583,,,292,,,,,,,,,,,,,,,,,,,246,,,,,,418,990,,,1393,,,,,,,,,,,321,,,,,,,,,,,,
2025-08-28T11:00:00Z,,,,,,,,,,,,,,,,8033,,,,,344,,,,366,,,,,,,,,,,,,,,,,,,,,,,,,,,,,,,,,,,2338,,,280,10261,,,,,,,,,,,,,,,,,,,,,,,,,,,,,,,,,,,,,,,,,,,,,,,891,,308,,,,,,2454,,328,,,,,,,,,,328,,,,713,,429,,,,,,,,,,651,,322,,,433,,,,,,,,,,,,,,,,,,,,,,,,,3691,,,,,,2961,,,2702,,598,,,,,,,,,,,,,,,,,,,905,,,575,,,324,,,,,,,,,,684,,,,,,,,,,2114,,,1566,,,,,,906,,,,,,,,550,,,296,,,,,,520,,,371,,,,,367,,,,,,,,,,,,,,,,,,,2964,,,,,,599,,,,,,,,,,,,434,,,,,,,,,,,,,,,,282,,,,,866,,,,,,,,,589,,,,,,,,889,,,,,,1296,,,,,,,,,,,,,,,,,,,,,,,,,,,,,,,,,,485,,,,,,751,,1057,,,526,,,,,,,,,,,760,,,,,471,,,,,,,,977,,603,,,,,,,,,,,,,,1140,,,,,,1102,,,,,,,,,,,,,,,,,,,,,,813,802,,994,,,,,,,,,,,,,,,,,,,,,,,,,9201,3008,,,,,,,,,,,,,,,303,,,,,,,,,,,,,,4055,,,,,,,,,,,,,,,,,,,,,,,,,,,,,319,,3262,,,,,,425,,,,,833,,,,1144,,350,403,,,,,,,,,,,535,,,,,,,,,,,,,,,1338,,,962,,,,,,,,24924,,,539,,,,,,,,,,,,,,,,,,,,2987,,,,,,,,,,2763,,,,,,343,,,,,,,,,,,,,,,,,,,,,,,,,720,1218,,,,,,,,,,,,318,,,,,,,1106,,,,,,,,,,,,,,,,,,,,601,,5539,,,,,404,,,,,,,,,,,,,,,1304,,,,,348,,,,,,,,,,,,,,,283,504,,,,,,,,,,,725,,,,,,,,,,,,,,,1689,,,,,,,,313,,,,,,,,,,,,,,,,,,,,,,,,,,,,,473,,,,,,,,9938,,327,,,,478,,,1814,,670,,,1671,,,314,,,,,600,,,,,,,,,,,,,,,,,,,,,1234,293,,1849,,,,,,,,,,,311,,,,,,,,,,,,
2025-08-28T12:00:00Z,,,,,,,,,,,,,,,,,,,,,357,,324,,,,,,,,,,,,,,,,,,,,,,,,,,,,,,,,,,,,,1801,,,,2192,,,,,,,,,,,,,,,,,,,,,,,,,520,,,,,,,,,,,,,,,,,,,,,,925,,,,,,,,2469,,333,,,,,,,,,,526,,,,484,,,,,,,,,,,,1081,,414,,,,,,,,,,,,,,,,,,,,,,,,,,,,3424,,,,,,3348,,,3621,,,,,,,,731,,,,,,,,,,,,,1122,,,725,,,347,,,,,,,,,,670,,,,,,,,,,,,,1871,,,,,,1362,,,,,,,,764,,,542,,,,,586,553,,,,,,,,381,,,,,,,,,,,,,,,,,,,3684,,,,,,685,,,,363,,,,,,,,348,,3359,,,,,,,,,,,,,,,,,,,1082,,,,,,,,,906,,,,,,,,987,,,,,,1188,,,,,,,,,,,,,,,,,,,,,,,,,,,,,,,,,,1181,,,,,,740,,1214,433,,547,,,,,,,,,,,777,,,,,431,,,,,,,,1096,,602,,,,,,607,,,,,,,,1592,,,,,,2362,,,,,,,,,,,,,,,,,,,,,,658,947,,882,,,,,,,,,,,,,,,,,,485,,,,,,,11029,5696,,,,,,,,,,,,,,,,,,,,,,,,,,,,,4495,,,,,,,,,,,340,,,,,,,,,,,,,,,,,,,,3978,,,,,,435,,,,,756,,,,1258,,356,,,,661,,,,,,357,,663,,,,,1126,,,,,,,,,,1733,432,,1051,,,,,,,,,,,492,,,,,,,,,,,,,,,,,,,,4321,,,,,,,,,,2440,,,,,,411,,,,,,353,,,,,,1386,,,,,,,,,,,,,1232,1430,,,,,,,,,,,,,,,,,,,1189,,,,,,,,,,,,,,,,,,,,414,,,,,,,412,,,,381,,,,,,,,,,,678,,,,,324,,,,,,,328,,,,,,,,,525,,399,,,,,,,,,685,,,,,,,,,,,,,,,2135,,,,,,,,,,,,,,,,,,,,,,,,,,,,,,,,,,,,,,,,,,,,,11520,,316,,,,398,,,11160,,880,,,1937,,,363,,,,,638,,,,,,,,,,,,,,,,,,,329,,1109,353,,,,,,,,,,,,,334,,,,,,,,,,,,
2025-08-28T13:00:00Z,,,,,,,,,,,,,,,,,,,,,,,408,,,,,,,,,,,,,,,,,,,,,,,,,,,,,,,,,,,,,,,,353,1292,,,,,,,,,,,,,,,,,,,,,,,,,604,,,,,,,,,,,,,,,,,,,,392,,961,,,,,,,,2124,,373,,,,,,,,,,660,,,,539,,,,,,,,,,,,1076,,381,,,,,,,,,,,,,,,,,,,,,,,,,,,,3405,,,,,,3461,,,3622,,,,738,,,,737,1310,,,,,,,,,,,,1169,,,618,,,393,,,,,,,,,,,,,,,,,,,,,,,2020,,,,,,1831,,,,,,,,834,,,575,,,,,620,,,,,,,,,418,,,,,,,,,,,,,,,,,,,4360,,,,,,,,,,,351,,,,,,,383,,2940,,,,,,,,,,,,,,,,,,,1209,,,,,,,,,,,,343,,,,330,1056,,,,,,1093,,,,,,,,,,,,,,,,,,,,,,,,,,,,,,,,,,794,,,,,,732,,1236,,,565,,,,,,,,,,,912,,,542,,419,,,,,,,,1279,,665,,,,,,430,,384,,,,,,1753,,,,,,2070,,,,,,,,,,,,,,,,,,,,,,784,896,,881,,,,,724,,,,,,,,,,,,,,,,,,,,3913,9050,,,,,,,,,,,328,,,,,,,,,,,,,,,,,,4334,,,,,,,,,,,,417,,,,,,,,,,,,,,,,,,,4172,,,,,,,,,,,871,,,,1192,,389,,,,584,,,,,,445,,627,,,,,1241,,,,,,,,,,1695,527,,1094,,,,,,,327,,1200,,559,,,,,,,,,,,,,,,,,,,,5778,,,,,,,,,,2647,,,594,,,443,,,,,,393,,,,,,1725,,,,,,,,,,,,,1317,1401,,,,,,,,,,,,,,,,,,,1219,,,,,,,,,,,,,,,,,,,,376,,,,,,,,,,,530,,,,,,,,,,,709,,,,,374,,,,,,,442,,,,,,,,,,,364,,,,,,,,,,,,,,,,,,,,,,,,,,,,,,,,,,,,,,,,,,,,,,,,,,,,,,,,,,,,3659,,,,,,,,,12437,,,,,,,,,11918,,910,,,1699,,,387,,,,,576,,,,,,,,,,,,,,,,,,,,,914,,,,,,,,,,,,,,331,,,,,,,,,,372,,
2025-08-28T14:00:00Z,,,,,,,,,,,,,,,,,,,,,,,462,,,,,,,,,,,,,,,,,,,,,,,,,,,,,,,,,,,,,,,,,1024,,,,,,,,,,,,,,,,,,,,,,,,,658,,,,,,,,,,,,,,,,,,,,,,962,,,,,300,,,3499,,,,,,,,,,,,501,,,,436,,,,,,,,,,,,1030,,397,,,,,,,,,,,,,,,,,,,,,,,,,,,,3546,,,,,,4050,,,3446,,,,785,,,,700,1207,,,,,,,,,,,,1182,,,,,,389,,,,,,,,,,,,,,,,,,,,,,449,1828,,,,,,2117,,,,,,,,811,,315,,,,,,556,676,,,,,,,,364,,,,,,,,,,,,,,,,,,,4305,,,,,,,,,,310,653,,,,,,,404,,2874,,,,,,,,,,,,,,,,,,,1065,,,,,,,,,,,,380,,,,,1066,,,,,,902,,,,,,,,,,,,,,,,,,,,,,,,,,,,,,,,,,642,,,,,,363,,1099,,,568,,,,,,,,,,,1015,,,,,387,,,,,,,,1405,,,,,,,,,,517,,1027,,,,868,,,,,,2148,,,,529,,,,,,,,,,,,,,,,,,1007,1234,,850,,,,,807,,,,,,,,,,,,,,,,,,,,2728,11108,,,,,,,,,,,338,,,,,,,,,,,,,,,,,,4277,,,,,,,,,829,,,,,,,,,,,,,,,,,,,,,,4093,,,,,,,,,,,893,,,,1143,,359,,,,383,,,,,,442,,710,,,,,1277,,,,,,,,,,1625,510,,995,,,,,,,480,,1603,,587,,,,,,,,,,,,,,,,,,,,,,,,,,,,,,2364,,,635,,,408,,,,,,399,,,,,,1729,,,,,,,,,,,,,1401,1258,,,,,,,,,,,,306,,,,,,,1254,,,,,,,,,,,,,,548,,,715,,,,,,,,,,,,,,545,,,,,,,,,,,,,,,,336,,,,,,,493,,,,,,,,,,,405,,,,,,,,,,,,,,,,,,,,,,,,,,,,,,,,,,,,,,,,,,,,,,,,,,,,,,,,,,,,4745,,,,,,,,,14011,,,,,,,,,12158,,920,438,,1711,,,379,,,,,562,,,,,,,,,,,,,346,,,,,,307,,866,,,,,,,,,,,,,,320,,,,,,,315,,,415,,
2025-08-28T15:00:00Z,,,,,,,,,,,,,,,,,,,,,,,428,,,,,,,,,,,,,,401,,,,,,,,,,,,,,,,,,,,,,,,,,,961,,,,,,,,,,,,,,,,,,,,,,,,,689,,,,,,,458,,,,,,,,,,,,,,,867,,,,,,,,3855,,,,,558,,,,,,,554,,,336,500,,,,,,,,,,,,990,,,,,,,360,,,,,,,,,,,,,,,,,,,,,,,,,,,,,4779,,,3217,,,14536,811,,,,704,,,,,,,,,,,,,1099,,,,,,382,,,,,,,,,,,,,,,,498,,,,,,,1675,,,,,,,,,,,,,,783,,323,,,,,,596,,,,,,,,,886,1113,,,,,,,,,,,,,,,,,,4465,,,,,,,,660,,,1010,,,,,,,,,2901,,,,,,,,,,,,,,,,,,,905,,,,,,,,,,,,459,,,,,1061,,,,,,932,,,,,,,,,,,,,,,,,,,,,,,,,,,,,,,,367,,554,,,,,,,,1469,,,,,,,,,,,,,,1289,,,,,490,,,,,,,,1308,,,,,,,,,909,566,,680,,,,723,,,,,,1862,,,,602,,,,,,,,,,,,,,,,,,1075,1369,,,,,,,773,,,,,,,,,,,,,,,,,,,,,11768,,,,,,,,,,,360,,,,,,,,,,,,,,,,,,4235,,,,,,,,,1893,,,,,,,,,,,,,,,,,,,,,,4446,,,,,,,,,,,,,,,1165,,367,,,,339,,,,,,396,,642,,,,,1210,,,,329,,,,,,1728,499,,,,,,,,,545,,1879,,571,,,,,,,,,,,,,,,,,318,,,,,,,,,,,,,3539,,,672,,,426,,,,,,,,,,,,1794,,,,,,,,,,,,,1688,1194,,,,,,,,,,,,,374,,,,,,1236,,,,,,,,,,,,,,885,,,846,,,,,,,,,,,,,,505,508,,,441,,,,,,,,,,,,351,,,,,,,467,,,,,,,,,,,,,,,,,,,,,,,,,,,,,,971,,,,394,,,,,,,,,,,,,,,,,,,,,,,,,,,,,,,,,,,,,4938,,,,326,,,,,18197,,,,,,,,,11773,,1069,598,,1760,,,381,333,,,,529,,,,,,,,,,,,,402,,,,,,,,857,,,,,,,320,,,,,,,926,,,,,,,,,,391,,
2025-08-28T16:00:00Z,,,,,,,,,,,,,,,,,,,,,,,362,,,,,,,,,,,,,,,,,,,,,,,,,,,,,,,,,,,,,,,,,,,,,,,,,,,,,,,,,,,,,,,,,,572,,413,,,,,,,,,,,,,,,,,,,,,,,466,,275,,,3451,,,3444,,,,,,,,,499,,,,385,,,,,,,,,,,,823,,,,,,,599,,,,,,,,,,,,,,,,,,,,,274,,,,,,,,3953,,,2809,,,4866,741,,,,626,,,,,,,,,,,,,,,,,,,339,,,,,,,239,,,,,,,,288,,,,,,,,1553,,,,,,,,,,,,,,,,242,,,,,,546,,,,,,,,,265,1134,,,,,,,,,,,,,,,,,,3694,,,,,,,,984,,,,,,,239,,,,,2394,,,,,,,,,,,,,,260,,,,,717,,,,,,,,,,,,585,,,,,937,,,,,,957,,,,,,,,,,,,,,,,,,,,,,,,,,,,,,,,,,492,,,,298,,,,,,,,,,,,,,,,,,386,,,,,,,,,,,,,,,,,,,,,,,629,,546,,,,620,,,,,,1964,,249,,402,,,,,,,,,,,,,,,,,,922,1028,,,,,,,,,,,,264,,,,,,,,259,,,,,,,,10490,,,,,,,,,,,280,,,,,,,,,,,,,,,,,,,,,,,,,,,2068,,,,,,,,,,,,,,,,,,,,,,3593,,,,,,,,,,,,,,,978,,327,,,251,280,,,,,,320,,,,,,,1007,,,,347,,,374,,,1467,397,,,,,,,,,448,,1442,,492,,,,,,,,,,,,,,,,,291,,,,,,,,,,,,,1346,,,567,,,433,,,,,,,,,,,,1542,,,,,,,,,,,,,,986,,,,,,,,,,,,,290,,,,,,946,,,,,,,,,,,,,,609,271,,798,,,,,,,,,,,,,,391,,,,498,,1104,,,,,,,,,50563,277,,,,,,,262,,,,,,,,276,,,,,,,,,,,,,,,,,3745,238,,,,1113,,,,272,,,,,,,,,,,,,,,,,,,,,,,,,,,,,,,,,,,,,4707,,,,316,,,,,12973,,,,,,,,,10560,,567,447,,1305,,,299,319,,,,,,,,,,,,,,,,,356,,,,,,260,,674,,,,,,,,,,,,,,,,,,,,,,,,360,,
2025-08-28T17:00:00Z,,,,,,,,,,,,,,,,,,,,,,,387,,,,,,,,,,,,,,,,,,,,,,,,,,,,,,,,,,,,,,,,,,,,,,,,,,,,,,,,,,,,,,,,,,598,,,,,,,256,,,,,,265,,,,,,,,162,,,,597,,194,,,,,,10289,,,,,,,,,539,,,,,,216,,,,,,,,,,655,,,,,,,,,,,,,,,,,,,,,,,,,,,,414,,,,,,,,2742,,,2734,,,10167,687,,,,,,,,,,,,,,,,,,,,,,,273,,,,,,,,,,,,,,,,184,,,,,,,1481,,,,,,,,,,,,,,,,,,,,,,628,,,,,,,,,345,1058,,,,,,,,,,,,,,,190,,,3329,,,,,,,,,,,,,,,228,,,,,2278,,,,,,,,,,,,187,,,,183,,,733,,,,,,,,,,,,604,,,,,850,,,,,,848,,,,,,,,,,,,,,,,,,,,,,,,,,,,,,,,,,486,,,,253,,,166,,,,,,,,,,,,,,,576,,,,,,,,,,,166,,,,,,,,433,,,,604,,477,,,,706,,,,,,,,271,,321,,,,,,,,,,,197,,,,,,,,983,,,,,,,,,,,,281,,,,,,,,269,,,,,,,,9563,,,,,,,,,,,269,,,,,,,,,,,,,,,,,,,,,,,,,,,1913,,,,508,,,,,,,,,,,,,,,,,,3316,,,,,,,,,,,,,,,864,,328,,,236,222,,,,,,296,,,,,,,956,,,,253,,,410,,,1347,373,,,,,,,,,432,,1244,,449,,,,,,,,,,,,,,,,,295,,,,,,,,,,,,,1575,,,368,,,,,,,,,,,,,,,1368,,,,,,,,,,,,,,947,,,,,,,,,,,,,294,,,,,,929,,,,,,,,,,,,,,,232,,,,,,,,,,,,,,,,297,,,,466,,3221,194,,,,,,,,,255,,,,,,,,,,,,,,,193,,,,,,,,,,,,,,,,,7770,174,,,,1084,,,,191,,,,,,173,,,,268,,,,,,,,,,,,,,,,,,,,,,,,,,,5978,,,,301,,,,,10976,,,,,,,,,9868,,,449,,1227,,,290,297,,,,,,,,,,,,,,,,,353,,,,,,268,,648,172,,,,,,,,,,,,,192,,,,,,,,,,368,,
2025-08-28T18:00:00Z,,,,,,,,,,,,,,,,,,,,,,,275,,,,,,,,,,,,,,,,,,,,,,,,132,,,104,,,,,,,,,,,,,,,,,,,,,,,,,,,,,,,,,,,,,,,585,,,,,,,288,,,,,117,,,,,,,,,142,,,,711,102,,,,,,,,,,,,,,,,514,,,,,,157,,,,,,,,,,599,,,,,,,,,,,,,,139,,,,,,,,,,,,,,263,,,,100,,,,2227,,,2480,,,3380,615,,,,,,,,,,,,,,,,,,,,,,,233,,,,,,,,,,,,,,,,,,,,,,,1500,,,,,,,,,,,,,,,120,,,,,,,618,,,,,,,,,,,,,,,,,,,,,,,,,214,,,3208,,,,,,,,,,,,,,,136,,,,,1717,,,,,,,,,,,,261,,,,138,,,573,,146,,,,,,,,,,419,,,,,,,,,,,805,,115,,,,,,,,,,,,,,,,,,,,,,,,,,,,,,,,452,,,,,,,197,,,,,,,,,,,,,,,527,,,,,,,,,,,174,,,,,,,,502,,,139,563,,397,157,,,,,99,,,,,,,,259,,,,,,187,125,,,,165,,,,,,,,,,,,,,,,,,,,262,,,,,,,107,262,,,,,,,,4184,,,,,,,,,,,,,,,,,,,,,,,,,,,122,,,,,,,,,,,1965,,,,700,,,,,,,,,,,136,,,,,,,3317,,,101,,,,110,,,,,,,,753,,321,,,,195,,,,,,236,,,,,,,909,127,,117,,,,348,,,908,,,,,,,,,,,,1166,,449,,,,,,,,,,,,,,,,,283,,,,,,,,,,,,,,,,380,,,,,,121,,,,,,,,,,,,,,,,,,,,,,,792,,,,,,,,,,,,,221,149,,,,,891,,,102,,,,,,,,,,,,,,,,,,,,,,,,,,,,182,,,107,415,,2809,224,,,,,,,,,241,,,,,,,132,,,,,,,,,,,,,,,,,,,,,,,,,6531,,,,,822,,,,145,,,,,,197,,,,317,,,,,,,,,,,,,,,,,,,,,,,,,,,,,,,298,,,,,9056,,,,,,,,,8997,,,555,,1226,,,155,275,,,,,,,,,,,,,,,,,,,,,,,262,,,,,,,,,,,,,,,,189,,,,,,,,,,321,,
2025-08-28T19:00:00Z,,,,,,,,53,,,,,,,,,,,,,,,249,,,,,,,,67,81,,,54,,,,,,,,,,,,133,,89,,,,,,,,76,,,,,,,,,,,,,,,64,,,,,,,,,,,,,,,,,,,,,,,,,,,,,117,,,,,80,75,,,148,,,,800,97,,,,,83,,,,,,,,,,,544,,,68,,,,,,,58,,,68,,,565,,,,,,,,,,,,,,128,,,,54,,,,,,,,,,,,,,100,,,,2151,,,,,,,603,,,,,,,,,,59,,,,,,,,,,,,,240,,,,,,,,,,,,,,,,,,67,,,,,1446,,,,,,,,,,,,,,,106,,,,,,,496,,,,,,,,,,,,,,,,,,,,,,,,,240,,,,,,,,66,,,,,136,,,,,,,,,,,,,,,81,,,,151,,,,,,,136,,,515,,,,,54,,,,,,,564,,,,,,,,,,,729,,,,,,,,,,,,,,,,,,,,,,,,,,,,,,,,,,711,,,,,,,,,,,,,,,,,,,,,,558,,,,,,,,,,,163,,,,,,,81,,,,143,,,,,,,,,91,,,61,,,,,243,,,,,,243,117,,,,160,,,,,,,,,,,,,,,,,,,,284,,,,,,,,,,,,,,,,,,,,,,,,,,,,,,,,,,,,,,,,,,,,,,,,,,,,,,1894,,,,,,,,,,,,,,,,,,,,,,3348,,,94,,,,108,,,,,,,,589,,,,,,,,,98,,,225,,,,,,,894,131,,120,,,59,328,,,836,,85,,,,,,,,,,1057,,426,,,,,,,,,,,,,,,,,,,,,,,,,,,,,,,,,,,,,,,103,,,,,,56,,,,,,,,,,,,,,,,,717,,63,,,76,62,,,,,,,187,148,,,,,818,,,,,,,,,,,,,,,,,,,,,,,,,,,,91,,,,,,121,378,,,179,,,,,,,,,,,,,,,,,,,,,,,,,,,,,,,,,,,,,,,,,,,,,,,,,,125,,,,,,190,,,,364,,52,,,,,,,,,,,,,,,,,,,,,,,,,,,,,282,,,,,9147,,,,,,,,,8397,,,660,,1109,,,129,275,,,,,,,,,,,,,,,53,,,,,,,,,,,,,,,,,,,,,,,,280,,,,,,,,,58,,,
2025-08-28T20:00:00Z,,,,,,,,36,,,,,,,,,,,,,,,272,,,,44,,,34,82,,,,61,,,,40,,,,,,,,,,,,,,,,,,95,,,,,,,,,,,,,,32,55,,,,,43,,,,,,35,,,,,,,,,,,,,,,,,,,,,,,,,,,150,,67,,839,104,,,,,95,,,,,,,,,,,,41,,165,,,,,,,51,,,,41,,,,,,,,,,,,,,48,,157,,,,53,,,,,,,,,,,,,,105,,,,,,,,,,,,,,36,,,,,,,65,,,,,,,,,,,,,240,,,,,,,,58,,,,,,,,,,,,,,,,,,,,33,,,,,33,,,,,115,,,,,,,608,,,,,,,,,,,,,,,,,,,,,,,45,,254,,,,,,,,,,34,,,,,,,,,,,,,,,,,,,,,,237,,,,,,,151,,,489,,,,,65,,,,,,,648,,,,,,,,,,,788,,,,,,,,,,41,,,,,,,,,,,49,,,,,,,,,,,,,,,,,,,,,,,,,,,37,,,,,36,,,667,,,,,,,,,,,151,,,,,,,,,,,,,,,,,,,,,,,87,,,,,,,,,,,,,,,,146,,,,,,,,,,,,,,,,,,,,,,,,,,,,,,,,,,,,,,,,,,,,,,,,,,,,,,,,,,,,,,,,,,,59,,,,,,33,1942,,,,,,62,,,,,,,,,,,,,,,,3449,,,,,,,111,,,,,32,,,557,,,,,,,,,,,,222,,,,,,,,,,,,,,317,,,679,,96,,,,,,,,,,,,409,,,,,,,,,,,,,,,,,,,,,,,,,,,,,,,,,,,,,,,,,,,,,86,,,,,,,,,,,,,,,,,671,,84,,38,68,,,,,,,,143,,,,,,900,,,,,,,,,,,,,,,,,,,92,,,,,51,,39,,,,,,,,,,,,,,,35,,,,,,,,38,,,,35,,,,,,,,75,,,,,,,,,,,,,,,,,,,,,,,,,49,,97,,,,30,,195,,,,241,,,,,,32,,,,,,,,,,,,,,,54,,,,,,,,,,234,,,,,,31,,,,,,,,7840,,,835,,,31,,134,308,,,,,,,,,,,,,,41,62,,,,,,,,,,,,,,,,,,,,,,,31,,,,,,,,,34,91,,34,
2025-08-28T21:00:00Z,,,,,,,,36,28,,,,,,,,,,,,,,,,,,39,,,35,68,,,,,,,,38,,,,,,,,,,,,,,,,,,91,,,,,,,,,101,,,,,26,59,,,,,,,,,,,40,,,,,,,,,,,,,,,,,,,,,,,,,,,137,,,,749,105,,,,,98,,,,,,,,,,,,,,,,,,,,,45,,,,56,,,,,,,,,,,,,,51,,130,,,,67,,,,,,,,,,,,,,107,,,,,,,,,,,,,,38,,,,,,,60,,,29,,,,,,,,,,235,,,,,,,,45,,,,,,,,,31,,,,,,,,,,,40,,,,,36,,,,,121,,,,,,,632,,,,,,,,,,,,,,,,,,,,,,,,,,,,,,,,,,,39,,,,,27,,,,,,,,,,,,,,,,,269,,,,,,,152,,,420,,,,,59,,,,,,,660,,,,,,,,,,,920,,,,,,,,,,34,,,31,,,,,,,,53,,,,,,,,,,,,,,,,,,,,,,,,,,,25,,,,,31,,,527,,,,,,,,,31,,152,,,,,,,,,,,,,,,,,,,,,,,100,,,,37,,,,,,,,,,,27,142,,,,,,25,,,,,,,,,,,,,,,,,,,,,,,,,,,,,,,,,,,,,,,,,,,,,,,,,,,,,,,,,,,,,,,,,,,,2051,,,,,,,,,,,,,,,,,,,,,,3184,,,,,,,100,,,,,36,,,504,,,,,,,,,,,,81,,,,,,,,,,,,,,284,,,,,,,,,,,,,,,,,365,,,,,,,,,,,,,,,,,,,25,,,,,,,38,,31,,,,,,26,,,,,,,,,,,65,,,,,,,,,,,,,,,,,607,,88,,48,,,,,,,,,,,,,,,828,,,,,,,,,,,,,,,,,,,131,,,,,50,,,,,,,,,28,,,,,,,,42,,,,,,,,54,25,,,35,,,,,,,,72,,,,,,,30,,,,,,,,,,,,,,,,,,48,,,,,,26,33,182,,,,177,,,,,,25,,,,,,,,,,,,,,28,56,,,,,,,,,,194,,,,,,39,,,27,,,,,7306,,,961,,,33,,,278,,,,,,,,,,,,,,42,57,,,,,,,,,,,,,,,,,,,,,,,40,,,,,,,,,,,,31,
2025-08-28T22:00:00Z,,,,,,,,31,,,,,,,,,,,,,,,,,,,52,,,33,68,,,,,,,,44,,51,,,,,,,,,,,,,,,,106,,,,,,,,,175,,26,,,23,54,,,,,51,,,,,,41,,,,,,,,,,,,,,,,,,,,,,,,,,,135,,,,1122,90,,,,,101,,,,,29,,,,,,,,,,,,,,,,,,23,,87,,,,,,,,,,,,,,52,,,,,,77,,,,,,,,,,,,,,,,,,,,22,,,,,,,,36,,,,,23,,57,,,32,,,,,,,,,,275,,,36,,,,,33,,,,,,,,,,,,,,,,,,,,43,,,,,,,,,,129,,,,,,,778,,,,,,,,,,,,,,,,,,,,,,,,,,,,,,,,,,,30,,,,,,,,,,,,,,,,,,,,,,287,,,,25,,,186,,,,,,,,81,,,,,,,833,,,,,,,,,33,,1112,,,,,,42,,,,31,,,24,,,,,,,,49,,,,,,,,,,,,,,,,,,,,,,,25,,,,,,,,,,,,,,,,,,,,,42,,138,,,,,,,,,,,,,29,,,,,,,,,,155,,,,58,,,,,,,,,,,,168,,,,,,53,,,,,,,,,,,,125,,,,,,,,,,,,26,,,,,,,,,,,,,,,,,,,,,,,,,,,,,,,,,,,,,,,,,,,,2424,,,,,,,,,24,,,,,,,,,,,,,,,,,,,,,,,,,29,,,,88,,,,,,,,,,,,,,,,,,,,,,,,,296,,,,,,,,,,26,,,,,,,490,,,,,,,,,,,,,,,,,,,24,,,,,,,76,,23,,,,,,30,,,,,,,,,,,,,,,,,,,,,,,,22,,,,,,104,,,,,,,,,,,,,,,,,1036,,,,23,,,,,,,24,,,,,,,,79,,,,,51,,,,,,,,,,,,,,,,,,,33,,,,,,85,,,,31,,,,,28,26,,,,,,,,,,,,,,,,,,,,,,,,,,,23,,,,,,,43,218,,,,167,,,,,,28,,,,,,,29,,,,,,,30,60,,23,,,,,,,,,,,,,,,,,,,,,,,,,1214,,,,,,271,,,,,,,34,,,,,,,49,58,,,,192,,27,,,,,,,,,,,,,,,,,,,,,,,,,,,,,41,
2025-08-28T23:00:00Z,27,,,,,26,,,,,,,,,,,,,,,,,,,,,65,,,35,76,,,,,,,,,,79,,,,,,,,,,,,,,,,115,,,,86,,,,,297,,,,,,57,,,,,50,,,,,,36,,,,,,,,,,101,,,,26,,,,,,,,,,,,,125,,,,1194,93,,,,,117,,,,,49,,,,,,,,,,,,,,,,,,,,103,,,,,,,,,,,,,,66,,,,,,49,,,,,,,,,,,,,,,,,,,,,,,,,,,,41,,,,,,,,,,28,,,24,,,,,,,295,,,36,,,,,26,,,,,,,,,,,,,,,,,,,25,,,,,,,,,,,139,,,,,,,,,,,,,,,,,,29,,,,,,,,,,,,,,,,,,24,,,,,,35,,,,,,,,,,,,,,,,,,,,,,308,,,,,,,243,,,,,,,,90,,,,,,,743,,,,,,40,,,31,,1338,,,,,,69,,,,35,,,,,,,,,,,64,,,,,,,,,,,,,,,,,,,,,,,,,,,,,,,37,,,,,,,,,,,,,,25,130,,,,,,,,,,,,,35,,,,,,,,,,183,,29,,62,,,,,,,,,,,,225,41,,,,,70,,,,,,,,,,,,157,,,169,,,,,,,,,,,,,,,,,,27,,,,,,,,,,,,,,,,,,,,,,,,,,,,,,,,,,,2614,,,,,,,,,,,,,,,,33,,,33,,,,,,,,26,,,,,,,,,,,133,,,,,,,27,,,,,,,,,,,,,24,,,,,314,,,,,,,,,37,46,,,,,,,494,,,,,,,,,,,,,,,,,,,,,,,,,,107,,,,,,,,39,,,,,,,,,,24,,,,,,,,,,,,,,67,,,,,,126,,,,,,26,,,,,,,,,,,1116,,,,28,,,,,,25,,,,,,,,,85,,25,,,45,,,,,,,,,,,,,,,,,,,47,,,,,50,85,,,,,,,,,,,,,,,,,,,,,,,,,,,,60,,,,,50,,,,,,,,,,,45,200,,,115,125,,,,,,,,,,,,,33,,36,,,,,36,46,,,,,,,,,,,,,,,,,,,,,,,,,,,1486,,,,,,,,,,,,,,,,,,,,,64,,,,700,,38,,,,,,,,,,,,,,,,25,,,,,,,,,,,,,31,
2025-08-29T01:00:00Z,,,,,,,,,,,,,,,,,,89,,,,,,,,,,,,,92,,,,,,,,,,84,,,41,,42,,81,,,,,106,,,,147,,,,368,,,,,375,,,,,,59,130,,,,,,,,,,44,,,,57,,,,,,189,,,,53,,,,,,,,,,,,,,,,,1308,,,,,,108,,,,,,,,,,,,,,,,,,,,,,,,,125,,,,,,,,,,,,,,64,,,,,,46,,,,,,,,,,,,,151,,,,,,,,,,,1484,,,,,,,,,,,,,,,,,,,,,,,,320,,,47,,,,,,,,,,,,,,,,,,,,,,,805,,,,56,,,,,,,,,,,,,,,,,,,,,,,,,,69,46,,,,,,,,,,,,,,,,,141,,,,,,,,,,,,,,,,,,,,,,,,,,,,347,,,,,,,261,,50,,,,,,89,48,,,,,,,,,,,,55,,,,,1718,,,,,,,221,,,,47,,,,,,,,,,90,,,,,76,,,,,,,,,,64,,,,,,,,,,,,,,,,51,,,,,,,,,,,,,,,140,,,,,,,,,,,,,,,,,,,,,,,,,,,91,,,,,,,,,,,,258,69,,,,,79,,,,,,,,,,,,250,,,1304,115,,,,,,,,,,,,,,,,,42,51,,,,,,,,,,,,,,,,117,,,,,756,,,,,,,,,,,,,,,,,,,,,,,,,,,,,93,,,63,,,,,,,,,,,,,,,,,,,141,,,48,,,,,,,,,,,,,,,,,101,,,,,363,,,,,,,,,92,,,,,,,,548,,,171,,,,,,,,50,,,,,,,58,,,,,,,,119,,,,,,,,41,,,,66,,,,,,,,,,,,,,,,,,,,155,,,,,,,,,,,,,,,,490,,,,130,,,1522,44,,,,,,,,,47,,41,,,,,,,,,,,,47,,,,,,,,,,,,,,,48,,,,145,,,,,73,,,,,,,,,,,,,,,,,,,,,,,,,,,,,568,,,,,150,,,,,55,,,,,,,198,,,616,,,,,,,,,,,,,,50,,88,,,,,,,,,611,,,,,,,,,,,113,,,,,,,,,,,,,1967,,,,,,,,,,,,,,,,,,,,,70,,,,1141,77,,,,,,,,,,,,,,,,,,,,,,63,,,,,,,,,
2025-08-29T03:00:00Z,,,,,,,,,,,,,,,,,,90,,,,,,92,,,,5457,780,65,97,,,,,,,,,,88,,,,,,,98,,,,,105,157,,,166,,,,253,,,,,427,,,,,,79,148,,,,,,,,,,,,,,,,,,,,,,,,65,,,,,,,,,,,,,80,,,,1094,,,,,,192,,5263,,,,,,322,65,,,,,,,,,,,,,,,,,71,,,,,67,,,,,,,,,,,,,,,,,112,,,,94,,,,,,1151,,,,,,,,,,,3618,,,,,,,,,,,,,,,,,,,,,,,,441,,,69,,,,,,,,,,,,,,,,,,,,,,,1677,,,,90,,,,,,,,,,,,,,,,832,,967,,,,,,,,84,,,,,,,65,,,,,,,,,,,174,,,,80,,,,,,,,,,,,,,64,,,,,,,,,1126,335,,,,,,72,241,,86,,,,,,,,,,,,,,,,,,,,,,,,1410,,,,,,,67,,,,,,,,,,,,68,,,,,,,71,,,,,,,,,,72,,,,,131,,,,,67,,,,,,65,,,,,,,,,,,,,,,,106,,,,96,,,278,,,,,,,,,,,,,,,,,,,,,,,,,,,,,,,304,59,,,,,121,,,,,,,,127,,,,286,,,1385,136,,,,,,,,,,,,,,,80,,,,,142,,,,,,,,,,,,,,193,,,,,,,,,,,,,70,,,,,,,,,,,,,,,837,,,,,,110,,,93,,,,,,,,,,,,,,,,,,,116,,,,,,,,,,,,,,,,,,,,146,,,,,386,,,,,,,,,95,,,,,,,,686,,91,337,,,,,,,,,,,,,,,85,,,,,,,,133,,,,,,,,,,,,198,,,,,,,,,,,,,78,,,,,,,,,,,,,,,,,,,,,,153,585,,,,,,,1745,107,,,,,105,,,,,,,,,,,,,,,,,,,,,,,838,,,,,,,,1491,,61,,,,229,,,,,81,,,,,,,,129,,,,80,,,,,,,,,,,,,,,,,662,,6335,230,108,172,,,,,135,,,,,,,126,,,1265,,,,,,,,,,174,,,,,,,,,,,,,,,675,,,,120,65,,,,,,113,,,,112,,197,,,,,,,,,,,,,,,,,,,,,,,,,,,,67,,,,766,103,,76,,329,,,,3403,,,,,,,,,,,,,,74,,,130,,,,,,
2025-08-29T04:00:00Z,,,,,,,,,,,,,,,,,,103,,,,,,125,,,,5879,899,,105,,,,,,,,,,,,,,,,,,,,,,,134,,,,,,,249,,,,,452,,,,,,88,196,,,,,,,,,,,,,,,,,,150,,,,,115,,,,,,,,,,,,,,153,,,,,,,,,,,,6566,,,,,,337,,,,,,,,,,,,,,86,,,,,,,,,,,,,,,,83,73,,,,105,,,,,120,,,,93,,78,,,,1065,,,,,,,,,,,3180,,,,,,,,,,,,,,,,,,,,,,,,466,,,,,,,,,,,,,,80,,,,,,,,,,118,,1595,,,,73,,,,,,,,,,469,,,,,,902,,1214,,588,,,,113,,,,,,,,,,,,,,,,,,,,159,,,,91,,,,,,,,,,,,,,,,,,,,,,,1493,327,,,,,,81,,,99,,,,,,,,,,,,,,,,71,,,,,,,,1336,,,,,,,,,,,,,,,,,,,,73,,,,,205,,,,,,,,,,,84,,,,,158,,,,,74,,,,,,,,,,,,,,,,,,,,,,104,,,,103,,,315,,,,,,,,,,,,,,,,,,,,,,,,,,,,,,,,,,,,,,,574,,,,,,,,,,,,,1264,123,,,,,,,,,,,,,,,143,,,,,153,,,,,,,,,,,,,,194,,,,,,,,,,,,,,,,,,,,,,,,,,,,1040,,,,,,92,,,79,,,,,,,,,,,,,,,,,,,109,,,,,,,,,,,,,,,71,,,,,,,,,,380,,,,,,,,,,,,261,,,,,,,101,345,,,,,,,,,,,,,,,87,,,,,,,,134,,,,,,,,,,,,159,,,,,,,,,,,,,82,,,,,,,,,,,,,,,,,,,,,,159,609,,,,,,,1732,,,,,,116,,,,,,,,,,,,,,,,,,,,,,,535,,,,,,,,1744,,,,,,145,,,,,78,,,,,,,,126,,,,72,,,163,,,,,,,,,,,,,,616,,7362,261,110,190,,,,,136,,,,,,,,,,1337,,,,,,,,,,228,,,,,,,,,,,,,,,634,,,,415,,,,,,,111,,,188,95,,178,,,,,,,,,,,,,,,,,,,,,,,,,,,,,,,280,703,106,,,,560,,,,4998,,,,,,,,,,,,,,,,,142,,,,,,
2025-08-29T05:00:00Z,,,,,,,,,,,,,,118,,,123,,,,,,,157,,,,5779,953,,,,,,,,90,,,,,,,,,,,,,,,,,111,,,,,,,,,,,,396,,,,,,99,,,,,,,,,,,,,,,,,,,91,,,,,116,,,,,,,,,,,,,,179,,,,,,,,,,,,6992,,,,,,330,,,,,,,,,,,,,,,,,,,651,,,,,107,,,,,,100,,,,,,,,,,131,,,,108,,172,,,,1029,,,,,2008,,,,,,9139,,,,,,,370,,,,,,,,,,,,,,,,,418,,,,,,,,,,,,,,,,,,,,,,,,776,,1379,,,,,,,,,,,,,,663,,,,,,1026,,,,1415,,92,,370,,,,,,,,,,,,,,,,,,,,,,,,100,,,,,,,,,,,,,,,,,,,,,,,1642,,,,,,,86,,,93,,,,,,,,,,,,,,,,,,,,,,,,1630,,,,,,,,,,,,,,,,,,,,88,,,,,329,,,,,,,,,,,94,,,,,191,,,,,,,,,,,,,,,,,,,,,,,,,,,123,,,,102,,,449,,,,,,,,,,,,,,,,,,,,,,,,,,,,,,,,,,,,,,,773,,,,,,,,,,,,,1198,,,,,,,,,,,,,,,,137,,,,,157,,,,,,,,,,,,,,194,,,,,,,,,,,,,,,,,,,,,,,,,,,,1136,,,,,,91,,,,195,108,,,,,,,,,,,,,,,,,109,123,,,,,,,,106,,,,,,,,,,,,,,,,321,,,,,,,,,,,,361,,,,,,,100,316,,,,,,,,,,,,,,,96,,,,,,,,137,,,,627,,,,,,,,167,,,,,,,,,,,,,95,,,,,,,,,,,,,,,,,,,,,,,544,,,,,89,,1417,,,,,,116,,,,,,,,,,,,,,,,,,,,,,,696,,,,,,,,2866,,,,,,98,,,,,,,,,,,,,106,,,,,,,292,,,,,,,,,,,642,,,594,,7037,319,97,224,,,,,131,,,,,,,,,,1415,,,,,,137,,,,245,,,,,,,,,,,,,,,,,,,503,,,,,,,112,8332,,,86,,141,,,,,,,,,,,,,,,,,,,,,,,,,,,,,,,534,578,102,,94,,713,,,,6014,165,,,,,,,,,,,,,,,,117,,,,,,
2025-08-29T06:00:00Z,,,,,,,,,,,,,,120,,,231,,,,,,,,,,,5833,979,,,,,,,,,,,,,,,,,,,,,,,,,,,,,,,,,,,,,,,,,,,,,,,,,,,,,,,,,,,,,,125,,,,,123,,,,,113,,,,,,,,,177,,,107,,,,,,,,,6133,,,,,,351,,,,,,,,,,,,,,109,,,,,1000,,,,,335,,,,,,122,,,,,,,,,,133,,,,114,,224,,,,1017,,,,,1846,,,,,,7190,,,,,,,630,,,,,,,,,,,,,,,,152,376,,,,,,,,,,,,,,,,104,,,,,,,,1166,,1100,,,528,,,,,,,,,,,739,,,,,,967,,,,1924,,137,,314,,,,,,,,,,,,,,,,,,,,,101,,,,,,,,,,,,,,,,,,,,,,,,,97,1012,,,,,,,,,,108,,,,,,,,,,,,,,,,,,,,,,,,1978,181,,,,,,,104,,97,,,,,,,,,,110,,,,,470,,,,,,,,,,,,,,,,180,615,,,,,,,,,,,,,,418,,,,,,,,,,,,147,,,,,,,,,,167,,,,,,,,,,,,,,,,,,,,,,,,,,,,,,,,,,,,791,,,,,,,,,,,,,1040,,,,,,,,,,116,,,,,,154,,,,,145,,,,,,,,,,,,,,217,,,,,,,,,,,,,,,,,,467,,,,,,,,,,1375,,,,,,,,,,296,169,,,,,,,,,,,,,,,,,115,303,,,,,96,,,147,,,,,,,,,,,,,,,,,,,,,,,,149,,,,,,,,,,,108,149,,,,526,,,,,,,,,,,110,,,,,,,,133,,,,1396,,,,,,,,149,,,,,,,,,,,,,,,,,,,,,,,,,,,,,,,,,,,,665,,,,,,,,,,,,,131,,,,,,,,,,,,,,,,,,,,,,,,,,108,,,,,1681,,,246,,,,,,,,,,,,,,,,,,,,,,,,,,,2981,,,,,,,1202,,,572,,4029,275,,218,,,,,133,,,,,,,,,,1468,,,,,,145,,,,250,,,,,,,,123,,,,,,,,,,,515,,,,,,,,7293,,,126,,126,321,,,,,,,,,,,,,,282,,,,,,,,,,,,,,,,764,507,105,,127,,747,,,,6850,462,,,,,,,,,,143,,,,,,,,,,,,
2025-08-29T07:00:00Z,,,,,,,,,,,,,,125,,,266,,,,,,,,,,,5142,975,,,,,,,,,,,,,,,,,,,,,,,,,,,,,,,,,2859,,,,,,,,,,99,,,,,,,,601,,,,,,,,,,,,,,,,149,,,,,114,,,,,,,,,149,,,199,,,,,,,,,,,,,,,345,,,,,,,,,,,,,,122,,,,,1174,,,,,190,,,,,,121,,,,,,,,,,,,,,112,,,,,,1059,,,,,2331,,,,,,11866,,,,,,,550,,,,,,,,,,,514,,,,,246,378,,,,,,,,,,,,,,,,106,,,,1073,,,,1440,,999,,,869,,,,,,,,,,,785,,,,,,963,,,,2011,,,,310,,,,,,,,,,,,,,,,,,,,,,,,,,,,,,,,,,,,,,,,,,,,,,106,921,,,,,,,,,,117,,,,,,,,,,,,,,,,,,,,,,,,1844,241,,,,,,,164,,,,,,,,,,,,114,,,103,,478,,,,,,,,,,,,,,,,,672,,,,,,,,,,,,,,415,,,,,,,,169,,,,123,,,,,,,,,,136,,,,,,,,,,,,,,,,,,,,,,,,,,,,,,,,,,,,831,,774,,,,,,,,,,,1012,,,,,,,,,,124,,,115,,,,,,,,137,308,,,,,,,,,,,,,232,,,,,,,,,,,,,108,,,,,533,,,,,,,,,,1531,,,,,,,,,,292,194,,,,,,,,,,,,,,,,,110,348,,,,,,,,225,,,,,,,,,,,,,,,,187,,,,,,,,150,,,,,,,,,,,,99,,,,656,,,,,,,,,,,,,,,,,,,120,,,,1460,,,,,,,,154,,,,,,,,,,,,,,,,,,,,,,,,,,,,,,,,,,,,611,,,,,102,,,,,,,,133,,,156,,,,,,,,,,,,,,,,,,,,,,,135,,,,,2172,,,253,,,,,,,,,,,,,,,,,,,,,,,,,,,3146,,,,,173,,1205,,,537,,4575,284,,,,,,,127,,,,,,,,,,1277,,,,,,145,,,,249,,,,,,,,111,,,,,,,,,,,513,,,,,,,,9058,,,121,,123,467,,,,,,,,,,,,,,345,,,,,,,,580,,,,,,,,879,,,,,,771,,,,7856,612,,,,,,,,,,156,,,,,,,,,,,,
2025-08-29T08:00:00Z,,,,,,,,,,,,,,,,3739,,,,,,,,,,,,,1029,,,,,,,,,,,,,,,,,,,,,,,,,,,,,,,,,3324,,5207,,,154,,,,,,,,160,,,,,1032,252,,,,,,,,,,,,,,,155,,,,,,,,,,,,,,150,,,328,,,,,,,,,,,,,,,179,,,,,191,,,,,,,,,,,,,,963,,,,,179,,,,,,,,,,,,,,,,,,,,,,,,,,1554,,,,,2721,,,,,,5116,,,,,,,500,,,,,,495,,,,,1265,,,,,265,402,,,,,,,,,,284,,,,,,165,,,,2265,,,1103,1267,,987,,,571,,,,,,,,,,,871,,,,,,839,,,,2196,,,,374,,,,,,,,,,,,,,,,,,,,,,,,,,,,,,,,,,,,,258,,,,,,144,,,,802,,,,,,,,,,,,,,,,,,,,,,,,,,,,,,,,,,1906,,,,,,,,,,,,,,,,,,,,,,,166,,488,,,,,,,,,,244,,,,,184,,773,,,,,,,,,,,,,,417,,133,,,,,,,,,,,,,,,,,,,,166,,,,,,,,,,,,,,,189,,,,,,,,,,,,,,,,,,,,,722,,783,,,,,,,,,,,940,,,,,,,,,,138,,,129,,,,,,,,,,,,,,,,,,,,,,191,,,,,,,,,,,,,,,,,,614,,,,,,,,,,1412,278,,,,,,,,,335,182,,,,,,,,,,,,,,,,,,326,,,,,,,,238,,,,,,,,749,,,,,,,,211,,,,,,,,128,,,,,,11912,,,,,,,324,,,780,,,,,,,,,,,,,,,,,,,,,,,1941,,,,,,,,139,,,294,,,,,,,,,134,,,,,,,699,,,,,,,,,,,,,,,,,527,,,,,,,583,,,,,,,963,,198,,,,,,,,,,,,,,,,,,,,,,,131,,,,,,,,247,,,,286,,,271,,,,,,,,,,,,,,,,,,,,,,,,,476,,,,,469,,2996,,,,,,,,,,,,,,,,,,690,,,,,,180,,,,253,,,,,,,,144,,,,,,,295,,,,522,,,141,,,,,6909,,142,150,,,576,,,,,,,,,,,,,,264,,,,,,,,1092,,,,,,,,910,,,,,,844,,,,8134,410,,,,,,,,,,200,,,,,,,,,,,,
2025-08-29T09:00:00Z,,,,,,,,,,,,,,,,4957,,,,,,,164,,,,,,,,,,,,,,,,,,,,,,,,,,,,,,,,,,,,,,,3707,162,6881,,,,,,,,,,,167,,,,,957,311,,,,,,,,,,,,,,,,,,,,,,,,,,,,320,,,,343,,,,,,,,,,,177,,,,164,,,,,2228,,,,,,,,,,,,,,792,,,,,161,,,,,,,,,,,,,,,,,,,,,,,,,,1207,,,,,2665,,,,,,,,,,,,,420,,,,,,1223,,,,,1511,,,,,276,363,,,,,,,,,,395,,,,,,161,,,,3694,,,1070,1107,,994,,,654,,,,,,,,,,,,,,,,,385,,,,2133,,,,307,,,,,,,,,,,,,,,,,,,,,,165,,,,,,,,,,,,,,,586,,,,,,150,,,,,,,,,,232,,,,,288,,,,,,,,,,2179,,,,,,,,,,,,,1883,,,,,,,,,,,,,,,,,,272,,,,,260,,,,,,,,,,,,260,,,,,249,,829,,,,,,,,,,,,,,490,,,,,,,,,,,,,642,,,,,,,,,250,,,,,,,,,,,,,,,285,,,,,,,,,,,436,,,,,,,,,,746,,901,,,,,,,,,,,,,,,,,,,,,,,,,,,,,,,,,594,,,,,,,,,,,,,191,,,,,,,,,,,,,,,,,,,,,,,,,,,,1820,392,,,,,,,,,472,171,,,,,,,,,,151,,,,,,,,253,,,,,,,,175,,,,,567,,,1168,,,,,,,,219,,,,,,,,,,,,,,16770,,,,,,,343,,,757,,,190,,,,,,,,,,,,,,,,,,,,2203,,,,,,,,,,,471,,,,,,,,,173,,,,,,,964,,,,,,,,,,,,,,,,,,,,,,,,704,,,,,,,2211,,256,,,,,,,,,,,,,,,,,,,,,,,,,,,,,,,230,,,,377,180,,379,,,,,,,,,,184,,,,,,,,,,1038,,,,,445,,,,,515,,,,,,,,,,,,,,,,,,158,,480,,,,,,187,,,,248,,,,,,,,,,,,,,,408,,,,440,,,,,,,,8213,,170,,,,694,,,,,,,,,,,,,,227,,,,,,,,1271,,,,,,,,,,,,,,828,,,,9784,388,,,,,,,,,,336,,,,,,,,,,,,
2025-08-29T10:00:00Z,,,1460,,,,,,,,,,,,,6200,,,,,,,348,,,,,,,,,,,,,,,,,,,,,,,,,,,,,,,,,,,,,,,3270,282,7988,,,,,,,,,,,,,,,,926,434,,,,,,,,,,,,,,,,,3252,,,,,,,,,,,430,,496,,,,,,,,,,,,,,,,,,,,,,4454,,651,,,,,,,,,,,,1088,,,,,,369,,,,,,,,,,,,,,654,,582,,,,,,,,,809,,,,,2393,,,,,,,,,,,,,406,,,,,,1494,,,,,1369,,,,,,361,,,,,,,,,,348,,,,,,,,,,3275,,,1088,746,,934,,,566,,,,,,,,,,,,,,,1128,,322,,,,2431,,,,332,,,,,,,,,,,,,,,,,,,,,,,,,,,,,,,,,,,,,777,,,,,,,,,,,,,,,,290,,,,,574,1109,,,,,,,,,4843,,,,,,,370,,,,,,1453,,,,,,,,,,,,,,,,,,287,,,,,300,,,,,,,,,,,,,,,,,,,794,,,,,,,,,,,,,,565,,,343,,,,405,,,,,,1081,,,,,,,,,294,,,,,,,,,,,,,1203,,289,,,,,,,,,,,638,,,,,,,,,796,759,,858,,,,,,,,,,,,,,272,,,,,,,,,,,,,,,,,846,,585,,,,,,,,,,,,,,,,,,265,,,552,3325,,,,,,,,,,,,,,,,,,,1800,354,,,,,,,,,354,,1354,,,,,,468,,,,,,,,,845,,,,,,,,,,,,,,,696,,,1175,,,,,,,,,,,,,,,,,,,,,,20957,,,,,,,326,,,516,,,,,,,,,,,,,,,,,,,,,,,2240,,,,,,,,,,,506,,,,,,,,,,,,2072,,,,1091,,,,,,,,,,,,,,,,,,,,,,,,1016,,,,,,,3267,,342,,,,,668,,,,813,,,,,,,,,,,,,,,,,,,,,,,,,,468,266,,362,,,,,,,,,,,,,,,,488,,,,1588,,,,,384,,,,,474,,,,,,,,,,,321,,,,,,,,,407,,,,,,,,,,265,,,,,,,,,,,,,,,430,,,,362,,,,,,,,8115,,,,,,709,,,,,,,,,,,,,,,,,,,,,,1178,7339,,,,,,,,,,,,,863,,,,9362,367,,,,,,,,,,429,,,,,,,,,,,,
2025-08-29T11:00:00Z,,,1445,,,,,,,,,,,,,6223,,,,,,,,,,,,,,,,,,,,,,,,,,,,,,,,,,,,,,,,,,,,,,2772,,7112,,,,,,,,,,,,,,,,872,,,,444,,,,,446,,,,,,,,,4856,,,,,,,,,,,400,,398,,,,,,,,,,,,,,,,1852,,,,,,4197,,513,,,,,,,,,,,,1048,,,,,,376,,,,,,,,,,,,,,735,,597,,,,,,,,,,,,,,2431,,,1675,,,,,,,,,,386,,,,,,1799,,,,,1194,,,,,,358,,,,,,,,,,,,,,,,,,,,3076,,,1048,832,,966,,,616,,,,,1443,,,,,,,,,,1112,651,,,,,2295,,,,401,,,,,,,,,,,,,,,,,,,,,,414,,,,,,,,,,,,,,,818,,,,,,,,,,,,,,,,,,,,,891,1374,,,,,,,,,5091,,,,,,,898,,,,,,1208,,,,,,,,,,,,,,,,,,,,,,,,,,,,,,427,,,,666,378,,,,,,,954,,,399,,,,,,,,,,,586,,,,,,,,,,,,,1244,,,,,,,,,,,,,,,,637,,,,,,2713,,,,,,,,,,,,,532,,,,,,,,,1102,625,,875,,,,,,,,,,,,,,485,,,,,,,,,,,,,,,,,610,,518,1586,,,,,,,,,,,,,,,,,748,,,868,8623,,,,,,,,,,,,,,,,,420,,1830,,,,,,,,,,,,1477,394,2938,,,,690,,,,,,,,,1250,,,,,,,,,,,,,,,545,,,1046,,,,,,,,,,,1103,,,,,,,,,,1139,21213,,,,,,,,,,466,,,,,,,,,,,,,,,,,,,,,,,2709,382,,459,,820,359,,,,,472,,,,,,,,,,,,3218,,409,,1518,,,,,,,,,,,,,,,,,,,,,,,,857,,,,,,,3748,,373,,,,,1063,,,,1014,,,,1910,,,,,365,,,,,,,,,,,,,,,,,589,,,,,,,,,,,,,,,,,,,585,,,,1482,,,,,,,,,,,,,,,,,,,,,,,,,,,,,,,,,,,,,,,,,,,,,,,,,,,,,,,432,,,,,,,,,,,,8873,,,,,,804,,,,,,,,,,,,,,,,,,,,,,1194,11366,,,,,,,,,,,,,,,,418,8196,,,,,,,,,,,358,,,,,,,,,,,,
2025-08-29T12:00:00Z,,,1417,,,,,,,,,,,,,7557,,,,,,,,,,,,,,,,,,,,,,,,,,,,,,,,,,,,,,,,,,,,,,2236,,7977,,,,,,,,,,,,,,,,785,,,,425,,,,,507,,,,,,,,,4507,,,,,,,,,,,,,,,,,,,,,,,,,,,,,1936,627,,,,,2986,,536,,,,,,,,,,,,824,,,,,,,,,,,,,,,,,,,,684,,661,,,,,,,,,,,,,,2216,,,3292,,,,,,,,,,,,,,,,2106,,,,,1035,,,,,,,,,,,,,,,,,,,,,,,,,,2376,,,1001,827,,647,,,565,,,,,2976,,,,,,,,,,862,655,,,,,2186,,,,,,,,,,,,,,,,,,,,,,,,,,748,,,,,,391,,,,,,,,,736,,,,,,,,,,,,,,,,,,,,,992,1027,,,,,,815,,,5740,,,,,,,866,,,,,,890,,,,,,,,,,,,,,,,,,,,,,,,,,,,,,,,,,811,503,,,,,,,782,,,,,,,,,,,,,,504,,,,,,,,,,,,,1374,,,,,,,,,632,,,,,,,643,,,,,,6326,,,,,,,,,,,,,,,,,,,,,,1222,846,,,,,,,,,,,,,,,,387,,,,,,,,,,,,,,,,,517,,401,,,501,405,,,,,,,,,,,,,,696,,,,10439,,,,,,,,,,,,,,,,,,,1353,,,,,,,,,,,,1631,383,7083,,,,584,,,,,,,,,1398,,,,,,,,,,,,421,,,462,,,854,,,,,,,,,,,2114,,,,,,,,,,923,22162,1235,,,,,,,,,382,,,,,,,,,,,,,,,,400,,,,,,,3038,,,811,,1003,,,,,,,,,,,,,1146,,,,,3486,,592,,964,,,,,1157,,,,,,,,,,,,,,,,,,,940,,,,,,,3142,,,,,,,677,,,,1145,,,,3011,,,,,420,,,,,,,,,,,,,,,,,506,,,,,,,,,,,,,,,,,,,548,8688,,,1406,,,,,,,,,,,,,,,,,,,,,,453,,,,,,,,,,374,,,,,,,,,,,,,,,,,,,,,,,,,,,,,,,,,,,7879,,,,,,637,,,6735,,,,,424,,,,,,,,,,,,,,1133,11369,,,,,,,,,,,,,,,,525,3337,,,,,,,,,,,1012,,,,,,,,,,,,
2025-08-29T13:00:00Z,,,1342,,,,,,,,,,,,,,,,,,,,,,,,,,,,,,,,,,,,,,,,,,,,,,,,,,,,,,,,,,,2258,,1928,,,,,,,,,,,,,,,,817,,,,474,,,,,503,,,,,,,,,5281,,,,,,,,,,,,,,,,,,,,,,,,,355,,,,1982,596,,,,,,,525,,,,,,,,,,,,823,,,,,,,,,,,,,,,,,,,,692,,734,,,,,,,,,,,,,,2476,,,3856,,,,,,,,,,,,,,,,2342,,,,,1103,,,,,,,,,,,640,,,,,,,,,,,,,,,,,,1165,891,,,,,691,,,,,4042,,,653,,,,,,,990,593,,,,,,,,,,,,,,,,,,,,,,,,,,,,,,,750,,,,,,423,,,,,,,,,720,,,,,,,,,,,,,,,,,,413,,,1163,1017,,,,,,945,,,6247,,,,,,,1021,,,,,,975,,,,,,,,,,,,,,,,,,,,,,,,,,,,,,398,,,,867,459,,,,,540,,746,,,444,,,,,,,,,,,519,,,,,,,,,,,,,1548,,,,,,,,,399,476,,,,,,809,,,,,,7073,,,,,,,,,,,,,435,,,,,,,,,1404,,,,,,,,,,,,,,,,,,,,,,,,,,,,,,,,,,439,,421,,,,660,,,,,,,,,,,,,,,,,1274,11312,,,,,,,,,,,,,,,,,,,1481,,,,,,,,,,,,1806,,11227,,,,497,,,,,,,,,1498,,,,,,,,,,,,418,,,,,,943,,,,,,,,,,,2593,,388,,,,,,,,522,4638,1908,,,,,,,,,,,,,,,,,,,,,,,,,396,,,,,,,2878,,,849,,771,,,,,,,,,,,,,1636,,,,,3461,,933,,1360,,,,464,1380,,,,,,,,,,,,,,,,,,,903,,,,,,,3351,,368,,,,,884,,,,1252,,,,2683,,,,,463,,,,411,,,,,,,,,,,,,593,,,,,,,,,,498,,,,,,,,,,8919,518,,,,,,,,,,,,,,,,,,,,,,,,533,,,,,,,,,,588,,,,,,,,,,,,,,,,,,,,,,,349,,,,,,,,,,,,9405,,,,,,,,,8324,,,,,1829,,,,,,,,,,,,,,1249,12871,,,,,,,,,,,,,,,,496,,,,,,,,,,,,,,,,,,,,,,,,
2025-08-29T14:00:00Z,,,1108,,,,,,,,,,,,,,,,,,,348,,,,,,,,,,,,,,,,,,,,,,,,,,,,,,,,,,,,,,,,,,1633,,,,,,,,,,,,,,,,770,,,,701,,,,,526,,,,,,,,,4988,,,,,,,,,,,,,,,,,,,,,,,,,,,,,2534,,,,,,407,,544,,,,,,,,,,,,766,,,,,,,,,,,,,,,,,,,,527,,,,,,,,,,,,,,,,2956,,,4052,,,,,,,,,,,,,,,,2443,,,,,1083,,,,,,,,,,,483,,,,,,,,379,,,,,,,,,,1135,1026,,,,,670,,,,,4773,,,817,,,,,,,1001,604,,,,,,,,,396,,,,,,,,,,,,,,,,,,,,,,595,,,,,,,,,,,,,,,755,,,,,,,,,,,,,,,,,,,,,953,997,,,,,,503,,,6863,,,,,,,1057,,,386,,,1302,,,,,,,,,,,,,,,,,,,,,,,,,,,,,,425,,,,1093,381,,,,,435,,813,,,415,,,,,,,,,,,594,,,,,,,,,,,,,1269,,,,,,,,,,519,,1824,,,,861,,,,,,3597,,,,,,2136,,,,,,,430,,,,,,,,,1346,,,,,,,,,,,,,,,,,,,,,,,,,,,,,,,,,,385,,393,,,,729,,,,,,,,,,,,,,,,,1261,11427,,,,,,,,,,,,,,,,,,,,,,,,,,,,,,,2155,,12500,,,,467,,,,,,,,,1900,,,,,,,,,,,,456,,,,,,946,,,,,,,,,,,1456,,388,,,,,,,,470,3913,2210,,,,,,,,,,,,,,,,,,,,,,,,,,,,,,,,3144,,,846,,660,,,,,,,,,,,,,1502,,,,,3022,,1133,,1046,,,,830,1501,,,,,,,,,,,,,,,,,,,769,,,,,,,2449,,,,,,,1023,,,512,1279,,,,2448,,,,,511,,,,553,,,,,,,,,,,,,410,,,,,,,,,,582,,,,,,,,,,1524,452,,,,,,,,,,,,,,,,,,,770,370,,,,575,,,,,,,,,,584,,,,,,,,,,,,,,,,,,,,,,,,,,,,,,,,,,,10217,,,,,,,,,8780,,,452,,2717,,,,,,,,,,,,,,1164,9048,,,,,,,,,,,,,,,,547,,,,,,,,,,,,,,,,,,,,,,,,
2025-08-29T15:00:00Z,,,893,,,,,,,,,,,,,,,,,,,,,,,,,,,,,,,,,,,,,,,,,,,,,,,,,,,,,,,,,,,,,,,,,,,,,,,,,,,,,748,,,,772,,,,,530,,,,,,,,,5208,,,,,,,,,,,,,,,,,,,,,,,,,,,,,2719,,,,331,,,,549,,,,,,,,,,,,983,,,,,,,,,,,,,,,,,,,,,,,,,,,,,,,,,,,,2638,,,3990,,,,,,,,,,,,,,,,3104,,,,,1064,,,,,,,,,,,,330,,,,,,,377,,,379,,,,,,,1252,920,,,,,694,,,,,2161,,,871,,,,,,,951,630,,,,,,,,,417,,,,,,,,,,,,,,,,,,,,,,,,,,,,,,,,,,,438,,730,,,,,,,,,,,,,,,,,,,,,1010,955,,,,,,,,,9254,,,,,,,991,,,,,,1448,,,,,,,,,,,,,,,,,,,,,,,,,,,,,,433,,,,727,330,,,,316,360,,865,,,379,,,,,,,,,,,646,,,,,,,,,,,,,1214,,,,,,,,,,524,,2138,,,,826,,,,,,4215,,392,,,,3231,,,,,,,392,,,,,,,,,1296,,,,,,,,,,,,,,,,,,,,,,,,,,,,,3678,,,,,,,379,,,,818,,,,,,,,,,,,,,,,,1236,10920,,,,,,,,,,,,,,,,,,,,,,,,,,,,,,,1546,,13096,,,,426,,,,,,,,,1611,,,,,,343,,,,,,393,,,,,,,,,,,,,,,,,1438,,468,,,,,,,,483,3524,2355,,,,,,,,,,,,,,,,,,,,,,,,,,,,,,,,3409,,,851,,679,369,,,,,,,,,,,,1237,,,,,,,723,,1291,,,,898,1486,,,,,,,,,,,,,,,,,,,,,,,,,,2214,,329,,,,,776,394,,747,,,,,2371,,,,,471,,,,598,,,,,,,,,,,,,,,,,,,,,,,470,,,,,,,,,,1212,455,,,,,,,,,,,,,,,,,,,1009,,,,343,526,,,,,,,,,,475,,,,,,,,,,,,,,,,,,,,,,,,,,,,,,,,,,,9674,,,,,,,,,8938,,,578,,2968,,791,,,,,,,,,,,,,8460,,,,,,,,,,,,342,,,,564,,,,,,,,,,,,,,,,,,,,,,,,
2025-08-29T16:00:00Z,,,864,,,,,,,,,,,,,,,,,,,,,,,,,,,,,,,,,,,,,,,,,,,,,,,,,,,,,,,,,,,,,,,,,,,,,,,,,,,,,870,,,,864,,,,,563,,,,,,,,,6247,,,,,,,,,,,,,409,,,,,,,,,,,,278,,,,2758,,,,388,,,,616,,,,,,,,,,,,1107,,,,,,,,,,,,,,,,,,,,,,,,,,,,,,,,,,,,2478,,,3753,,,,,,,,,,370,,,,,,2786,,,,,1045,,,,,,292,,,,,,322,,,,,,,338,,,322,,,,,,,1142,948,,,,,,,,,,2382,,,784,,,,,,,664,,,,,,,,,,381,,,,,,,,,,,,284,,,,,,,,,,,,,,,,,,,,,,,393,,734,,,,,,,,,,,,,,,,,,,,,928,768,,,,,,,,,7997,,,,,,,1055,,,,,,1358,,,,,,,,,,,,,,,,,,306,,,,,,,,,,,,465,,,,652,,,,,,,,793,,,430,,,,417,,,,,,,701,,,,,,,273,,,,,,1189,,,,,,,,,,632,,1910,,,,893,,,,,,3981,,317,,512,,4122,,,,,,,,,,,,,,,,1260,,,,,,,,,,,,,296,,,,,,,,,,,,,,,,,,,,,,,387,,,,,,,,,,,,,,,,,,,,,1664,11028,,,,,,,,,,,,,,,,,,,,,,,,,,857,,,,,1462,,12039,,,,,,,,,,,,,1294,,,,,,,,,,,,340,,,,,,,,,,,,,,425,,,1309,,410,,,,,,,,552,,2274,,,,,,,,,,,,,,,,,,,292,,,,,,,,,,,,,3271,,,,,648,425,,,,,,,,,,,,1199,,,,,,,774,,1350,,,,912,1105,,,,,,,,,,,,,304,,,,,,,,,,,,,,,,,,,,648,321,,791,,,,,2771,,,,,426,,,,783,,,,,,,,,,,,,290,,,,,,,,,,399,,,,,,,,,,,413,,,,,,,,,,,,,,,,,,,,,,,356,552,,,,,,,,,,355,,,,,,,,,,,,,,,,,,,,,,,291,,,,,,,,507,,,,8880,,,,,,,,,7518,,,748,,2745,,961,305,294,,,,,,,,,,,7690,,,,,,,,,,,,297,,,,,,,,,,,,,,,,,,,,,,,,,,289,,
2025-08-29T17:00:00Z,,,749,,,,,,,,,,,,,,,,,221,,,371,,,,,,,,,,,,,,,,,,,,,,,,,,,,,,,,,,,260,,,,,,,,,,,,,,,,,,,,,,766,,,,524,,,,,508,,,,,,,,,5713,,,,,,,,,,,,,,,,,,,,210,,,245,,,,,,1471,,,,394,,,,,,,,,,,,,,,,1123,,,,,,,,,,,,,,,,,,,,,,,,,,,,,,,,,,,,2466,,,3368,,,,,,,,,,297,,,,,,2182,,,,,1020,,,,,,249,,,,,,304,,,,,,,324,,270,263,,,,,,,1137,983,,,,,,,,,,2358,,,,,,,,,,603,,,,,,,,,,305,,,,,,,,,,,,295,,,,,216,,,,,,,,,,,,,,,,,,,,675,,,,,,,,,,,,,,240,,,,253,,,900,,,,,,,,,,5776,,,,,,,962,,,,,,1103,,,,,,,,,,,,,,,,,,328,,,,,,,,,,,,462,,,,592,,,,,,,,663,,,376,,,,461,,,,,,,732,,,,,,,242,,,,,,761,,,,,,,,,,564,,1680,,,,874,,,,,,3797,,314,,259,,4271,,,,,,,,,,,,,,,,1025,,,,,,,,,,,,,268,,,,,,,,226,,,,,,,,,,,,,,,,,,,818,,,,,2533,,,,,,,,,,,,1247,11654,,,,,,,,,,,,,,,,,,,,,,,,,,1127,,,,,1281,,11459,,,,,,,,,,,,,1124,,,,,,,,,,,,303,,,,,,,,,,,,,,453,,,1124,,251,,,,,,,,,,2073,,,,,,,,,,,,,,,,,,,,,,,,,,,,,,,,2708,,,,,507,384,,,,,,,,,,,,,,,,,,,,,1407,,,,,1076,,,,,,,,,,,,,279,,,,,,,,,,,,,,,,,,,,,276,,744,,,,,2692,,,,,410,,,,331,,,,,,,,,,,,,363,,,,,,,,,,244,,,,,,,,,,,436,,,,,,,,,,,,,,,,,,,,,,,311,494,,,,,,,,,245,336,,,,,,,,,,,,,,,,,,,,,,,307,,,,,,,,362,,,,9166,,,,,,,,,6804,,,,,,,882,301,323,,,,,,,,,,,6609,,225,,,,,,,,,,284,,,,,,,,,,,,,,,,,,,,,,,,,,,,
2025-08-29T18:00:00Z,,,717,,,,,,,,,,,,,,,,,,,,399,,,,,,,,,,,,,,,,,,,,,,,,143,,,,,,,,,,,253,,,,,,,,,,,,,,,,,,132,,,,679,,,,717,,,,,446,,,,,,,129,,5611,,,,,159,,,,,,,,,,,516,,,,,,,374,,,,,,,,,,366,,,,,,,,,,,,,,,,,,,,,,,,,,,,,,,,,,,,,,,,,,,,,,,,,,,,1761,,,2920,,,,,,,,,,260,,,,,,,,,,,1005,,,,,,231,,,,,,146,,,,,,,,,,253,,,,,,,926,910,,,,,,,,,,2140,,,,145,,,,,,,,,,,,,,,,299,,,,,,,,,,,,163,,,,162,190,,,,,,,,,,,,,,,,,,,,540,,,,,141,,,,,,,,,287,,,,217,,,827,,,,,,,,,,,,,,,,,852,,,,,,1011,,,193,,,,,,,,,,,,,,,,,,,,,,,,,,,400,,,,507,,,,,,,,643,,,380,,,,410,,,,,,,553,,,,,,,194,,,,196,,719,,,,,,,157,,,364,,1544,,,,,,,,,,,,243,,197,,4404,,,,,,,,,,,,,,,,,,,,,,,,,,,,,276,,,,,,,,244,387,,,,,,,,,,,,,,,,,,755,,,,,2708,,,,,,,,,,,,1121,9868,,,,,,,,,,,,,,,,,,,,,,,,,,1451,,,,,1119,,11273,145,,,,,,,,,,,,944,,,,,,,,,,142,151,252,,,,,,,,,,,,,,405,,,538,,,,,,,,,,,,1921,,,,,,,,,,,,,,,,,,233,,,,,,,,,,,,,,2248,,,,,,377,,,128,,,,,,,,,,,,,,,,,,1161,,,,,922,,,,,,,,,,,,,273,,,,,,,,,,,,,,,,,,,,,,,427,,,,,,,,,,394,,,149,,138,,,,,,,,,,,,354,,,216,,,,,,,155,,,,,,,,,,,,,,,,,,,,,,,,,,,,,,,,,,290,484,,,,,198,,,,216,292,,,179,,,,,,,,,,,,,,,,,,,,287,,,,,,,,,,,,6252,,133,,,,,,,6797,,,,,,,674,321,300,,,,,,,,,,,6217,,174,,,,,,,,,,263,,,,,,,,,,,,,,,,,,,,,,,,,,,,
2025-08-29T19:00:00Z,,,,,,,,,,,,,,,,,,,,,,,360,,,,,,,,,,,,,,,,,,102,,134,,,,135,,,,,,,,,,,279,,,,,,,,,,,,,,,,,,187,,,,,,,,618,,,,,,,,,,,,137,,5410,99,,,,130,,,,,,,,,,,617,,,,93,,,,,,,,,,,,,342,,,,,,,102,,,,,,,,,,,,,,,,,,,,,,,99,,,,,,,,,,,,,,,,,,,,,,1557,,,2691,,,,,,,,,,259,,,,,,,,,,,985,,,,,,217,,,,,,,,,,,,,,,,268,,,,,,,874,895,,,,,,,,,,2086,,,,141,,,,,,,,,,,,,,,,272,,,,,,,,,,,,,,,99,,161,,,,,,,,,,,,,,,,,,,,518,,,,,130,,,,,,127,,,245,,,,233,,,775,,,,,,,,,,,,,,,,,842,,,,,,785,,,,,,,,,,,,,,,,,,,,,,,,,,,105,,,382,,95,,491,,,,,,,,586,,,452,,,,374,,,,,,,472,,,,,,,175,,,,172,,,,,,,,,151,,,379,,,,,,,,,,,,,,,,,,4165,,,,,,,,,,,,,,,,,,,,,,,,,,,,,268,,,,,,,,221,442,,,,,,,,,,,,,,,,,,607,,,,,,112,,,,,,,,,,,733,8452,,,,,,,,,,,,,,,,,,,,,,,,116,,,,,,,997,,7297,143,,,,110,,,,,,,98,831,,,,,,,,,,123,143,227,,,,,,,,,,,,,,390,,,495,,,,,,,,,,,,1765,,,,,,,,,,,,,,,,,,173,,,,,,,,,,,,,,2378,,,,,,352,,,97,,,,,,,,,,,,,,,,,,1165,,,,,737,,,,,,,,,,,,,225,,,,,,,,,,,,,,,,,,,,,,,,,,,,,,,,,330,,,249,,133,,,,,,,,,,,,,,,184,,,,,,,147,,,,,,,,,,,111,,,,,,,,,,,,,,,,,,,,,,,171,435,,,,,152,,,,215,247,,,158,,,,,,,,,,,,,,,,,,,,232,,,,,,,,,,,,5368,,98,,,,,,,6465,,,,,,,,276,285,,,,,,,,,,,5825,,158,,,107,,,,,,,282,,,,,,,,,,,,,,,,,,,,,,,,,,,,
2025-08-29T20:00:00Z,,,,,,,,,,,,,,,,,,,,,,,,,,,,,,,62,,,,,,,,,,98,81,105,,,,133,,,,,,,,,,92,,,,,,,,,,,,,,,,,,,219,,,,,,,,,,,,,,,,,,,,151,,,81,,,,136,70,,,,,,,,,,724,,,,68,,,,,,,,,,,,73,347,,,,,,,94,,,,72,,,,,,,,,,,,,,,,,,,95,,,,,,,,,,,,,,,,,,116,,,,,,,2473,,,,,,,,,,238,,,,,,,,,,,938,,,,,76,231,,67,,,,,,,,,,,,,,194,,,,,,,794,899,,,,,,,,,,1875,,,,134,,,,,,,,,,,,,,73,,,,,,,,,,,,,,,,,143,,,,,,,,78,,,,,,,,,,,,,,516,,,,,126,,,,,,155,,,,,,,242,,,,,,,,,,,,,,,,,,,,799,,,,,,704,,,,,,,,,,,,,,,,,,,,,,,81,,,,,,,,,,,478,,,,,,,,675,,,431,,,,349,,,,,,,,,,,,,,163,,,,163,,,,,,,,,131,,,377,,,,,,,,,,,62,,,,,194,,4270,,,,,,,,,,,,,,,,,,,,,,,,,,,,,244,,,,,,,,217,394,,,,,,,,,,,,,,,,,,595,,,,,,,,,,,,,,,,,,4479,,,,,,,,,,,,,,,,,,,,,,,,,,,,,,,977,,5705,118,,,,99,,,,,,,169,,,,,,,,,,103,,137,194,,,,,,,,,,,,,,189,,,444,,,,,,,,,,,,1591,,,,,,,,,,,,,,,,,,161,,,,,,,,,,,,,,1723,,72,,,,331,,,,,300,,,,,,,,,,,,,,,,1053,,,,,,,,,,,,,,,,,,177,,61,,,,,,,,,,,,,,,,,,,,,,,,,,,,,,,317,,,295,,,,131,,,,112,,,,,,,,,,,,,,,,,,61,,,,,,,,,84,,,,,,,,,,,,,,,,,,,,,,,,,,,,,153,,,,192,250,,,155,,,,,,,,,,,101,,,,,,,,,269,,,,,,81,,,,,,,,106,,,,,,,6063,,,,,,,,196,262,68,,,,,,,,,,6125,,167,,61,90,,,,,,,,,,,,,,,,,,,,,,,,,,,,,,,,,126,,
2025-08-29T21:00:00Z,,,,,,,,,,,,,,,,,,,,,,,,,,,,,,,57,,,,,,,,,,99,83,114,,,,,,,,,,,,,,115,,,,,,,,53,,,,,,,64,,,,192,,,,,,,,,,,,47,,,,,,,,194,,,77,,,,110,68,,,46,,,,,,,862,,,,,,,,,,,,,,,,79,362,,,,,,,92,,,,78,,107,,,,,,,,,,,,43,,,50,,93,,,72,,,,,,,,,,,,46,,,182,,,,,,,,,,,,,,,,,273,,,48,,,,,,,,1032,,68,,,,236,,60,,,,,,67,,,,,,,,,,,,,,,805,821,,,,,,,50,,,1825,,,,133,,,,,,,,,,,,,,79,,,,,,73,,,,,,,,,,,,,,,,,,,88,,,,,,,,,,,,,47,,,,,,125,,,,,,185,,,,,,,249,,,,,,,,60,,,,,,,,45,,,,880,,,,,,728,,,,,,,,,,,,,,,,,,,,,,,78,,,,,,,,,,,500,,,,,,,,,,,,,42,,367,,70,,,,,,61,,,,,,186,,,,159,,,,,,,,,126,,,285,,,,,,,,,,,83,,,,,173,,4625,,,,,,,,,,,,,,,,,,,,,,,,,,,,,,,,,,,,,,397,,,,,,,,,,,,,,,,,,583,,,,,,,50,,,,48,,,,,,,,,,,,,,,,,,,,,,,,,,,,,,,,,,,,,,1396,,,,,,,,,,,,,,179,,,,,,,,,,,,147,150,,,,,,,,,,,,,,191,,,,,,,,,,,,,,,,,,,,,,,,,,,,,,,,,127,,,,,,,,,91,,,,,,,82,,42,,330,,,,,351,,,,,,,,,,,,,53,,,1254,,46,,,,,,,,,,,,,,,,,,61,,,,,,,,,,57,,,,,,,,,,,,,,,,,,,,,289,,,267,,,,,,,,109,,,,,,,,,,,,,,,,,,88,,,,,,,,,,,,,,,,,,,,,,,,,,,,,,,,,,,,,,173,,,,187,,,,226,,,,,,,,,,,91,,,,55,,,,,288,,,,,,54,,,,,,,,108,,,,,,,6152,,,,,,,,,288,,,,,,,,,,,,,142,,55,,,,,,,,,,,,,,,,,,,,,,,,,,,,,,,,,,150,57,
2025-08-29T22:00:00Z,,,,,,,,,,,,,,,,,,,,,,,,,,,,,,,65,,,,,,,,,,,74,122,,56,,,,,,,,,,,,134,,,,,,,,50,,,,,,,47,,,,182,,,,,,,,,,,,55,,,,,,,,227,,,,,,,,74,,,47,,,,,66,,955,,,,,,,,,,,,,,,,101,370,,,,,,,102,,,,86,,127,,,,,,,,,,,,,,,52,,89,,,64,,,,,,,,,,,,54,,,219,,,,,,,,,,,,,,,,,310,,,53,,,,,,,,903,,72,,,,222,,63,,,,,,65,,,,,,,,,39,,,,,,881,900,,,,,,,57,,,,,,,134,,,,,,,,,,,,,,80,,,,,,118,,,,,,,,,,,,,,,,,,,100,,,,,,,,,,,,,51,,,,,,104,,,,,,199,51,38,,,,,232,,,,,,,,56,,,,,,,,38,,,,902,,,,,,756,,,,,,,,,,,,,,,,,,,,,,40,,,,,,,,,,,,,,,,,,,,,,,,,,,368,,105,,,,,,50,,,,,,192,,,,159,,,,,,,,,,,,,,,,,,,,,,,86,,,,,189,,5281,,,,,,,,,,,,,,,,,,,,,,,,,,,,,,,,,,,,,,355,,,,,,,,,,,,,,,,,,,,,,,,,43,,,,56,,,,,,,,,,,,,,,,,,,,,,,,,,,,,,,,,,,,,,1797,,,,,,,,,,,,,,182,,,,,34,,,,,,,144,,,,,,,,,,,,,,,199,,,,,,,,,,,44,,,,,,,,,,,,,,,,,,,,,,,,,,,,,,,97,,,,,,,83,,58,,382,34,,,,472,,,,,,,,,,,,,,,,1375,,47,,,,,,,,,,,,,,,,,,62,,,,,,,,,,64,,,,,,,,,,,,,,,,,217,,,,277,,,284,,,37,,,,,131,,,,,,,,,,,39,,,,,,,83,,,,,,,,,,,,,,,35,,,,,,,,,,,,,,,36,,,,,,,,,,,,167,,,,259,,,,,,,,,,,88,,,,48,,,,,256,,,,,,58,,,,,,,,,,,,,,,5763,,,,,,,,,252,,,,,,,,,,,,,,,58,,,,110,,,,,,,,,,,,44,,,,,,,36,,,,,,,,,,,175,76,
2025-08-29T23:00:00Z,,,,,,,,,,,,,,,,,,,,,,,,,,,,,,,68,,,,,,,,,,,,,,93,,,,,,,,,,,,147,,,,,,,,,,,,,,,56,,35,,226,58,,,,,,,,,,,52,,,,,,,,,,,,,49,,,75,,,39,,,,,68,,1162,,,,,,,,,,,39,,,,,106,404,,,,,,,134,,,,62,,155,,,,,,,,,,,,,,,53,,87,,,66,,,,,,,,,,,,,,,279,,,,,,,,,,,,,,,,,317,,,60,,,,,,,,1277,,71,,,,295,,47,,,,,,60,,,,,,,,,41,,,,,,920,996,,,,,,,,,,,,,,,,,,,,,,,,,,,108,82,,,,,,135,,,,,,,,,,,,,,,,,,,107,,,,,,,,,,,,,48,,,,32,,118,,,,,,239,59,37,,,,,,,,,,,,,60,,,,,,,,35,,,,,,,,,,854,,,,,,,,,,,,,,,,,,,,,,56,,,,,,,,,,,31,,,,,,,,,,,,,,,,,,170,,,,,,53,,,32,,,,,,,182,,,41,,,,,,,,,,,,,,,,,,,,128,,,,,281,,6018,,,,,,,,,,,63,,,,,,,,,,,,,,,,,,,,,,,,,,,366,,,,,,,,,,,,,,,,,,,,,,,,,46,,,,45,,,,,,,,,,,,,,,,,,,,,,,,,,,,,,,,,,,,,,2151,,,,,,,,,,,,,,155,,,,,46,,,,,,,148,,,,,,,,,,,,,,,216,,,,,,,,,,,50,,,,,,,,,,,,,,,,,,,,,43,,,,,,,,,,,,,,,,,98,,73,,486,40,,,,689,,,,,,,,,,,,,,,,1166,,35,,,,,,,,,,,,,,,66,,,61,,,,,,,,,,,,,,30,,,,,,,,,117,,,,382,30,,,341,,,307,,,33,,,,,,,,,,,,,,,,38,,,,,,,83,,,,,,,,,,,,,,,30,,,,,33,,,,,,,,,,,,,,,32,,,,,33,35,,,,,,,,,,,,,,,,94,,,,47,,,,,449,,,,,33,52,,,,,,,,,,,,,,,,,,,,,,,,,,,,,,,,,,,,,,,64,,,,,,,,,,,,,,,,,,,,,,,,,,,,38,,,,,,188,43,
2025-08-30T01:00:00Z,,,,,,,,,,,,,67,,,,,84,,,,,,,,,,,,,121,,,56,,,,127,,,,,,,103,,,,,,134,476,,133,,,148,,,,,,,,,,,,,,,52,180,,,238,,,,,,,,,,,,58,,,,56,,,,,,,,,298,,,,,,,,,,,93,,1579,,,,,,,,,,,,,,,,121,472,,,,,,,135,,,,81,,232,,,,,,,,,,,,,,,63,470,,,,,,,,72,,,,,,,,,,,,,,,,,,,,,,,,,,,,372,,,61,,,,,,,,1946,,91,,,,420,,55,,,,,,,,,,,,,,,,,,,,,1006,,,,,,,,,,,,,,,,,,,,,,,,,,,,,108,,,,,179,,,74,,,,,,,,,,,,,,,,,106,,,,,,,,,,,,,,,,,,,,,,,,,317,,,,,,,,,,,,,,,64,,,,,,,,,,,,,,,,,,1176,,,,,,,,302,,,,,,,,50,,,50,,,,,,,47,,,,,,,,,,,,,,,,,,,,,,,,,257,,,,,,77,,,48,,,,,,,190,,,382,,,,,,,,,,,,,,,,,,,,,,,,,439,,,,,55,,,,,,,,106,,,,,,,,,,,,,,,,119,,,,113,,,,,,,348,,,,100,,,,,,,49,,,,,,,,,,,,,,95,,160,,,,,,,,,,,,,,,,,,,,,,,64,,,,,,,88,,,,,,,,,,3820,,,,,,,,,,,,,,172,,,,,57,,,,,,,178,,,,,,,,,,,,,,,268,,,,,186,,,,,,92,,,,,,,,,260,,,,,,,,,,,,,,,,,,,,,,,,,,,,,122,,,,,,,,,947,,,,,,,,,,,,,,,,1297,,56,,,,,,67,,,,,,,,,348,,,78,,,,,,,,,,,,,,,,,,,,,,,,,,,623,,,,531,78,,286,,,,,,,,,53,,,,,,,,,,47,,,,,,,71,,,,,,,,,,,,,,,,,,,,,484,,,,,,,,,,,,,,,,,,,,292,,,,,,,,,,,,,,,,92,,,,46,,,,,724,,,,,,53,,,,,,,,,,,,,51,,,,,,,,,,,,,,,,,,,,,,,,,,57,,,,,55,,,,,,,,,,,,,,,,,,79,,,,61,,,,,,,277,,
2025-08-30T02:00:00Z,,,,,,,,,,,,,124,,,,,116,,,,,,,,,,3841,185,,121,,,,,,,303,,,,,,,112,,,,,,92,,,255,,,159,334,,,,,,,,,,,,,,83,266,,,232,,,,1751,,,,,,92,,,,,,,,,,,,,,,292,,,,,,,,,,,,,1941,,,168,,,,,,,,,,,,146,134,,,,,,,,160,,181,,147,,,,,,,,,,,383,,,,,,,2378,,,,,,,,116,,,,,,,,,,,,,,,,,,,,1758,,,,,,,,287,,,,,,,,,,,2075,,92,,,,524,,93,,,,,,,,,,,,,,,,,,,,,729,,,1411,,,,,,,,,,,,,,,,169,,,,,,350,,,,116,,,,,177,,,110,,,,,,,,,,,,,,,,,109,,,,,,,,,,,,,,,,,,,,,,,,1429,343,,,,,,,,,119,,,,,,,,,,,,,,,,,,,,,,,,1403,,,,,,,256,,,,,,,106,,84,,,,,,,,,,,,,,,,,,,,,,,,,,,,,,,,,,,297,,,,,,,,,,,,,263,,,,99,,685,,92,,,,,,,,,,,,,,,,,,,,,,,,,,,,,,,,,,,,,,428,,,,,,,,,,,,,,,,,,112,,,,,,,311,,,,101,,,,,,,,,,,,,,,,,,,,,,,246,,,,,,,,,,,,,,,,,,,,,,,,,,,,,,135,,,,,,,,,,3526,,,,,,,,,,,,,,149,,,,,,,,,,,,,,,,,,,,,,,,,,,268,,,,,151,,,169,,,,,,,,,,,,286,,,,,,,,,,,,,,,,,,,,,,,,,,100,,,133,,,,,,154,,135,960,,122,,,,,,,,84,,,,,,1678,,,,,,,,,,,,,,,,144,356,,,95,,,,1099,108,,,,,,,,,,,,,,,,,,,,,,618,,,,,116,,291,,,,,,,,,322,,,,,,,,,,,,,1168,,,,93,,,,,,,192,1130,,,,,,,,,540,,,,663,,,,87,,,,,,,,,,,,,,,,1131,,,,,,,,,,161,,,,,,123,,,,,,,,,526,,,,,,,,,,,,,,,,,140,,,,,,,,,,,,,,,,,,,,,,,,,,,,,,,564,,,,,,,,,,,402,,,,350,,,,,,,,131,,,,,,,,339,,
2025-08-30T03:00:00Z,,,,,,,,,,,,,121,,,,,108,,,,,,,,,,4193,652,,108,,,,,,,281,,,,,,,104,,,,,,,,,261,,,151,371,,,,,,,,,,,,,,,257,,,191,,,,1339,,,,,,,,,,,327,,,,,,,,,101,267,,,,,,,,,,223,,,1835,,,136,,,,,,,,,98,,,151,117,,,,,,,,151,,177,,94,,,,,,,,,,,457,,,,,,,2361,,,,,,,,123,,,,92,,,,,,127,,,,,,,,,,2120,,,,,,,,158,,,,,,,,,,,1848,,,587,,,513,,,,,,,176,,,,,,,,,,,,,,,,597,,,1925,,,,,,,,,,,,,,,,,,,,,,,,,,107,,,,,145,,,94,,,,,,,,,,,,,,,,,,,,,,,,,,,,,,,,,,,,,,,,,1188,330,,,,,,,,,113,,,,,,,,,,,,,,,,,,,,,,,,1256,,,,,,,175,,,,,,,,,,,,,,,,,,,,,,,,,,,,,,,,,,,,,,,,,,,,240,,,,,,,,,,,,,130,,,,106,,584,497,129,,,,,171,,,,,,,,,,,,,,,,,,,,,,,,,,,,,,,,,346,,,,,,,99,,,,,,,,,,,103,,,,,,,290,,,,122,,,,,,,,,,,,,,,,,,,,,,,228,,,,,,,,,,,,,,,,,,,,,,,,,,,,,,110,,,,,,99,,,,,,,,,,,,,,,,,,144,,,,,,,,,,,,,,,,,,,,,,,,,,,268,,,,,138,,,174,,,,,,,,,,,,318,,,,,,,,,,,,,,,,,,,,,,,,,,128,,,108,339,,,,,159,,120,912,,133,,,,,,,,,,,,433,,1542,,,,,,,,,,,,,,,,156,409,,,,,,,1240,98,,,,,,,,,,,,,,,,,,,,,,607,,,,,104,,255,,,,,,,,,256,,,,,,,,,,,,,1074,,,,,,,,,,,,10810,,,,,,182,,,547,,,,636,,,,99,,,,,,,,,,,,,,,,1231,,,,,,,,,,214,,,,,,102,,,,,,,,,526,,,,,,,,,,,,,,,114,,129,,,,,,,,,,,,,,,,,,,,,,,,,,,,,,,667,,,,,,274,,,,,363,,,,395,,,,,,,,132,,,,,,,,,,
2025-08-30T04:00:00Z,,,,,,,,,,,,,122,,,,,,,,,,,,,185,,4583,633,,,,,,,,,,,,,,,,105,,,,,,,,,218,,,135,493,,,,,,,,,,,,,,,253,,,175,,,,1249,,,,,,,,,,,369,,,,,,,,,,241,,,,,,,,,,331,,,1855,,,,,,,,,,,,119,,,109,,,,,,,,,138,,,,,,,,,1132,,182,,,,638,,,,,,,2928,,125,,,,,,119,,,,,,,,,,139,,,,,851,,,,,2216,,,,,,,,143,,,,,,,,,,,1729,,,721,,,433,,,,,,,351,,,,,,,,,,,,,,,,528,,,2529,,,,,,,,,,,,,,,,,,,,,,,,606,,109,,,,,124,,,,,,,,,,,,,,,,,,,,,,,,,,,,,,,,,,,,,,,,,,,,1211,310,,,,,,,,,,,,,,,,,,,,,,,,,,,,,,,,,1496,,,,,,,156,,,,,,,,,,,,,,,,,,151,,,,,,,,,,,,,,,,,,,,,,,,,,225,,,,,336,,,,,,,,123,,,,112,,,1194,159,,,,,576,,,,,,,,,,,,,,,,,,,,,,,,,,,,,,,,,186,,,,,,,227,,103,,,,,,,,,105,,,,,,,291,,104,,112,,,,,,,,,,,,,,,,,,,,,,,216,,,,,,,,,,,,,,,,,,,,,,,,,,,,,,,,,,,,,,,,,,,,,,,,,,,,,,159,,,,,,,,,,,,,,,,,,,,,,,,,,,267,,,,,140,,,226,,,,,,,,,231,,,335,,,,,,,,,,,,,,,,,,,,,,,,,,,,,,866,,,,,175,,,883,,147,,,,,,,,,,,,1091,,,,,,,,,,,,,,,,,245,168,357,,,,,,,1410,116,,,,,,,,,,,,,,,,,,,,,,593,,,,,110,,239,,,,,,,,,130,,,,,,,,,,,,,1364,,,,,,,,,,,,14564,,,,,,301,,,460,,,,613,,,,112,,,,,,,,,,,,,,,,1362,,,,,,,,,,223,,,,,,107,,,,,,,,,451,,,,,,,,,,,,2439,,110,147,,157,,,,,,,,,,,,,,,,,,,,,,,,,,,,,,,720,,,,,,578,,,,,443,,,,427,,,,,,,,,,,,,,,,,,108
2025-08-30T05:00:00Z,,,,,,,,,,,,,133,,,,,,,,,,,,172,226,,4217,806,,,,,,,,,,,,,,,,,,,,,,,,,190,,,,603,,,,,,498,,,,,,,,,256,,,161,,,,1140,,,,,,,,,,,297,,,,,,,,,,253,,,,,,,,,,366,,,1990,,,,,,,,,,,,136,,,,,,,,,,,140,131,,190,,,,,,,1652,,175,,,,634,,,,,,,2852,,128,,,,,,136,,,,,,,,,,168,,,,,2014,,,,,2263,,,,,,,,245,,,,,,,,,,,1694,,,667,,,435,,,,,,,,,,,,,,,,,,,,,,,816,,,2746,,,,,,,,,121,,,,,,,,,,,,,1212,,950,,119,,,,,109,,,108,,,,,,,,,,,,,,,,,,,,,,,,,,,,,,,,,,,,,,,,,1171,315,,,,,,,,,111,,,,,,,,,,,,,,,,,,,,,,,,1313,,,,,,,123,,,,,,,,,,,,,,,,,,226,,,,,,,,,,,,316,,,,,,,,,,,,,,170,,,,,585,,,,,,,,131,,,,,,,1425,167,,,,,951,,,,,,,,,,,,,,,,196,,,,,,,,,,,,,,,,,,,,,,,,388,,,,,,,,,,835,108,,,,,,,261,,141,135,113,,,,,,,,,,,,,,,,,,,,,,,217,,,,,729,,194,,,,,,,,,,,,,,,,,,,,,,,,156,,,,,,,,,,,,,,,,,,,,,,479,,,,115,,,,,,,,,,,,,,,,,,,,,,,,256,,,,,148,,200,257,,,,,,,,,442,,,257,,,,,,,,,,,,,,,,,,,,,,,,,,,,,,1687,,,,,183,,,838,,,,,,,,,,,,,,1326,,,,,,,,,,,,,,,,,325,,363,,,,,,,1471,,,,,,,,,,,,,,,,,,,,,,,567,,,,,109,,245,,,,,,,,,,,,,,,,,,,,,,963,,,,,,,,,,,,13646,,,,,,319,,,,,,,605,,,,,,,,,,,,,113,,,,,,,1448,,,,,,144,,,,217,,,,,,,,,,,,,,,454,,,,,,,,,,,,6419,,,166,,,,,,,,,,,,,,,,,,,,,,,,,,,,,,,,,772,,,,,,702,,,,,509,,,,461,,,219,,,,,,,,,,,,,,,
2025-08-30T06:00:00Z,,,,,,,,,,,,,,,,24932,,,,,,359,,,181,223,,3930,1461,,,,,,,,,,,,,,,,,,,,,,,,,,,,,432,,,,,,13380,,,331,,,,,,198,,,153,,,,802,310,,,,,,,,,,255,,,,,,,,,,200,,,,,,,,,,,,222,,,,,,1483,,,,,,,,,,,,,,,,,,178,,,176,,,,,,,1469,,187,,,,599,,,,,,,2188,,,,,,,,,,399,,,,,,,,137,,,,,2737,,,,,2013,,364,,,,,,217,,,,,,,,,,,1143,,,610,,143,366,,,,,,,200,,,,,,,,,,,,,,,,806,,,2454,,,690,,,,,,,,,,,,,,,,,,,410,,1083,,,,,,,140,,,,,,,,,,,,,,,,,,,,,,,,,,,,,,,,,,,,1359,,,,,,,,,282,,,,,,,,,,,,,,,,,,,,,,,,,,142,,,,,,,1109,,,,,,,,,,,,,,,,,,,,,,,,,312,,,,,,,,,,,,403,,,,,322,,,,,,,1028,,,,,,,890,,,,,,,,253,,,,,,,1397,,,,,,812,,,,,,,,,,,131,,,,,212,,,,,,,,168,,,392,,,,,,,,,,,,,606,,,,,,,,,,1074,,,,,,,,236,,,136,,,,,,,,,,,,,,,,,,,,,,,,207,,,2146,,350,,224,,,,,,,,,,,,,,,,,,,,,,,,,,,,,,,,,,,,,,,,,,,,,,723,,,,254,,,,,,,,,,,,,,,,,,,,,,,,235,,,,,,,218,298,,,,,2333,59715,,,456,,,183,,,,,,,,,,,,,,,,,,,,,,,,,,,,,,1109,,,,,138,,,674,,,,,,,,,,,,,,1399,,,,,,,,,,,,,,,,,141,,472,,,,,,,1190,,,,,,,,,,,,,,,,,,,,,,,480,,,,,,,212,,,,,,,,,,,,,,,,,133,,,,,953,,,,,,,,,,,,,,,,,,281,,,,,,,495,,,,,,,,,,,,,,,,,,,,815,,,,,,175,,,,224,,8358,,,,,,,,,,,,,368,,,,245,,,,,,,,8500,,132,217,,,,,,,,,,,,,,,,,,,,,,,,,,,,,,,,,653,,,,,,667,,,,,185,,,,406,,,137,,,,,,,,,,,,,,,
2025-08-30T07:00:00Z,,,,,,,,,,,,,,,,29179,,,,,,678,,,179,193,,3302,1616,,,,,,,,,,,,,,,,,,,,,,,,,,,,,391,,,,,,14533,,,455,,,,,,219,,,,,,,756,518,,,,,,,,,,,,,244,,,,,,,189,,,,,,,,,,,,234,,,,,,3358,,,,,,,,1542,,,,,,,,,,205,,,170,,,,,,,1588,,199,,,,531,,,,,,,2013,,,,,,,,,,509,,,,,,,,,,,,,2589,,,,,1908,,344,,,,,,263,,,,,1147,,,,,,1132,,,592,,,359,,,,194,,,,,,,,,,,,,,,,,,,769,,,2569,,,999,,,,,,,,,,,,,,,,,,,,,585,,,,,,,,,,,,,,,,,,,,,,,,,,,,,,,,,,,,,,,,,,,1993,,,,,,,,,278,,,,,,,,,,,,,,,,,,,,,,,,,,,,,,,,,1052,,,,,,,,,,,,,,,,,,,,,,,,,339,,,,,,,,,,,,436,,,,,603,,,,,,,1279,,,,,,,865,,,,,,,,259,,,,,776,,1500,,,,,,781,,,,,,,,,,,171,,,,,233,,,,,,,,302,,,405,,,,,,,,,,,,,760,,,,,,,,,,1111,,,,,,,,221,,,,,,,,,,,,,,,,,,,,,,,,,,,185,,,2357,,305,,,,,,,,,,,,,,,,,,,,,,,,,,,,,,,,,215,,,,,,,,591,,,,,,,850,,,,261,,,,,,,,,,,,,,,,,,,,,,,,234,,,,310,,,239,158,,,,,2658,73828,,,475,,,160,,,,,,,,,,,,,,,,,,,,,,,,156,,,,,,1002,,,,,,,,648,,,,,,,,,,,,,,1243,,,,,,,,,,,,,,,,,,,495,,,,,162,,1073,,,,,,,,,,,,,,,,,,,,,,,435,,,,,,,216,,,,,,,,,,,,,,,,,253,,,,,901,,,,,,,,,,,,,,,,,,266,,,,,,,452,,,,,,,,,,,,,,,,,,,,587,,,,,,162,,,,217,,10808,,,,,,,,,,,,,364,,,,292,,,,,,,,8151,,,218,,,,,,,,,,171,,,,,,,261,,,,,,,,,,,,,,,,304,,,,,,808,,,,,285,,,,406,,,,,,,,,,,,,,,,,,
2025-08-30T08:00:00Z,,,,,,,,,,,,,,,,38193,,,,,,801,232,,212,190,,,1088,,,,,,,,,,,,,,,,,,,,,,,,,,,,,,,,,1033,,18378,,,473,,,,,,,,,,,,,686,323,,,,,,,,,,,,,387,,,,,,,,,,,,,,,,,,,217,,,,,,4082,,,,,,,,1927,,,,,,,,,,221,,,169,,,,,,,,,167,,,,555,,,,169,,,1889,,,,,,,,,,537,,,,,,,,,,,,,2579,,,,,2325,,,183,,,,,280,,,,,2953,,,,,,1068,,,569,,197,327,,,,252,,,,,,,,,,,,,,,,,,,907,,,2207,,,859,,,,,,,,,,,,,,,,,,,,,567,,,,321,,,,,,,,,,,,,,,,,,,,,,,,,,,,,,,,,724,,,,,,2154,,,,,,,,,,,,,,,,,,,,,,,,,,,,,,169,,,,,,,,,,,,998,,,,,,,,,,,,,,,,,,,,,,,,,233,,,,,,469,,,,,,409,,,,,602,,,,,,,1498,,,,,,,806,,,,,,,,262,,,,,1127,,1554,,,,,,1078,,,,,,,,,,,176,,,,,256,,,,,,195,,316,,,419,,,,,,,,,,431,,,505,,,,,,,,,,1050,,,,,,,,215,,,,,,,,,,,,,,,,,,,,,,,,,,,175,,,2531,,285,,,,,,,,,,,,,,,,,,,,,,,,,,,,,,,,,258,,,,,,,,541,,,,,,,874,,,,278,,,,,,,,,,,,,,,,590,,,,,,,,212,,,,383,,,225,,,,,,2714,87686,,,489,,,,,,,324,,,,,,,,,,,,,,,,,,,,,,,3262,,,,,,,,,,,627,220,,,,,,,,,,,2074,,,,,,,,,,,,,,,,,,,,,700,,,,,,,,,,,,,,,,,,,,,,,,,,,,,,422,,,,,,,218,,,,,,,,,,,,,,,,,298,,,,,765,,175,,,,,,,,,,,,,,,,366,,,,,,,375,,,,,,,,,,,,,,,,,,,,529,,,,,,,,,,220,,12424,,,,,,,,,,,,,353,,,,384,,,,,,,,7377,,,192,,,,,,,,,,211,,,,349,,,332,,,,,,,,,,,,,,,,,,,,,,758,,,,,312,,,,391,,,,,,,,,,,,,,,,,,
2025-08-30T09:00:00Z,,,,,,,,,,,,,,,,4687,,,,,,794,543,,242,,,,,,,,,,,,,,,,,,,,,,,,,,,,,,,,,,,,,3714,,5303,,,,,,,,,,,,,,,,793,375,,,,,,,,,,,,,458,,,,,,,,,,,,,,,,,,,,,,,,,5055,,,,,,,,2026,,,,,,,,,,257,,,232,,,,,,,,,,,,,510,,,,235,,,1084,,,,,,,,,,765,,,,,,,,,,,,,3033,,,,,2904,,,197,,,,,292,,,,,4687,,,,,,1186,,,610,,196,378,,,,234,,,186,,,419,,,,,,238,,,,1444,,,1190,,,3044,,,633,,,,,,,,,,,,,,,,,,,,,639,,,,345,,,,,,,,,,,,,,,,,,,,,,,,,,,,,,,,,874,,,,,,3225,,,,,,,,,,,,,,,,,,,246,,,,,,,,,,,,,,,,,,,,,,,1067,,,,,243,,,,,,,,,,,,,,,,,,,,,,,,,,829,,,,,,515,,,,,671,,,,,,,,,,,,,,1067,,,,,,,,,,,,,1309,,1756,,,,,,914,,,,,,,,,,,,,,,,284,,,,,,234,,409,,,,,,,,,,,,607,937,,514,301,,,,,,,,,,,,,,,,,,247,,,,,,,,,,,,,,971,,7813,,,,,,,,,,,207,,,2004,,866,,,,,,,,,,,,,,,,,,,,,,,,,,,,,,,,,308,,,,,,,,533,,,,,,,465,,,,299,228,,,,,,,,,,,,,,,1036,,,,,,,,222,,,,404,,,285,,,,,,,13359,,,569,,,,425,,,412,,,,,,,,,,,,,,,,,,,,,,,3521,,,,,,,,,,,686,333,,,,,,,,,,,3419,,,,,,,,,,,,,,,,,,,,,,,,,,,,2553,,,,,,,,,,,,,,,,,,,,,,3189,485,,,,,,,269,,,,,,,,,,,,,,379,,,369,,,,,775,,,,,,,,,,,,,,,,,,,,,,,,,402,,,,,,,,,,,,,,,,,,,,267,,,,,,,,,,215,,5294,,,,,,,,,,,,,361,,,,664,,,,541,,,,10417,,,,,,,,,,,,,191,,,,276,,,349,,,,,,,,,,,,,,,,,,,,,,741,,,,,190,,,,460,,,,,,,,,,,,,,,,,,
2025-08-30T10:00:00Z,,,835,,,,,,,,,,,,,4951,,,,,261,1078,663,,262,,,,,,,,,,,,,,,,,,,,,,,,,,,,,,,,,,,,,2674,,7269,,,,,,,,,,,,,,,,,664,,,,,,,,,,,,,392,,,,,,,,,,,,,,,,,,,,,,,,,5173,,,,,,,,1626,,,,,,,,,,,,,,,,,,,,,,,,,,525,,,,,,,1605,,,,,,,446,,,693,,,,,,,2763,423,,,,,3154,,,,,2095,,,,,,814,,,267,,,,4419,,,,,,,,,471,,,374,,,,,,,,,,465,,,,,,294,,,,1589,,,1139,332,,2307,,,544,,,,,,,,487,,,,,,,,474,,,,,550,,,,,,,,,,,,,,,,,,,,,,,,,,,,,,,,,,,,,1007,,,,,,3132,,,,,,,,,,,,,,,,,,,640,,,,,,,,,,,,,,,,,,,,,,,920,,,,,332,,,,,,,,,,,,,,,,,,,,,,,,,353,940,,,,,,494,,,,,742,,,,,,,,,,,,,,938,,,,,265,,,,,,,,1242,,2453,,,,,,1029,,,,,,,,,,,,,,1215,,,,,,,,313,,421,,,,,,,,,,,,736,1106,,791,,,,,,,,,,,,,,,,,468,,316,,,,,,735,4279,,,,,,,1261,,11186,,496,,,,,,,,,,,,2145,,,,,,,,,,,,,,,,,,,,,,,,,,,,,,,,,,,,,,,,,,,409,,,,,,,477,,,,304,,,,,,,,,,,,,757,,,1283,,,,,,,,,,,,,,,287,,,,,,,14514,,361,645,,,,473,,,398,,,,,,5582,,,,,,,1999,,,,,,,,,,3214,,,,,890,,,,,,633,325,,,,,,,,,,,4020,,,,,,,,,,,,,,,,,,,,,,,,,,,,,,,,,,,1450,,,,,,,339,,,,,,,,3653,,,,,,,,,,,,,,,,,,,,,,1148,,,398,,,,,,,,,,,,,,,,,,,,,,,,,,,,,,349,,,,,,,,,,,,,,,,,,,,270,,397,,,,,,,,,,6469,,,,,,,,,,,,,,,,,,,,,528,,,,9961,,,,,,,,,,,,,,,,,,,,277,,,,,,298,,,,,,,,,,,,,,,,758,,,,417,,,,,526,,,,,,,,,,,,,,,,,,
2025-08-30T11:00:00Z,,,1033,,,,,,,,,,,,,3684,,,,,,897,679,,,,,,,,,,,,,,,,,,,,,,,,,,,,,,,,,,,,,,,2688,,5927,,,,,,,,,,,,,,,,,631,,,,,,,,,,,,,393,,,,,,,,,,,,,,,,,,,,,,,,,5213,,,,,,,,,,,,,,,,,,,,,,,,,,,,,,430,,,,549,,,,,,,1772,,,,,,,457,,,1157,,,,,,,3404,436,,,,,2777,,,2268,,1673,,405,,,,886,,,,,,,4421,,,,,,,,,,,,414,,,,,,,,,,428,,,,,,351,,,,1575,,,1313,778,,2069,,,532,,,,,,,,769,,,,,,,387,694,,,,,530,,,,375,,,,,,,,,,,,,,,,,,,,,,,,,,,,,,,,,1079,,,,390,,5169,,,,,,,,,,,,,,,,,,,821,355,,,,,,,,,,,,,,,,564,,,,,,814,,,,,363,,,,,,,,,,,,,,,,,,,,,,,,,385,888,,,,,,905,,,,,872,,,,,,,,,,,,,,824,,,,,404,,,,,,,,1106,,1862,,,,,,1022,,,,,,,,,3176,,326,,,2952,,,,,,,,422,,537,,,,,,,,,,,,752,1123,,812,,,,,,,,,,,,,,,,,437,,357,,,,,,821,6189,,,,,,,1520,,12576,,665,,,,,,,,,,,,2315,,,,,408,,,,,,,,,,,,,,,,,,,,,,,,,,,,,,,,,,,,,,,,,,,,,508,,636,,383,,,,,,,,,,,,,808,,,1305,,,,,,,,,,,,,,,,,,,,,,10945,,495,791,,,,640,,,447,,,,,,3830,,,,,,,3448,,,,,,,,,,3578,,,,,1071,,,,,,,,,,,,,,,,,,3998,,,,,,,,,,,,,,,,,,,,,,,,,,,,2578,,,,,,,2320,,,,,,,995,,,,,,,,4088,,,,,,,,,,,,,,,,,,,,,,1432,,,,,,,,,,,,,,,,,,,,,,,,,,,,,,,,,,,,,,,,,,,,,,,,,,,,,,,,,,,,,,,,,,,,,,,,,,,,,,,,,,,,,,526,,,,8743,,,,,,361,,,,,,,,,,544,,,,,,,,,,,,,4570,,,,,,,,,,,,,,,,,882,,,,,646,,,,,,,,,,,,,,,,,,
2025-08-30T12:00:00Z,,,888,,,,,,,,,,,,,1557,,,,,,892,763,,,,,,,,,,,,,,,,,,,,,,,,,,,,,,,,,,,,,,,2794,,2696,,,,,,,,,,,,,,,,,643,,,529,,,,,,,,,,375,,,,4698,,,,,,,,,,,,,,,,,,,,,5106,,418,,,,,,,,,,,,,,,,,,,,,,,,,,,,,,,,471,,,,,,,1979,,,,,,,514,,,533,,,,,,,3210,,,382.0,,,3130,,,3283,,,,518,,348.0,,796,,,,,,,3952,,,,,,,,,,,,396,,,,,,,,,,482,,,,,,439,,,,,,,,972,,1655,,,751,,,,,3607,,,951,,,,,,,754,807,,,,,577,,,,408,,,,,,,,,,,,,,,,,386,,,,,,,,,,,,,,,,,,,,555,,1362,,,,,,,,,,,,,,,,,,,1207,1267,,,,,,,,,,,,,,,,1023,,,,,,857,,,,,,,,,,,,,,,,,,,,,,,,,,,,,,419,963,,,794,,,,,,,,843,,,796,,,,,,,,,,,963,,,,,448,,,,,,,,1067,,1490,,,,,,674,,,,,,,,,2176,,363,,,4347,,,,,,,,,,,,,,,,,,,,,,787,1064,,913,,,,,,,,,,,,,,,,,,,,,,,,,,6633,,,,,,,1436,,,,881,,,,,,,,,,,,2550,,,,,776,,,,,,,2470,,,,,,,,,,,,,,,,,,,,,,,,,,,,,,,,,,,,,,586,,1018,,364,,,,,,,,,,,,,677,,,1462,,,,,,,,,,,,,,,,,,,,,,4972,,611,661,,,,532,,,,,,,,,3531,,,,,,,7077,,,,,,,,,,3553,,,703,,1023,373,,,,,,355,,,,,,,,,,393.0,3745,,,,,,,,,,,,,,,,,,,,,,,,,,,,,,,,,,,2415,,,,,,,873,,,,,,,,4589,,,,,413,,,,351,,,,,,,,,,,,,881,,,,,,,,,,,,,,,,,,,,,,,,,,,,,,,,,,,,,,,,,,,,,587,,,,,,,,,,,,,,,,,,,,,,,,,,,,,,,,,,,,,,,,,582,,,,10483,,,,,,432,,,9084,,,,,1886,,935,,,,,,,401.0,,,,,,13488,,,,,,,,,,,,,,,,,905,,,,,594,,,,,,,,,,,,,,,,,,
