captured_hour,0108916|츄이로,013001|남유리_,015234|아눙,0joo0joo|·영주·,0o000o|아즈_AZ,0yoruvo0|쵸르,1004tangs2|천사탕,100snoww|새히,11234qwert|유멩_,17282486|하나나,20120461|임주말,2059865|꿀빵지,243000|천양,282eyo|엘리시아,2nang2|이낭♥,2omong|이오몽_,50loing|오잉_OING,581607|적화람,59590423|♥아린,5wolindeyo|한오월,89girl|노니_,95962000|별나무.,9ambler|감블러,9haedo|9해도,9mogu9|모구구,9wang2|크앙희,a03120929|한분홍,a685rwzkfsq|백시온’,a9268yqyf2p|유몽연,aangdoxx|앙또!,aassdd889900|미쑬쩡,acau6257|_김렉스,achora|아초라_,aigong7576|설채이,aimyako01|_아호_,ajddbf|해따,akamekone|아카메_코네,akdma9692|온자두,alice427|미르_MIR,allblack1019|새까망,allure282|리르♥,alsdudtjdud1|김챠멜,alstjr980314|히수레,alstls94|PLOT플롯,amaiyk0105|아마이유키,ameeeeee|아메__,amqjbnzbdkw|그리얌,anfnanfn|홍도유,angel000429|베지♥,angrydino|빡룡,angyoa5|앙요,anz4nz|안즈__,aochfl|매초리,aoihiro|♪히로,applelove234|실리아♬,aranyaang|아라냥,archbebe|포도당_,armjxc7qq5v|갱십,arthemis1123|케이꿍,asd1478|론티,asdk0110|쏭아야,asefg123|정지제,astralive02|리아!,ayanesena|아야네_세나,ayo1gg|잭잭♥,azi1253|꽁아지♡,babekko|배비꼬,backsongorv|백송_,baekrang|백랑_,baeksoon2|파니_,bambe53|밤베,bamsaena|밤새나,baru25|바루,bb0rii|멍보리¿,bboringirl|뽀린걸,bbua104|쁘아,beadyo97|구슬요,beemong|비몽ㆍ,bejae1|비재,bekuku|베쿠♬,bethmj|깅미잉,bibitrue|비쥬_,bkk0512|씽구,blackchu|난초.,blackdambee|흑담비♥,bluejin0129|판다지오,bluerabbit01|루빗_,bokjaoh5|복자__,bokjassi25|박복자씨,bolidam|보리담,bsd030|복순덕,bttolang|바또랑,buddleee|류버들,bunnydesune|우사기당,bureu2002|부르,buuuuing|부잉이!,bver99|빕어_,bxroong|코로미♪,byaring|뱌링,byulzan012|별잔아,c5ttoncandy|코뇨띠,cacodiner|카코_,calinya|카린야,callmeharuby|하루비_,canalfaan|canalfaan,caramel007|_카라멜,carrot99|하카츄,catmusic1016|샤치_ξ,cctvno|유연서,cdzd1004|청둥찌덕,cecip00|세십,ch1ch1r0|찌로_,ch1yuu|마키아_,cha5678|SodaCoCoa,chaatie|차티에,chachazr|챠챠ZR,chachki|차쯔키,chaenna02|챈나,chaerin730|윤채린,chahyuns2|차현ㆍ,chaiyg83|아이쨩`^´,chamingcha|차밍챠,chanddoz|김늘찬,chebi2|체비_,chibi12|치비12,chirik0|쿠로미츠치리,chiy0u|치유+,chiyami|♡치야미,choelssu|철쑤_,chogeumbi|초금비,choiagain|최또,choikang233|초이강,choisua|최수아_,choisy200009|토랴몽,chomj919|민코__,chuchu789|꼬고미,chui11|공츄이,chumechume|츄메,chur1004|츄르CHUR,churahee|츄라희,cjsdl5408|처니씨,cjsel9908|천이나ˇ,cjstkdbsl3|깡담비,ckqns0|_차분,cocacolaoisi|깨요。,cococ11|코코양,coconene|지연율,cocopop1345|나른한나루밍,cosmicaaarrr|아르르_,cotton1217|주르르,coukinener|코유키네네르,cupchicken|컵치킨,cupid030|cupid:3,curlul|컬루c,cyeong|혀니일세,d0hxe823|소호_,daenggang|댕강,dalchesom|달체솜,dalhae1129|달해_,dalpi1|달피,dalta20|달타!,damdam2|김담담,dancingshana|춤추는샤나,dandelion714|한건수,danhazzi|단하찌,danz59|단즈_,daol428|^초선^,darae0722|강다래,darklucy|루루시,datil421|문다틸,datomi428|챔루,day5712|해율♥,daystar0826|한샛별_,dbfl1122|앙유리!,dbs705|렌디,ddalgishoux|딸기슈몽이,ddikku0714|띠꾸♥,ddorongs0422|또롱쓰,ddoyo1004|김또요♡,dduddumoon|나모모짱,dduduji|두두지!,deepblueok|진청옥,deliouswe|연솔이,delphi|델피:3,denebeu|데네브.,deoguri|덕월,diddb1015|쪼꼬._.,dila0107|박디라,dinggoolx3|딩굴♡,dkdb33|문리아,dksekgml121|두둥희,dlqh02|요거트..♥,dlsn9911|제갈금자,dmng50|빵땅콩,dmswl1252|은찌,dnwnwjdqhr53|설레랑,dodi80|모디,dododi0005|도도디_,doeuna|도으나,doheezzan|도히짠,dokg531|독쥐DOKG,dokhee|금독희,dolluphin|돌루핀,donggeul2|호미밍,doormomo|문모모,doraheee|도라희ㅀ,doraim|도라임,doreu1717|도르_DOREU,dotcha|돗챠,doubleing|더블링★,dovahkiin294|기록노예티로,dring14|홍닭,dsmelong|쁘밍,dtg1112|쥬노링,dubulang0901|두부랑_,ducke77|밀크티냠,duddh07|박찐빵,duddj4210|뚜우♡,duvl123|모요,duwoor|마농_,dyddnr747|＂노이로제＂,dyhoon|먹토끼,dyorin|됴린,ecstayc1|엑스테이시,eek00kasia|세카파프니르,ehdtlr0830|됴시기,ehehdldl|초아♬,eirene0326|에이레네,ektha9511|비에타,elaco2|유딤채,eldk22|하디아_,elisehs|엘시♪,elsiefresh|☆거대불곰☆,ender2007|모모카!,ereofficial|에레official,et0726|꼼모리,etwo22|이투__,eum0101|이음+,eunming0|이은밍,eunnnny2|연우얌z,eunpp0|최은뽀1,eunsuchu|CHU리나쌤,eunyounglove|퀸례례♬,euro2u|이유로_,eze1017|윤이제,fgfg3668|버블제이,fjqmdnls|푸닝,flfkql3939|리라비,flfkznak|이티드,flstkqmfl|쁘리쮸,fndk1024|연루아_,fonetree|렉스___,foodofr|Soop.한갓,g0dure|고두레,g0ldystar|묭땅,gak01081|최도비,gaksky2|각하늘,gameasia|은휘린,gamer5g5|비비-3-,gangj486|강정런,garam040907|이즈_04,gatgdf|쏭이♥,gen010|제노현생,gh0832310|아이탄,ghdtjdwns813|고단씨,gingerale24|진저에일,gio12025|류채아,givemecs|미녕이데꼬깨,gkdis922|무덕임,gkqls0620|하빈0620,glossyleaf|글로시_,gmmw|새라새라♥,godf1004|조한양,godolhi248|포도따,godzeze|송쿤,gofl2237|해리,gohozz6|고호.,goldmelover|스뎅쟝,gome0901|고미__,gong0102|공일2_,gorongx2|^고롱고롱^,gosegu2|고세구!,gosummer|고여름_,"goyamii|고야미,",gtr35t|귀여운곰둥이,gurm01|김쁘피,gyehd8325|로파니,gyoollock2|이귤락,h0d0d2yam|홍호돋,habee511|망야_,hachi97|하치_HACHI,hacuma09|하쿠마,haeil621|해일_님,haeri001|리피피♥,haesusu0124|해수수_,haluna|유하루♥,hamssotta|햄쏘따,hana0970|퀸마요,haneung1004|하능이__,hanga125|아교햄,hani0320|차하나,hanseol256|★백하월,hareu99|하르.,harinong|하리농,hario0322|하리오★,harivrecord|하리_HARI,haroha|하로하!,harxxxne|하루네♪,hasinyang|하시냥:,hayesoiii|하예소이,hayren2222|하이렌_,hdoung|흰동,heda221112|헤다ㆍ,heeddo0910|강희또,heeeejyu|백도아.,heeeyo0v0|헤에♪,hey092130|히루룽,hhr001234|어쩜냥이,hibby1004|너보링,hichume|히츠메,highfeel3391|곽상필0,hika12|두미_,hikicomoring|히키☆,himaru11|히마루_,himuru|히무루,hinqocorv|힌콕,hipiii|히피,hiryeo|히령♡,hiyam2411|유상츄,hj5976|이원향,hobal115end|호발☆,holly0850|힘구,hololoolu|차투리,honeys2|니니♥♥♥,hongkillsoon|홍길순,hongseolhee|홍설이@,hongseol|성하늘,hpwmn789|♡코스모,hunhunforce|푸피푸릉,huwa030|후와,hwanidayo|화니다요,hwayu0824|설화유,hy5ly7hy1ly0|초짱,hye0328|망초♪,hye11u|베베리,hyedal012|혜달,hyeonshy|서하연,hyojin12|지유_♥,iamdeepwhite|딥화이트,ijs5010|설아콩,imganzino|히누히누,imha22|임하밍,imhanbily|한비。,imoi18|이모이_,imsunni|아임_수니,imyeon06|뽐나연,ina1213|이나,inehine|아이네♪,insome0319|따린,irrilll|이릴_,irumi1523|백시호_,isq1158|구월이_,iyvonnie44|_이보늬,j0kiwi|조키위,jaesu111|재수피기,jaeyuks2|제복이_,jeongwonb425|유하레,jey422|뢴트게늄,jhpark9252|시케이,jhs00412|김뚜야_,jiand0502|지앤*,jid0916|지드♬,jing5869|김레뮤,jingburger1|징버거☆,jinsol6030|똘덕,jintaese0i|진태서,jipsa09|셰인,jisnevtuber|지스네,jiwooaf|운청.,jjackjjackle|짹짹이__,jjemmu|쨈무,jjfox4747|김행주,jjgod9312|슨미.,jjj0604n|도유겸,jjjhhh0034|세이호_,jjoasseo13|죠아써,jjungwoo123|jjungwoo123,jjungwoo123|쩡우__,jjuppi1022|큐피에요,joaras2|조아라,joogodbsk12|냥숭,joonine09|유지아0,joybbi|조와라,jty89045|.광츄.,ju010228|쥬멩이,juc21200|연하늘♪,juin0123|갈푸짱,jungdubu|정두영,jyd0808|놈삐_,k0roshi|시로코♬,k1baaa|채니☆,k4187421|슈니★,k757577|김루한,kaam0802|카아암,kady00|천제天帝,kakazzang|후룽카카,kaksjak0730|한결___,kanghaera|강해라!,kangturtle|한세현_,kappuchan|카푸_,karieshug|애륑,katojjing|카토찡,kawa11az|아즈!,kayooo|용아리_,kbs9981|김병살,kdah4506|나는견다,kdfreecs|poohul,kdhsflfjqm1|미링_,kdnfladl98|2유조,keunggee1004|김킁지,kgoyangyeeee|누눙지,khaea218|강해아,kim91709|한아밍,kimdream2|김드림_,kimhachi|마묘네즈,kimhaetae|김해태,kimmaren77|김마렌,kimnikki|니끼,kimtalggy|킴딸기,kindpopo1|양타,kinge9885|래노♬,kingpops|샤일샤일,kingtosun|낑토순,kirababy2|유키라,kiru5108|몽글씨,kitschyya|키치,kiyozz11|키요_,kjh18220|최강후야,kjhh0029|카나시,kjkj4424|_해이_,kjys53510|해로♥,kkontto0501|꼰또♡,kkulbung5|꿀붕어,kkumjjogi|쪽잉,kkyren|키렌♬,kmysje18|뱅없는오스,kok7864|미츠야유키,kongjwi06|아코AKO,kplooto122|옹삼!,kr3838|루키아_,krad8243|데_레,kryuuki|크류키,ksaslj|빙겨울,ksk3058|하윤세,ksyhun0124|이한울㎐,ktlaqls000|사자º,kuang2|망몽!,kumamyong|쿠마묭,kumi030a|냥쿠미,kur0ch4t|쿠로샤,kuraishirie|리에짱,kururin|클하*,kyaang123|캬앙,kyct00028|오트-,kymakyma|키마,kyoko8022|쿄코_,kysvic2|체리즈,lafraise13|딸기밈♥,land4968|야무지♪,langmu|랑뮤,larie1205|사일리스,lastindi|라디_O,lavend0710|라벤_,layule|라율,ldrboo|솜주먹,leebom22|채리봄,leejinye|찐예냥,leesoi34|냥쏘,leeyeda|이예다,leeyeda|이예다♡,lemon1925|류소리,lessfox|솔이프,lethea|아쿠쨩,letitiaa|레티아030,levy522|레비`,libre1900|리브레ㆍ,liebe24|리베♡,lika07|리카_,likethis1125|도페,likey0u|새잎,lilith1211|리리스_,lilpa0309|릴파♬,liluelee12|리루리_,limivlup|리미★,lina0108|유시노_리냐,linco00|린코♥,lingling2026|링링lingling,litz0404|리츠_LITZ,lkjh1234|강주이,llangkko0429|랑코_,lllucen|루센_,lmh22516|코야파,locy1212|정푸푸,lomioeov|치치º^º,lonicera050|로니세라,loveya4860|하루아이,lowcu29|로큐,lsh8071|방우리_,lugar0315|루가르,luriruri|맛지!,luvita|LUVITA_공식,luvosis1|바냐♪,m0gu59|모구,madaomm|마다옴_,maeji1203|매지_,maggie0822|길매기,mahiruchans2|진비유,mak0ng|김마꽁,maluckitty|마냥_,man3238|상가°,maneku14|만애쿠,mangmaida|망무이,mangto314|맹토,manheee|만히_,manlebreadtv|_마늘빵_,maribyeol|마리별_,marihema|마리히,mattomaro|마또,maumou|마우먀우,mawang0216|마왕0216,mayozzang|마요네즈♡,mazet0201|마젯,meechu|미츄meechu,melllody|쌈무녀:D,mellochu|미묘。,melloon63|멜로온_,melodycandy|신유나_,merryou|비숑b,meryvtuber|메리*,mgoldle|마금래,mihui96|슘,mijjung|이름미정Mi,mikkeu929|서여린,miko35|みこ미코,mimi2025|미미MIMI#,mimmya0203|밈먀,ming1122ming|밍들래,mingkymya|이루희,mingturn97|밍턴_,minguri1016|배민정,mini1212|린링,mini8282|(설이),minjuo3o|김밍치,miome3|고미호♡,miro314000|미로MiroM,missjeong|미스정!,miwoomiwoo|미우,miyao0o|_미야오,mkoi1019|유신재,mm5279|시모린,mmange2|망개♪,mmeteor00|독고공주,mmmmyo|앵쥬_,mnomno55|루디딕,mobe11|모비일,mocamu2|모카:b,momongmomong|모몽?,mong0519|모치,mongggee|박몽총,moolchoco|물초코,moon26|문이유,moona00|나월_,moonbi0621|문비☆,mooneun|유자몽ㆍ,moonightwmn|백월야_,moonngnung|°눈서리°,moonsikhye1|문식혜,morgan427|아뇨띠_,mrmrol|파덕이!,msple1006|듀어,mujinbear|무진`,muse0116|뮤즈_MUSE,myang0315|솜먕,myangmoong|김먕뭉,mygomiee|마이곰이_,mynagi0307|김먕이,n4w4nr|연푸_,n82475|뮤히,nabombom|나봄_nabom,nagi0413|유나기,nagi808|+나기+,namdareum011|남다름_,nanamoon777|나나문,nangmal|냔마루,nanheee|난희♥,naonfromsea|나온!,nariarto|미냐호,navixx|나비,naye0418|나예_,nclavis06|클라비스,ncook0823|현세리,ncute1311|함단디,ndbu0805|현주♥,nddangri123|땡그리V,ndeleahri|델리아리,ndlrtns20001|하냐♬,nduang18|이드앙,neans2|낸내S2,neenee00|버니니_,neez0611|니즈__,nering0117|네링_,newmayo|새마요,newnyangee|뉴냥이,nfortuneshi|샤이렌_EVE,nhaesi17|해시,nhiyuji0710|김유지!,niadragon|니아__,niniming|니니밍,niniru|김옥독,ninlet1261|조드_,njcy040628|하나비つ,nkknd300|까마귀_____,nlov555jij|삐요코,nlsb9718|판다비♥,nmachuu060|김땃쥐060,nmela1212|달토끼멜라,nmohoho|달묘_,nmuckeyjung|정머키,nnagongju54|한예림,nnarenare001|나레나레,nnojoke486|장난하나_,nnunmwa1108|눈뫄,nnyzzi|나는야찌,noivlup|노이_Vlup,nokcho999|_녹초,noname33|천려희,nosikdesu|노식이,nqwer5031|닼발,nrlagbwl1|슈냥_,nrnjsaudwn94|IIDEN이든,nslah830|피치:3,nsmfqha2057|윤세아_,nsvs311|별이쓰.,nunknown314|미현영♡,nwjddntjd119|고슴도치스톰,nwlsfl007|때찌*,nyanggaring|냥가링,nyanyavkr2|냐냐,nyzzim1|카짱♥,o0opha|서라0,o8o8o8o8o|뚱땅★,ocha54|오챠,odoeun|쨈도은,ohoh255|유이담,ohroohro|오로오로_,omizuxoxo|오미주_,oneyoonseul|한윤슬:3,onmong|흐궁이,ooojoijo|성피아,ooonae|온네님,oss0930|콧시_,ouoovo59|하나모_,ourbrewedt|청우린,ous1122|이오군,owozzz|샤르망,ozan201|마야100,p0ppy628|백야♬♥,padott|페닷,parablestu|패러블stu,parassol|파라쏠,passionkim|김열정,pengqueeeen|펭퀸♡,peuhaha|프하_,phs6162|찐랑,pilrisya|필리샤,pinktape8|몽나_,pipinstall|민초희,pobokchi|포복치,poippoi52|희희덕,popo030|♥탱자♥,popo1118|심포님,pring1798|김프링♪,psb010203|빈스9,publicnoye|공노,pudang0415|뿌당,puduri|푸두리_,pusyuhutsyu|삐-,puyo0805|뿌요,pyeondh303kr|편덕희,pyowoo|표우_,qhrekd77|김복당,qna0906|큐나ㆍ,qooqoo3110|쿠우♪,qrang513|큐랑,quaorv|쿠아♪,queenwolhwa|월화☆,quokka1228|김쿼카_,qw794|제이404,qwhy1040|새콤♡,r1s1n9star|샛벼리,rababa123|새요,rabbit21|깡총총,rahen0411|라헨☆,raming9|김라밍_,rang2mong|랑이몽_,ranpoa|란포아,ransss1|나브이,rapja2025|랩자RAPJA,razvlup|라즈ㆍ,realcherry|진체리,reumdal|꾸름달,rhksrh68|흑월성_,ringbyul|도화εз,rintube|나린인데?,riori0626|이리오,rjsdnr115|고채린,rkdmsdl782|한아련,rkdmsrnt|청링고,rlafnfn0109|김루루♥,rlatkfrrn|김살꾸,rlawlsthfw|힙비,rmfkadl|그람이,rmlrl771|끠끼,rndlsk|그믐_*_,rnfql22|김꿀비♬,rose0957|한세긴,rosy0330|셀리아_,rp1227|렌링,rsyzh0920|예지화,rudcjfdlz|VRC_니르쨩,ruerin821|백설화월,ruianne|민여울,ruielll|묘네,ruki02|류키∀,rum1021|치포,runna11|룬나_,runray2|룬레이,ruriateu|o마시로o,ruringruming|하링!,ruru0925|아루랑_,ry0135|송소미_,rydwl0214|키젤_,ryoeng7412|령¿,ryuchaegyeon|류채경_,ryuena|류은아_,ryuhena|류헤나,s0myee|한다람_,s0rabbita|라비타,saehorshu|해마슈,sagesv|세이지.,sailortiako|티아코_tiako,sakbi1|삭비,salgu030|개살구♥,salsng1234|헤븐킴,sam4800|주예나_,sana0506|사니사나,sangchu541|천상츄,sarak0501|오르빗,sayaka0724|채.갱과,searen025|세렌025,seecom2|류새콤,seharug|류새백,semixluna|세뮤링,seolyesol|설예솔,seoring2|서링,seosia1010|서시아_,seoya0211|서야_11,seoyicci|서이찌,seren1125|바세린★,seri1100|몽세리,sese119|세세,seuls2|슬한별,sh02050|백서향,shaaee|샤애_,shakii2love|샤키_,shandyhan|섄디한,sharkhina|상어히나,shb0910|아이코_,shortduck|단타오리,shuhin0817|슈힌,si88is|시괄,sick0402|갱이쁨,sie4yu|유시에,siee0909|케쿠,sikhye1004|거대별,siki4012|시키ㆍ,silverchea|채은채˚,sim222|포로미_,singgyul|띵귤_,singu64|싱유,sinrukim|신루_,sircharlee|찰리씨,sirohiru|시스네,sirus2|시루♪,sizueko|시즈애,sjsr4611|히라__,skfk6612|하나링구,skfo4010|나붕임미다,sksgml16|킴나니_,skwltn|봄지수_,sldrps96|지슛~,slvmdpdy|니프_,smoker1587|강도38,snoh2023|스노,snow0225|유키오_,so0oj|쏘대장,som027|뽀솜히,somnnya|솜냐_,song1218|하이요,songhy|송현_,sookbong777|숙봉이,soondeoki|빅순덕,soya4567|도월하,"soykim|포니,",soyoung6056|빡쏘,spica21|서피카,ssauvignon|쑈비뇽,sshh135|이야__,star124|하밍,star52|이라★,sua0605|해령임둥,sudalhee|수달희,suddory2|수또리,sunro0316|해노__,sunuli|순우리_,sunwoo8915|네론′,sunza1122|포포∀,suupercutie|초귀요미,swcmnb67|공도리-,swideh|스위데,syusyuang|슈슈슈앙,t730172|_임재천,tac0yagi|타고야깅,tachocho|타쵸쵸,tadis6997|만조_,tanukiul|너구리울,tdlfkghs948|구름라혼,tentamousev|은가비_,teseda2|_티즈_,teupong|트퐁,thal1713|해레느,thdrbolt0622|벽력_,thexeop|강엽,thgus433|_유르밍,thtlago0607|소심해_,tinalove|레스티나♡,tinkerblond|더빙레이디♥,tirias|티리아스,tizl98|신쌤,tjdgns4268|네로쿤,tjrghd1202|김다나_,tkdwlsdl432|김진상++,tkfkdgodufks|소연화,tldhssla0709|정시온,tleod1818|빙밍_,tmdeh0715|승도,tmxk2410|마멍♣,tnqlsdlwlfhd|삐삐♪,tochihua|토치와,today250113|게임하는오늘,top6373|란다_,toql04|주새비,toree0409|토뤼,tosmreo|빵혜_,tpdusdl0218|뽀뽀_,tria030|트리아,tsuki0v0123|청명월_,tsukizz6|움츠키,tthree3ryong|삼룡_,ttmdqjarj|곶곶이,ttya1234567|하무양,u3ams2|u32,u9999in|뽀몽,ucherryn|유채린_,udaang|임채리,uks4ma|욱4마,uleharaaki|양아키,unetian|이안__,unetrevir|레비르,unetzeron|제론__,unicadoragon|유니카,uoip209|미요♭,usharko0o0|유샥크,usom01|유솜_,utahessx33|헤스,uu7072|설범.,uzinsg|유진_UzinSG,vella20|후찌マ,veryveny|베니_VENY,vhyun4|비현_Vhyun,villlo|왜냐니,vivi7023|어네뿅,vllagekanin|카닌ㆍ,vllageloe|로에ㆍ,vllageserah|세라ㆍ,vlupofficial|브이럽_공식,vlupsitry|시트리,vlzkcb1520|시엘스카이,vmsystem|서스스_공식,vnuguria|너구리아,vrecordsign|사인_SIGN,vrecordyunon|유논,vrecordyunon|유논_YUNON,vsakabam700|김_사카,vveyyy|시라유리,w2rdoo|위도,w4ntyou|하솔。,waanwaan|와앙이♬,wafflejoah12|와쁠,wdh030|엣치쿠_,wellro314|김웰로,wggumteuli|왕꿈틀이__,whatcherry4|연초록♪,whdaks1010|이로하♠,whiteone325|난워니-_-+,whitesora|소라빛나,whitex|연요,wja06041|해나땅,wkdrn0405|단비가최고야,wkho0208|_로티,wlrkrtoddmlv|홍세리,wlssud44|찐녕,wooldi|요요에요∀,woujury|우주리_,wprkffi|깍비빙,wuongs2|우엉,xelloss21c|카르페디엠BS,xex3|목츄리,xhvkwm1029|나탄토,ximong|시몽_,xkzkrlcb1234|호진맨v,xnalcm004|투미츠,xovexyseoo|하나메_,xoxo721|나니닝!,xvb1100|여다봄,xxxkimmickey|#김미키,y2s161451|호아띠_,y3krar|데이먼＆,yaliyalia|이엘리,yamha46|얌하,yang2ro|늘우♪,yangdoki|양도끼,yanppi|얀삐_,yaom0728|야옴♥,yeda1224|예다.,yeibeowo|예이비,yejjyang|시예__,yejjyu3u|예쮸_,yeniouoyeni|예니_ouo,yenryong|옌룡,yeoil22|여일_,yeonbe303|연비생각,yeonew|눈묘,yeonwoonayng|우냥v,yeorumi030|여르미_,yeyo25|예요예요,yj102977|행구리.,yjkim5500|조디악악악,yohan99|요한._.,yokoring03|요코링,yoma1515|요마왕__,yoon1tae|백우주,yoonchoii|별가루,yoonjae0620|♥윤재,yotsubakoe|코에♪,youil0311|해우리!,younamra|유남라,yourdarky|다키_,youxhh|미코!,yubami|유바미!,yudarlinn|유달린,yuhatty|유하띠,yuiseol77|유이설,yumama|빵떡,yumeka89|쿠리_KURI,yuna812|채윤아,yune9024|운윤애24,yunion0227|윤이온,yuri3340|판다율,yusojeong|아카리루나,yutae3|유태_,zangmint|●마님●,zbxl7271|LoveNaNa,zbxm2015|도담히_,zk5742695|즈킁,zlawns1127|김리루,zlfnzlfn12|킴카론,zlzl1004|다네,zoooty|이테루,zsilverkid94|작은애’,zuna1101|주나1101,zuu1028|쮸__,zxc5249|참치임:3,zzamjuhk12|휘운_,zzeogoo|햄쩌구,zzimio3o|찌미♥
2025-08-26T11:00:00Z,,,,,4,,,12,,,,18,,19,13,,,3,,,,,,,,89,,,19,,,,,,,,2,,,,2,,10,,,,,,,8,12,,,,6,,,,,,11,,,,,19,,55,,144,,104,,57,,33,,,,,21,,,,10,11,,,,,,,,,,,,,,,,,,,2,,,,,5,,,4,2,,9,,,,4,,26,,,,,8,,,19,,9,,,,,,,,,9,,84,,,,,,,3171,9,,,,12,,,43,,,,,,,,127,,,,,,,,,18,,,,,,10,,28,7,52,,,5,,,,,,,,,,,,20,,,,18,,5,,,12,,,,,2,,,19,,,,,,,,,,,,,,,,,,,67,,,,,,,,,,,,,,11,,,,4,8,2,,,,,,6,,,,,,277,,,,,,,,,16,,16,,,,72,,,,,10,,24,,9,,,,,,,,3,,,,,,,,,,,,,26,,,,12,5,39,,,,17,,15,,,9,,,,,,,,,,4,,19,12,,,11,,12,5,,,,23,,,,,6,,,608,,,,,,,,,,,12,20,,,,,2,,,2,,,,,,14,,,,29,23,,,,,,,3,,,,,12,2,,,,,,,,,,9,,38,4,,,,,,14,,16,,,,9,,,,,,37,,,,2,39,,,,,15,,,,,,,,5,,5,,,,,,,9,7,83,,680,5,,11,,,,,,14,,,,,,13,,,,,,21,9,,8,,,,,,38,,,,,30,,,,,,14,,,3,,,,,,,,,,,,,,9,,,5,19,21,5,,,,,,,4,,,,,,,11,,,,3,,,,,,,,3,,9,5,,,,,,,,,,,,,,,,,,,,,0,6,,106,70,13,,,,8,,,,12,145,,,,,,,37,,14,,,4,,,,8,16,,,17,45,,,,,,5,,,34,,9,,,,,,,,,,79,,,25,,9,,,,,2,,,,9,,,,56,1,,,5,,,75,,,,7,,,,,,,,15,24,,,,,,,9,,11,,,18,,,44,,,,,,,,,50,,,4,,6,,,,15,,17,80,,,,,25,,,,,,5,,,,,,,,,,,,,33,23,29,,,,,,,,,2,5,,,,,,,,5,,21,,,,,,6,,,,,11,,,,,4,,,60,,,22,,,17,,10,,,,,,25,,,,,,,10,16,,,,,,,,26,,,,6,,,,17,,,780,262,,,,,,,7,,,23,,,,,6,,,,,,,,7,16,15,1,,,,8,,,6,,,4,,5,43,,10,,,,14,,48,11,,,,,,,,,,,5,2,8,,,,,0,54,,,,,20,10,11,,13,,,,,,,,14,,,78,5,,,10,,,32,,70,,,31,7,,,,,,30,,,,,5,,,18,,,5,18,,,6,,,,,651,,4,101,,,9,17,,,,17,,,,,,17,,,,,,,,20,,40,,8,,,3,8,,,,,,,3,,8,27,,,,,,9,,,,,
2025-08-26T12:00:00Z,14,,,,,,11,,,,,19,,22,32,,,5,,14,,,,12,,83,,,22,,,,,,,,2,,,15,2,,,,,,11,,,,,,1,,13,,,,,,15,4,,,,21,,57,9,110,,105,,49,202,41,,,,,,,16,,14,26,,,,,,,,,,,,,,,,,,,2,,,8,,15,,,4,,,7,,360,11,16,,30,19,24,,,,,,,,23,,,,,,16,,,11,3,92,,,,,,,4466,13,,,,12,,24,41,,19,,6,,,,134,,,,,,8,,,21,,,,,,,,29,,,,,35,,,,0,,,,,,11,,23,,,,22,,51,,,9,,0,,,,,,21,,,,3,,,,,,4,,,,,,,,,,,,,,,,16,6,,7,8,,,13,,10,,11,,2,,2,,,,15,,,,,,246,,,,,,,,,,,,,,,100,16,,48,,14,,44,,,,,,,,,,2,,,20,,,,,,,,,,20,,16,7,14,,39,42,20,,,,,,,9,,,,,,31,,7,,11,,,12,,4,,,,,,,,36,,,,,18,,,537,13,,,31,4,,,,,,8,25,,,3569,,3,,,2,,,,,,17,,,,30,17,,,,,,14,12,,,,,9,,,,,,,,,,129,32,,,5,,17,,,,12,,16,,,,,,,,,,39,,,18,,62,,,4,,16,,,,,,,,13,,11,,,16,,,,,7,106,,,9,,16,,,4,,,15,,,,,,15,,,,,,20,21,,20,,,,,8,33,16,,,,178,,,,18,,,9,,,,,,,,,,,20,131,,,,6,,,9,,24,,,,113,,,,6,7,,,9,,,10,,,,17,,,,,,,,,,12,5,,,,,,,,,,25,,,,,,8,,,,,4,,,99,,13,,,19,9,7,,,10,145,,,,7,,,,,,,,5,,,,12,16,,11,,,,,,,,,14,12,35,,8,12,,,,,7,,,,52,,,,,7,10,8,,,2,,,,,,7,,59,11,,23,,,,70,,8,,7,,,,,,,,,73,,,,,,9,9,,12,,2,,,,42,,,,,,21,17,,64,,,9,,11,,,,10,16,20,90,,,,19,,,,,,,7,,9,,,,,,,,1,,,,44,25,,,,,,,,,2,9,,,,,,,,10,,25,4,,,,,10,5,,,,9,,,,,19,,,64,23,,30,,,16,7,,,,,,,25,,,,,8,,7,32,,,,,17,,,,,,,,,30,,16,,,431,301,,,,,,,,,,20,,,,,12,,,,,,,,,14,18,4,,,,,,,6,3,,5,14,5,,,11,9,,,19,,50,14,,,8,,,,,,,,,,8,,,,,,60,,,,,,10,,,16,54,,55,,,,,,,,,6,18,168,,,,29,,78,,,,7,,,,,,49,57,,,,4,,,53,,,3,20,,6,,,,12,,,,22,187,,,21,15,,,,17,17,,,,,,,,,,,,,20,,,,34,,,9,9,,6,,,4,,5,,8,,,,,,,11,,,,,
2025-08-26T13:00:00Z,16,,,,,,18,,,,,,,23,28,,,6,,,,,,8,,74,,,22,,,,,,,,,,,,1,,,,,,14,,,,,,,,14,6,,,,,13,7,,,,23,,58,9,107,,,,44,360,,,,,,,,20,,15,,,,,,,,,14,,,,,,,,,,,1,,,10,,15,,,4,,,,,355,,18,,23,24,41,,,,,,,,23,,12,,,,20,,,,5,,2,,,,,,4292,,,,,,,28,,,24,,13,,,,125,,,,,,9,,,25,,,,,,,,32,,,,,42,,14,,3,,,,,,,,26,,,,35,,57,,,,,1,,1,,,,20,,,,3,,,,,,20,,,,,,,,,,,,,,,,19,,,6,10,,6,13,,9,,,,2,,,,,,18,,,,,,239,,,,,,,,,,,,,10,,116,18,,56,,13,,48,,,5,,,,,,,2,7,,27,,,,,,,,,,20,,17,15,10,,43,58,19,,23,,,,,10,,,,,,225,,9,,13,0,18,9,,3,,,,,,,,32,,,8,,16,,,,16,,,41,,,4,,,,,26,,,4296,,3,,,2,,,,,,18,,,,29,19,,,,,,16,,8,,,,13,,,,,,,,,,128,38,,,4,,16,,,,,,,,,,,6,,,,,45,,,18,,60,,,3,,17,,,,,,,,13,,12,,,16,,,,,7,,,,9,,14,,,4,,,16,,3,,,,14,,,,,,25,23,,,,,4228,,7,29,17,,,,166,8,1,,23,8,,11,,,,,,,,,,,20,,,5,,8,23,,10,,22,,,27,143,,,,5,9,,,16,,,9,,,,17,11,,,,,,,,,12,,,,,,,,,,,25,,,44,,,,,,,,4,,,80,,12,,,,9,8,,,8,,,,,8,,,,9,,,,4,,,,12,15,,16,19,,,,,,,,15,,36,,11,,,,,,,,11,,,,,,,6,13,8,,,2,,,,,,10,,68,13,,28,,,35,67,,7,,8,,,,,,,,,93,,,,,,11,8,,,,2,,11,,,,,,,,23,,,65,,,12,,11,,,,10,14,29,101,,17,,20,,17,,,,,6,,9,,,,,,,,1,,,,45,30,16,,,,,,,,3,,,,,,,,,11,,26,5,,,,,10,6,,,,8,,3,,8,19,,,65,25,31,28,,,15,10,,,,,,,24,,,,,8,,13,32,,,,,,,,21,,,,,,35,,16,,,652,309,,,,,,,,,,21,,,,,14,,,12,14,,,,,15,,4,,,,,,2,8,,,7,19,,,,9,,,,18,,50,13,,,7,,,,,,,,,,10,,16,10,,,,6,,,,,12,,,19,68,,73,,,,,15,,,90,,22,205,12,,,29,,74,,,,,,,,,28,43,57,,,,,,,49,,,3,21,9,,,,,12,,,,,149,20,19,20,17,,,,15,24,,,,,,,,,,,,,19,,,2,39,,,10,10,,8,,,3,,3,,10,,,,,,,9,,,,8,
2025-08-26T14:00:00Z,,,,,6,,22,24,13,,,19,,,34,,15,5,,,,,,10,,80,,,25,,,,,,,,,,,,1,,,,,,14,,,,,,,,12,17,,,,,12,10,,,,19,,62,11,,,,,54,,,,,,,,,19,,12,,,,,,,,,,,,,9,,,,,,,2,,,,,14,,,,,,,,,,16,,23,22,46,,,,,,,,28,,12,,,,19,,,11,,,,,,,,,,13,,,,,,30,,,26,,,,,,137,,,,,,10,17,,20,,,,,,,,33,,,,,47,,10,,,,,,,,,,23,7,,,32,,53,,,,,1,8,1,,,,18,,,,3,,,,,,,,,18,,,3,,,,,,,,,,19,,,5,11,,,13,,,,,20,4,,,,,,20,,,,,,246,,,,,,,11,,,,,,12,,89,21,,58,,13,21,47,,,7,,,,,,,2,25,,31,,,,,,8,,,,22,,19,15,10,,43,45,17,,25,,15,,,12,,,,,,253,,7,,11,19,,9,,2,,,,,,,,,,,12,,16,,,,18,,,35,,,12,,,,,24,,,,,,,3,2,,,,,,15,,,,30,19,,,,,,16,13,11,,,,13,,,,,,,27,,,110,33,,,4,,15,,,,,,,,,,,12,,,,,41,,,22,,57,33,,,,16,,,,,,,,14,,11,,7,14,,,28,,6,,,,8,,17,,,4,,,14,,4,,,,13,,,,,,22,22,,,,,5212,,,27,17,,,,159,9,1,,22,,,9,,,,,,,,,,,20,,,,,7,25,,11,,21,,,31,149,,,,5,9,,,16,15,,8,,,,15,11,,,,,,,,,12,,,,,,,,,,,22,,,53,,,,,,,,3,,,79,,11,,,,10,9,,,8,,,,,6,,,,11,,,,6,,,5,,12,,,20,,,,,,,,,,30,,9,,,,,14,,5,15,,,,5,,,5,15,9,,,2,,,,,,10,,56,15,,21,,,47,61,,5,,7,,,,,,,,,85,,,,,,12,7,,,,2,,13,,,,,,,,27,,,63,,18,8,,11,,,,13,15,31,,,22,3,24,,,,,,,4,,11,,,,,,,,1,4,,,42,25,15,,,,,,14,,2,,,,,,,,,11,,26,4,,,,,,,,,,,,8,,,22,,,,25,34,31,,,14,9,,,,,5,,20,226,,,22,9,,12,34,,,,,,,,,,,,,,,,12,,,,,,,,,,,,,,,,,,,16,,,14,16,,,,,12,,5,,,,,,2,6,,,9,,,,,10,,,,20,,48,13,,,7,,,,,,,,,,,,17,9,,6,,10,,,,,10,,,16,77,,76,,,,,11,,,,,23,227,11,,,32,,73,,,,,,,,,,47,53,,,,,,,47,,,4,18,9,,,,,11,,,,,116,22,18,21,16,,8,,16,26,,,,,,,,7,,11,,,19,,34,6,44,16,,8,11,,,,,2,,,,10,,,,,,,9,,,,6,
2025-08-26T15:00:00Z,,,,,,,24,25,18,,,18,,,30,,37,6,,,,,,11,,,,,28,,,,,,,,,,,,1,,,,,,14,,,,,,,,9,21,,,,,13,9,,,,19,,,12,,,,,58,,,,,,,,,,,16,,,,,,,,,,,,,16,,,,,,,1,,,,,16,,,,,,,,,,,,24,18,45,,,,,,,,21,,10,,,,21,,,11,,,,,,,,21,,12,,,,,,32,54,,29,,,,,,113,,,,,,6,,,18,,,,,,,,15,,,,,44,,12,,,,,,,,,,21,,,,28,,,,,,,1,8,,,,,18,,,,,,,,,,,,,30,,,,,,,,,,,,,21,,,,8,,,,,,,,19,,,,,,,14,,,,,,,,,,,,,14,,,,,,14,,83,19,,53,,8,,42,,,9,,,,,,,2,,,31,,,,,,,,,,18,,28,16,,,40,,,,,,10,,13,10,,,,,,221,,8,,9,17,,7,,,,,,,,,,,,,14,,13,,,,15,,,34,,,,,,,,22,,,,,,,2,,,,,,,13,,,,24,,8,,,,,19,13,,,,,11,,,,,,,40,,,99,,,,3,,16,,,,,,,,,,,11,,3,,,47,,,19,,,,,,,17,,,,,,,,13,,11,,,,,,,,,,,,,,16,,,3,,,11,,2,,,,,,,,,,21,25,,,,,,,,26,19,,,,133,,1,5,20,,,,,,,,,,,,,,,,,,,6,24,,10,,23,,41,29,160,,,,8,8,,,,,,,,,,16,,,,,,,,,,9,,,,,,,,,,,17,31,,54,,,,,,,,,,,70,,11,,,,11,10,,,,,,,,8,,,,11,,13,,7,,,6,,,,,18,,15,,,,,,,,35,,8,,,,,13,,15,,,,,8,,,5,13,12,,,2,,,,,,,,43,17,,22,,,62,51,,,,,,,,,,,,,83,,,,,,13,7,,,,2,,,,,3,,,,,21,23,,,,,7,,,,,,13,18,19,,,17,3,,,,,,,,5,,11,,,,,,,,1,3,,,55,24,16,,,,,,,,,,,,,,,,,,,23,4,,,,,,,,,,,,,,,24,24,,,26,,28,,,15,13,10,,,,3,,24,269,,,29,5,,0,30,,,,,,,,,,,,,,,,13,,,,,,,,,6,,,,,,,,,,13,,,,14,,,,,12,,4,,,,,,2,9,,,6,,,,,7,,,,25,,48,13,,,6,,,,,,,,,,,,19,12,,,,5,,,,,10,,,18,69,,73,,,,,,,,,,17,188,,,,27,,70,,,,6,,,,,,53,,,,,,,,47,,,,15,11,,,,,10,,,,,113,24,15,23,18,,12,,16,,,,,993,,,,7,,10,,,21,,,,46,22,,9,10,,,,,3,,,8,11,,,,,,,,,,,,
2025-08-26T16:00:00Z,,,,,,,19,24,,,,,,,27,,54,,11,,,,,12,,,,,,,,,,,,,,,,,,,,,,,14,,,,,,,,9,19,,,,,13,,,,,49,,,15,,,,,76,284,,,,,,,,,,,,,,,,,,,,,,,14,,,,,,,1,,79,,,,,,,,,,,,,,,21,17,49,,,,,,,,18,,,,,,26,,,14,,,,,,,,27,,12,,,,,,29,,,22,,,,26,,224,,,,,,,,,,,,,,,,,,,,,,37,,,,,,,,,,9,,,,,,21,,,,,,,1,8,,,,,15,,,,,,,,,,,,,28,,,,,,,,,,,,,17,,,,8,,,,,10,,,,,,,,,,,,,,,,,,,,,,,,,,,,,14,,60,17,,60,,,,,,,6,,,,,,,,,,31,,,,,,,,,,22,,17,14,,,41,,,,,,15,,18,11,,,,,,294,,8,,,14,,10,,,7,,,,,,,53,,,12,,13,,,473,15,,,42,,,,,,15,,20,,,,,,,,,,,,,,14,,,,25,,8,,,,,15,,,,,,12,,,,,,,51,,,84,,,,4,,15,,,,,,,,,,,15,,4,,,,,,16,,,,,,,18,,,,,,19,,13,,,,,,,,,,,,,,,,12,,,5,,,10,,,,,,,,,,,,17,,,,,,,,,23,19,,,,120,,,7,22,,,,,,,,,,,,,,,,,,,,26,,,,17,,,26,,,9,,4,6,,,,,,,,,,22,,,,,,,,,,,,,,,,,,,,,,55,,52,,,,,,,,,,,83,,12,,,,8,,,,,,,,,,,,,11,,12,2,,,,,,,,,,,,,,,,,,,35,,9,,,,,18,,11,,,,,11,,,,13,,,,3,,5,,,,,,45,,,18,,4,76,62,,,,,,,,,,,,,,,,,,,11,6,,,,3,,,,,6,,,,,16,24,,,,,8,,,,,,11,,,,,,5,,,,,,,,5,,12,,,,,,,,,,,,41,23,15,,,,,,,,,,,,,,,,,,,,,,,,,,,12,,,,,,,,21,21,,,30,,24,,,,13,,,,,,,24,,,,19,,,,,,,,,,36,,17,,,,,,,,11,,,,,,,,,,,,,27,,,,,,13,,,,,,,,,13,,,,,,,37,2,8,,,,,,239,,7,,,,,,47,,,,7,,,,,,,,9,,,,18,11,,,,,,,,,,,,18,,,,,,,,,,,,,15,177,,,,,,78,,,,,12,,,,,58,,,,,,,,52,,,,,,,,,,5,,,,,104,26,15,,12,,,,,,,,,498,,,,8,,11,,,18,,,,40,24,,11,,,,,,,,,10,10,14,,,,,21,,,,,,
2025-08-26T17:00:00Z,,,,,,,25,,,,,,,,28,,49,,,,,,,,,,,,24,,,,,,,,,,,,,,,,,,,,,24,,,,,10,20,,,,,14,,,,,23,,,15,170,,,,60,,,,,,,,,,,,,,,,,,,,,,,,15,,,,,,,1,,95,,,,,,,,,,,,,,,19,13,46,,,,,,,,17,,,,,,,,,,,,,,,,,21,,11,,,,,,,,,,,,,24,,,,,,,,,,,,,,,,,,,,,,,,44,,,,,,,,,,11,,,,,,,,,,,,,,8,,,,,,,,,,,,,,,,,,28,,,,,,,,,,,,,15,,,,8,,,,,,,,,,,,,,,,,,,,,,,,,,,,,,,,,,14,,,17,,56,,,,,,,6,,,,,,,,,,34,,,,,,,,,,22,,17,16,,,41,,,,,,,,27,12,,,,,11,249,,,,,18,,,,,,,,,,,,35,,31,12,,,,,293,17,,,41,,,,,,,,18,,,,,,,,,,,,,,12,,,,26,,10,,,,,,,,,,,10,,,,,,,45,,,72,,,,4,,18,,,,12,,,,,,,18,,4,,,,,,,,,,,,,22,,,,,,,,,,,,,,,,,,,,,,,,14,,,,,,11,,,,,,,,,,,,18,,,,,,,,,23,11,,,,101,,,,,,,,,,,,,,,,,,,,,,,,,,,,,,,25,,,16,,5,8,,,,,,,,,,20,,,,,,,,,,,,,,,,,,,,,,64,,50,,,,,,,,,,,62,,,,,,,,,,,,,,,,,,,,,13,2,,,,,,,,,,,,,,,,,,,36,,11,,,,,17,,,,,,,6,,,,16,,,112,,,,,,,,,50,,,17,,,46,58,,,,,,,,,,,,,,,,,,,,8,,,,,,,,,,,,,,,20,,,,,9,,,,,,12,,,,,,,,,,,,,,,,11,,,,,,7,18,,,,,,25,15,,,,,,,,,,,,,,,,,,,,,,,,,,,15,,,,,,,,18,22,,,32,,,,,,11,,,,,,,23,,,,18,,,,,,,,,,,,12,,,,,,,,9,,,,,,,,,,,,,26,,,,,,,,,,,,,,,13,,,,,,,27,3,9,,,,,,297,,,,,,,,43,,,,8,,,,,,,,,,,,,,,,,,,,,,,,,,,,,,,,,,,,,,20,125,,,,,,88,,,,,13,,,,,,,,,,,,,51,,,,,,,,,,,,,,,98,,14,,9,,,,,,,,,441,,,,12,,12,,,16,,,,35,27,,,,,,,,,,,,8,15,,,,,19,,,,,,
2025-08-26T18:00:00Z,,,,,,,15,,,,9,,,,24,,46,,,,,,,,,,,,24,,,,,,,,,,,,,,,,,,,,,27,,,,,13,23,,,,,,,,,,15,,,,,,,,67,,,,,,,,,,,,,,,,,,,,,,,,,,18,,,,,1,,112,,,,,,,,,,,,,,,19,,,,,,,,32,,,,,,,,,,,,,,,,,,,,,,,,,,,,,,,,,,,,,,,,,,,,,,,,,,,,,,,,,,35,,,,,,,,,6,,,,,,,,,,,,,,,11,,,,,,7,,,,,,,,4,,,,,,,,,,,,,,,,,15,,,,,,,,,,,,,,,,,,,,,,,,,,,,,,,,,146,,,,,,,,,,,,,,,,,6,,,,7,,,,,,,,,,,,,,,,27,,20,13,,,39,,,,,,,,28,,,,,,,223,,,,,15,,,,,,,,,,,13,32,,25,,,,,,328,19,,,,,,,,,,,24,,,,,,,,,,,,,,12,,,,,,10,,,,,,,,,,,,,,,,,,35,,,,,,,3,,17,,,,12,,,,,,,,,,,,,,,,,,,,,,23,,,,,,,,,,,,,,,,,,,,,,,,,,,,,,13,,,,,,,,,,,,18,,,,,,,,,23,10,,,,,,,,,,,,,,,,,,,,,,,,,,,,,,,,14,,,,,,,,3,,,,,,,,,,,,,,,,,,,,,,,,,,,,,,,,,66,,,,,,,,,,,,,,,,,,,,,,,,,,,,,,,,,,14,2,,,,,,,,,,,,,,,,,,,23,,10,,,,,18,,,,,,,,,,,,,,,,,,,,,,,45,,,17,,,40,54,,,,,,,,,,,,,,,,,,,,7,,,,,,,7,,,,,,,,,,,,,,,,,,,10,,,,,,,,,,,,,,,,9,,,,,,7,,,,,,,29,,,,,,,,,,,,,,,,,,,,,,,,,,,,,,,,,,,,,21,,,33,,,,,,,,,,,,,19,,,,21,,,,,,,,,,,,,,,,,,,,,,,,,,,,,,,,,,,,,,,,,,,,,,,,,,,,,,,,3,,,,,,4,213,,,,,,,,43,,,,,,,,,,,,,,,,,,,,,,,,,,,22,,,,,,,,,,,,,,,17,113,,,,,,67,,,,,15,,,,,,,,,,,,,40,,,,,,,,,,,,,,,89,,11,,11,,,,,,,,,382,,,24,,,12,,,13,,,,,,,,,,,,,,,,,,23,,,,,20,,,,,,
2025-08-26T19:00:00Z,,,,,,,,,,,8,,,,,,48,,,,,,,,,,,,,,,,,,,9,,,,,,,,,,,,,,,,,,,,23,,,,,,,,,,12,,,,,,,,77,,,,,,,,,,,,,,,,,7,,,,,,,,,16,,,,,1,,109,,,,,,,,,,,,,,,17,,,,,,,,,,,,,,,,,,,,,,,,,,,,,,,,,,,19,,,,,,,,,,,,,,,,,,,,,,,,,,,,,,,33,,,,,,,,,6,,,,,,,,,,,,,,,,,,,,,9,,,,,,,,,,,,,,,,,,,,,,,,,,,,,,,,,,,,,,,,,,,,,,,,,,,,,,,,,,129,,,,,,,,,,,,,,,,,5,,,,16,,,,,,,,,,,,,,,,,,23,11,,,40,,,,,,,,,,,,,,,217,,,,,,,,,,,,,,,,15,,,22,,,,,,,,,,,,,,,,,,,,,,,,,,,,,,,,14,,,,,,12,,,,,,,,,,,,,,,,,,,,,,,,,4,,15,,,,,,,,,,,,,,,,,,,,2,,,,,,18,,,,,,,,,,,,,,,,,,,,,,,,,,,,,,,,,,,,,,,,,,17,,,,,,,,,,9,,,,,,,,,,,,,,,,,,,,,,,,,,,,,,,,,,,,,,,,5,,,,,,,,,,,,,,,,,,,,,,,,,,,,,,,,,72,,,,,,,,,,,,,,,,,,,,,,,,,,,,,,,,,,,,,,,,,,,,,,,,,,,,,,29,,,,,,,13,,,,,,,,,,,,,,,,,,,,,,,46,,,,,,38,53,,,,,,,,,,,,,,,,,,,,,,,,,,,7,,,,,,,,,,,,,,,,,,,,,,,,,,,,,,,,,,,11,,,,,,8,,,,,,,23,,,,,,,,,,,,,,,,,,,,,,12,,,,,,,,,,,,,,,20,,,,,,,,,,,,,,,,20,,,,,,,,,,,,,,,,,,,,,,,,,,,352,,,,,24,,,,,,,,,,,,,,,,,,,,,,,,,,,,2,,,,,,4,,,,,,,,,38,,,,,,,,,,,,,,,,,,,,,,,,,24,,,,,,,,,,,,,,,,,17,105,,,,,,65,,,,,21,,,,,,,,,,,,,,,,,,,,,,,,,,,,98,,,,,,,,,,,,,,33,,25,,,,,,14,,,,,,,,,,,,,,,,,,22,,,,,,,,,,,
2025-08-26T20:00:00Z,,,,,,,,,,,7,,,,,,,,,,,,,,118,,,,31,,,,,,,8,,,,,,,,,,,,,,,,,,,,23,,,,,,,,,,16,,,,122,,,,,,,,,,15,,,,,,,,,,,3,,,,,,,,,,,,,,1,220,,,,,,,,,,,,,,,,22,,,,,,,,,,,,,,,,,,,,,,,,,,,,,,,,,,,,,,,,,,,,,,,,,,,,,,,,,,,,,,,,,,34,,,,,,,,,5,,,,,,,,,,,,,,,,,,,,,8,,,,,,,,,,,,,,,,,,,,,,,,,,,,,,,,,,,,,,,,,,,,,,,,,,,,,,,,,,,,,,,,,,,,,,,,,,,,,,,,,,,,,,,,,,,,,,,,,7,,,,37,,,,,,,,,,,,,,,194,,,,,,,,,,,,,,,,15,,,27,,,,,,,,,16,,,,,,,,,,,,,,,,,,,,,,,,,,,,,,,,,,,,,,,,,,,,,,,,,,,,,,4,,,,,,,,,,,,,,,,,,,,,,2,,,,,,19,,,,,,,,,,,,,,,,,,,,,,,,,,,,,,,,,,,,,,,,,,15,,,,,,,,,,,,,,,,,,,,,,,,,,,,,,,,,372,,,,,,24,,,,,,,,,,,3,,,,,,,,,,,,,,,,,,,,,,,,,,,,,,,,,85,,,,,,,,,,,,,,,,,,,,,,,,,,,,,,,,,,,,,,,,,,,,,,,,,29,,,,,,,,,,,,12,,,,,,,,,,,,,,,,,,,,,,,,,,,,,35,54,,,,,,,,,,,,,,,,,,,,,,,,,,,5,,,,,,,,,,,,,,,,,,,,,,,,,,,,,,,,,,,,697,,,103,,,,,,,,,24,,,,,,,,,,,,,,,,,,,,,,9,,,,,,,,75,,,,,,,,,,,,,,,,,,,,,,,18,,,,,,,,,,,,,,,,,,,,,,,,,,,456,,,,91,,,,,,,,,,,59,,,,,,,,,,,,,,,,,,,,,,,,4,,,,,,,,,39,,,,,,,,,,,,,,,,,,,,,,,,,,,,,,,,,,,,,,,,,,16,92,,,,,,,,,,,21,,,,,,,,,,,,,,,,,,,,,,,,,,,,93,,,,,,,,,,,,,,,,24,,,,,,,,,,,,,,,,,,,,,,,,,,,,,,,,,,,
2025-08-26T21:00:00Z,,,,,,,,,,,5,,,,,,,,,,,,,,118,,,,,,,,,,,7,,,,,,,,,,,,,,,,,,,,21,,,,,,,,,,14,,,,,,,,,,,,,,21,,,,,,,,,,,5,,,,,,,,,,,,,,1,354,,,,,,,,,,,,,,,,21,,,,,,,,,,,,,,,,,,,,,,,,,,,,,,,,,,,,,,,135,,,,,,,,,,,,,,,,,,,,,,,,,,,29,,,,,,,,,,,,,,,,,,,,,,,,,,,,,,,,,,,,,,,,,,,,,,,,,,,,,,,,,,,,,,,,,,,,,,,,,,,,,,,,,,,,,,,,,,,,,,,,,,,,,,,,,,,,,,,,,,,,,,,,,,,,,,,,,,,36,,,,,,,,,,,,,,,,,,,,,,,,,,,,,,,15,,,21,,,,,,,,,,,,,,,,,,,,,,,,,,,,,,,,,,,,,,,,,,,,,,,,,,,,,,,,,,,,,,,4,,,,,,,,,,,,,,,,,,,,,,,,,,,,15,,,,,,,,,,,,,,,,,,,,,,,,,,,,,,,,,,,,,,,,,,10,,,,,,,,,,,,,,,,,,,,,,,,,,,,,,,,,,,,,,,24,,,,,,,,,,,,,,,,,,,,,,,,,,,,,,,,,,,,,,,,,,,,84,,,,,,,,,,,,,,,,,,,,,,,,,,,,,,,,,,,,,,,,,,,,,,,,,,,,,,,,,,,,,,,,,,,,,,,,,,,,,,,,,,,,,,,,,,34,58,,,,,,,,,,,,,,,,,,,,,,,,,,,8,,,,,,,,,,,,,,,,,,,,,,,,,,,,,,,,,,,,,,,108,,,,,,,,,21,,,,,,,,,,,,,,,,,,,,,,,,,,,,,,,,,,,,,,,,,,,,,,,,,,,,,15,,,,,,,,,,,,,,,,,,,,,,,,,,,415,,,,83,,,,,,,,,,,,,,,,,,,,,,,,,,,,,,,,,,,3,,,,,,,,,37,,,4,,,,,,,,,,,,,,,,,,,,,,,,,,,,,,,,,,,,,,,20,95,,,,,,,,,,,23,,,,,,,,,,,,,,,,,,,,,,,,,,,,,,,,,,,,,,,,,,,,26,,,,,,,,,,,,,,,,,,,,,,,,,,,,,,,,,,,14
2025-08-26T22:00:00Z,,,,,,,,,,,,,,,,,,,,,,,,,122,,,,,,,,,,,7,,,,,,,,,,,,,,,,,,,,,,,,,,,,,,13,,,,,,,,,,,,,,31,,,,,,,,,,,3,,,,,,,,,,,,,,1,352,,,,,,,,,,,,,,,,,,,,,,,,,,,,,3,,,,,,,,,,,,,,,,,,,,,,,,,,,,,,,,,,,,,,,,,,,,,,,,,,,,,,,,,,,,,,,,,,,,,,,,,,,,,,,,,,,,,,,,,,,,,,,,,,,,,,,,,,,,,,,,,,,,,,,,,,,,,,,,,,,,,,,,,,,,,,,,,,,,,,,,,,,,,,,,,,,,,,,,,,,,,,,,,,,,,,,,35,,,,,,,,,,,,,,,,,,,,,,,,,,,,,,,,,,17,,,,,,,,,,,,,,,,,,,,,,,,,,,,,,,,,,,,,,,,,,,,,,,,,,,,,,,,,,,,,,,5,,,,,,,,,,,,,,,,,,,,,,,,,,,,11,,,,,,,,,,,,,,112,,,,,,,,,,,,,,,,,,,,,,,,,,,,12,,,,,,,,,,,,,,,,,,,,,,,,,,,,,,,,,,,,,,19,,,,,,,,,,,,,,,,,,,,,,,,,,,,,,,,,,,,,,,,,,,,,93,,,,,,,,,,,,,,,,,,13,,,,,,,,,,5,,,42,,,,,,,,,,,,,,,,,,,,,,,,,,,,,,,,,,,,,,,,,,,,,,,,,,,,,,,,,,,,55,,,,,,,,,,,,,,,,96,,,,,,,,,,,,,,,,,,,,,,,,,,,,,,,,,,,,,,,,,,,,,,,,,13,9,,,,,,,,,21,,,,,,,,,2,,,,,,,,,,,,,,,,,,,,,,,,,,,,,,,,,,,,,,,,,,,,18,,,,,,,,,,,,,,,,,,,,,,,,,,,446,,,,,,,,,,,,,,,,,,,,,,,,,,,,,,,,,,,,,,,,,,,,,,,,41,,,,,,,,,,,,,,,,,,,,,,,,,,,,,,,,,,,,,,,,,,18,,,,,,,,,,,,27,,,,,,,,,,,,,,,,,,,,,,,9,,,,,,,,,,,,,,,,,,,,,,,,,,,,,,,,,,,,,,,,,,,,,,,,,,,,,,,,19
2025-08-26T23:00:00Z,,,,,,,,,,,,,,,,,,,,,,,,,117,,,,,,,,,,,,,,,,,,,,,,,,,,,,,,,,,,,,,,,,,16,,,,,,,,,,,,,,29,,,,,,,,,,,6,,,,,,,,,,,,,,1,,,,,,,,,,,,,,,,,,,,,,,,,,,,,,5,,,,,,,,,,,,,,,,,,,,,,,,,,,,,,,,7,,,,,,,,,,,,,,,,,,,,,,,,,,,,,,,,,,,,,,,,,,,,,,,,,,,,,,,,,,,,,,,,,,,,,,,,,,,,,,,,,,,,,,,,,,,,,,,,,,,,,,,,,,,,,,,,,,,,,,,,,,,,,,,,,,,,,,,,,,,,,,,,,,,,,,,,34,,,,,,,,,,,,,,,,,,,7,,,,,,,,,,,,,,,,,,,,,,,,,,,,,,,,,,,,,,,,,,,,,,,,,,,,,,,,3,,,,,,,,,,27,,,,,,,,,,,,4,,,,,,,,,,,,,,,,,,,,,,,,,,,,11,,,,,,,,,,,,,,249,,,,,,,,,,,,,,,,,,,,,,,,,,,,11,,,,,,,,,,,,,,,,,,,,,,,,,,,,,,,,,,,,,,,,,,,,,,,,,,,,,,,,,,,,,,,,,,,,,,,,,,,,,,,,,,,85,,,,,,,,,,,,,,,,,,18,,,,,,,,,,,,,71,,,,,,,,,,,,,,,,,,,,,,,,,,,,,,,,,,,,,,,,,,,,,,,,,,,,,,,,,,,,49,,,,,,,,,,,,,,,,99,,,,,,,,,,,,,,,,,,,,,,,,,,,,,,,,,,,,,,,,,,,,,,,,,12,,,,,,,,,,21,,,,,,,,,2,,,,,,,,,,,,,,,,,,,,,,,,,,,,,31,,,,,,,14,,,,,,,,12,,,,,,,,,,,,,,,,,,,,,,,,,,,,,,,,,,,,,,,,,,,,,,,8,,,,,,,,,,,,,,,,,,,,,,,,,,,,34,,,,,,,,,,,,,,,,,,,,,,,,,,,,,,,,,,,,,,,,,,,,,,,,,,,,,,,,,,,,,,,,,,,,,,,,,,,,,,,,14,,,,,,,,,,,,,,,,,,,,,,,,,,,,,,,,,,,,,,,,,,,,,,,,,,,,,18
2025-08-27T01:00:00Z,,,,,,,,,,,,9,,,,,,,,,,,,,,,,,,,,,,,,,,,,,,,,,22,,,,,,,,,,,,,,,,,,,,,13,,,,,,,14,,,,,,,,,,,,,,,,,,6,,,,,,,,,,,,,,1,,,,,,,,,,,3,,,,,,,,,,,,,,,,,,,,,,,,,,,,,,,,,,,,,,,,,,,,,,,,,9,,7,,,,,,,,,,,9,,,,,,,,,,,3,,,,,,,,,,,,,,,,,,,,,,,,,,20,,,,,,,,,,,,,,,,,,,,,,,4,,,,5,,,,,,,,,,,,,,,,,,,,,,,,,,,,,,,,9,,,,,,,,,,,,,,,,,,,,7,,7,,,,,,,,,,,,,,,,,,,,,,,29,,28,9,,,,,,,,,,,,,,,,11,,,,,,,,,,,,,,39,,,,,,,,,,,,,,,,,,,,,,,,,,,,,,,,,,,,,,,,,,,,,,,,,9,7,,54,,6,,,,,,,,,,4,,,,,,,,,,,,,,,,,,,4,,,,,,,,,15,,,,,,,,,,,,,,214,,,,,,,,,,,,,,,,,,,,,,,,,,,,18,,,,,,,,,,,,,,,,,,,,,,,,,,,11,,,,,,,,,,,,,,,,,83,,,,,,,,,,,,4,,,,,,,,,,,,,,,,,,,,,,,,,,,,,,,,,,,,7,,,,,,,,,,,,,,,,,,,,,,85,,,,,,,,,,,,,,,,,,,,,,,,,5,,,4,,,,,,,,,,,,,,,,,,,,,,,,,,,,,,,,126,,,,,,,,,,,,,,,8,,,,,,,,,,,,,,,,,,,,,,,,,,,,,,,,,,,,,,,,,,,,,,,,,,,,,,,,,15,,,20,,,,,,,,,3,,,,,,,,,,,,,,,,,,,,,,,,,,,,,60,,,,,,,,,,,,,,,13,,,,,,,,,,,,9,,,,,,,,,,,,,,,,,,,,,,,,,,,,,18,,,,,,21,,,,,,,,,,,,,,,,,,,,,,,,,,,,32,,,,,,,,,,,,,,,,,,,,,,,,,,,,,,,,,,,,,,,,,,,,,,,,,,,,,,,,,,,,,,,,,,10,,,,,,,,,,,,,,18,,,,,,,,,,,,,,,,,,,,,,,,,,,,,,,,,,,,,,,,,,,,,,,,,,,,14,20
2025-08-27T03:00:00Z,,,,,,,,,,,,17,,,,,,,,,4,,,,,,,,,,,,,,,,,,,,,,4,,31,,,,,,,,,,,,,,,,,,,,,13,,,,,,,16,,,,,,5,,,,,,,,,,,,4,,,,,,,,,,,,,,1,,,,,,,,,,,5,,,,,,,,,32,,,,,,,,,,,,,,,,,,,,,,,,,,,,,,9,,,,,,,,,,9,,,,,,,,,,,,,12,,,,,,,,,,,18,,,,,,,,,,,,,,,,,,,,,,,,,,,,,,,,,,,,,,,,,,,,,,,,,4,,,,7,,,,,,,,,,,,,,,,,,,,,,,,,,,,,,,,,,,,,,,,,,,,,,,,,31,,,,,14,,,,,,,,,,,,,,,,,,,,,,,33,,,18,,,,,,,,,,,,,,,,6,4,,,,,,,,10,,,,,,,,,,,,,,,,,,85,,,,,,,,,,,,,,,,,,,,,,,,,,,,,,,,,,,,13,,,60,,,,,,,6,,,,,4,,,,,,,,,,,,,,,,,,,6,,,0,,,,,,12,,,,,,,,,,,,,,,,,6,,,,,,7,,,,,,,,,,,,,,,,,,,14,,,,,,,,100,,,,,,,,,,,,,,,,,,,29,,,,,,,,,,,,,,,,,433,,,,,,,,,,,,,,,,,,,,,,,,,,,15,,,,,,,,,,,,,,,,,,,,,14,,,,,,,,,,,,,,,,,,,,,,,,,,,,6,,,,,,,,,,,,,,,19,,,,8,,,12,,,,,,,,,4,,,,,,,,,,,,,,,17,,,,,,,,75,,9,,,,,,,,,,,,,18,,,,,,,,,,,,,,,,,,,,,,,,,,,,,,,,,,,,,,,,,,12,,,,,,,,,,,,,,,19,,,20,,,,,,,,,,,,,,,,,,,,,,,,,,,,,,,,,,,,,,61,,,,,,,,,,,,,,,12,,,,,,,,,,,,,,,,,,,,9,,,,,,,,,,72,,,,,,,,,,,20,,,,,,23,,3,,,,,,,,,,34,,,,29,,,,,,,,,,,,30,,,,,,,,,,,,,,,,,,,,,,,,,,,,,,,,,,,,,,,,,,,,,,,,,,,,,,,,,,,,,,,,,,,,,,,,,,,,,,,,22,,,,,,,,,,,,,,,,,,,,,,,,,,,,,,,,,,,,,,,,,,,13,,,,,,,,,,
2025-08-27T04:00:00Z,,,,,,,,,,,,15,,,,,,,,,12,,,,,,,,,,,,,,,,,,,,,,8,,32,,,,,,,,,,,,,,,,,,,441,,11,,,,,,,18,,,,,,11,,,,,,,,,,,,5,,,,,,,,,,,,,,,,,,,,,,,,,,,,,,,,,,59,,,,,,,,,,,,,,,,,,,,,,,,,,,,,,12,,,,,,,,,,9,,,,,,,,,,,,,13,,,,,,,,,,,16,,,,,,,,,,,,,,,,,,,,,,,,,,,,,,,,,,,,,,,,,,,,,,,,,,,,,10,,,,,,2,,,,,,,,,,,,,,,,,,,,,,,,,,13,,,,,,2,,,,,2,,,,,,170,,,,,,,,,,,,,,13,46,,,,,,,,,,,,,35,,,17,,,,,,,,,58,,,,,,,,13,,,,,,,,6,,,,,,,,,,,,,,,,,,129,,,,,,,,,,,,,,,,,,,3,,,,,,,,,,,,,,,,,10,,,50,,,,,,,,,,,,3,,,,,,,,,,,,,,,,,,,,,,3,,,,,,12,,,,,,,,,,,,,,,,,,7,,,,,11,,,,,,,,,,,,,,,,,,,14,,,,,,,,99,,,,,,,,,8,,,16,,,,,,,26,,,,,,,,,,,,,,,,,493,,,,,,,,,,,,,,,,,,,,,,,,,,,16,,,,,,,,,,,,,,,,,,,,,13,,,,,,,,,,,,,,,,,,,,,,,,,,,,16,,,,,,,,,,,,,,,23,,,6,8,,,17,,,,,,38,,,7,,,,,,,,,,,,,,,,,,,,,,,71,,5,,,85,,,,,,,,,,23,,,,,,,,,,,,,,,,,,,,,,,,,,,10,,,,,,,,,,,,,,,54,,,,,,1451,,,,,,,,,16,,,24,,,,,,,,,,,,,,,,,,,,,,,,,,,,,,,,,,,,,,,,,,,,,,,,,,,,,12,,,,,,,,,,,,,,,,,,,,18,,,,,10,,,,,124,,,,,,,,,,,17,,,,,,,,,,,,,,,,,,37,,,,22,,,,,,,7,,,,,30,,,,,,,,,74,,,,,,,,,,,,,,,,,,,,,,,,,,,,,,,,,,,,,,,,,,,,,,,,,,,,,,,,18,,,,,,,,,,5,,,,,23,,,,,,,,,,,,302,,,,,,,,,,,,,,,,,,,,,,,,,,,,,,,21,,,,,,,,,,
2025-08-27T05:00:00Z,,,,,,,,,,,,,,,,,,,,,11,,,,,,,,,,,,,26,11,,,,,,,,,,29,,,,,,,,,,,,,,,,,,,436,,12,,,,,,,17,,,,,,8,,,,,,,,,,,,6,,,,,,,,,,,,,,2,,,,,,,,,,,,,,,,,,,,59,,,,,,,,4,,,2,,,,,,,,,,,,,,,,,,,12,7,,,,,,,,,,,,,,,,,,,,,,14,,,,,,,,,,,14,,,,,,,,,,,,,,,,,,,,,,,,,,,,,,,,,,,,,,,,,,,,,,,,,,,,,4,,,,,,5,,,,,,,,,,,,,,,,,,,,,,,,,,12,,,,,,2,,,,,,,,,,,152,,,,,,,,,,,,,,22,53,,,,,,,,,,,,,42,,,14,,,,,,,,,97,,,,,,,,12,,,,,,,,7,,,,,,,,,,,,,,,,,,113,,,,,,,,,,,,,,,,,,,4,,,,,,,,,,,,,,,,,10,,,36,,,233,,,,,,,,,4,,,,,,,,,,,,,,,,,,,,,,4,,,,,,13,,8,,,,,,,,,,,7,,,,,8,,,,,8,,,,,,40,,,,,,,,9,,,,,18,,,,,,,,98,,,,,,,,,7,,,23,,,,,,,28,,,,,,,,,,,,,,,,,479,,,,,,,,,,,,,,,,,,,,,,,,,,,13,,,,85,,,,,,,,,,,,,,,,,,,,,,,,,,,,,,,,,,,,,,,,,,,,,16,,,,,,,,,,,,,,,20,,,10,,,,19,,,,,,44,,,,,,,,,,,,,,,,,,,,,,,,,,65,,7,,,,20,,,,,,,,,26,,,,,,,,,,,,,,,,,,,,,,,,,,,12,,,,,,,,,,,,,,,148,,,,,,1424,,,,,,,,,19,,,25,,,,,,,,,,,,,,,,,,,1,,,,,,,,,,,,,,,,,,,,,,,,,,,,,,,,,,12,,,,,,,,,,,23,,,,,,,,,8,,,,,,,,,,103,,,,,,,,,,,21,,,,4,,,,,,,,,,,,,,,,,,22,,,,,,,9,,,,,31,,,,,34,,,,105,6,,,,,,,,,,,,,,,,,,,,,,,,,,,,,,,,,,,,,27,,,,,,,,,,,,,,,,,,,,,,,,,,,,6,,,,,25,,,,,,,,,,,,636,,,,,,,,,,,,,,,,16,,,,,,,,,,,,,,,20,,,,,,,,,,
2025-08-27T06:00:00Z,,,,,,,,,,,,,,,,,,,,,17,,,,,,,,,,,,,39,14,,,,,,,,,,27,,,,,,,,,,,,,,,,,,,387,,13,,,,,,,,,,,,,,,,,,,,,,,,,,,,,,,,,,,,,,,2,,,,,,,,,,12,,,,,,,,,,93,,,,,,,,4,,,6,,,,,6,,,,,,,,,,,,,,10,15,,,,,,,,,,,,,,,,,,,,,,8,,,,,,,,,,,,,,2,590,,,,,,,,,,,,,,,,16,,,,,,,,,,,,,,,,,,,,,,,,,,2,,,,,,,7,,,,,,5,,,,,,,,,,,,,,,,,,,,,,,,,,,14,,,,,3,,,,,,,,,,,179,,,,,,,,,,,,,,20,,,15,4,,,,,,,,,,46,,,17,,,,,,,,,71,,9,,,,,,,,,,,,,,6,,,,,,,,,,,,,,,,,,80,,,,,,,4,11,,,,,,,,,,,4,,,,,,,,,,,,,,,,264,,,,37,,,1032,,,,,,,,,4,,,,,,,,,,,,,,,,,,,,,,,,,,,,12,,,,,,,,,,,,,,,,,,8,,,,,11,,,,,,45,,,,,,,,14,3,,,,18,,,,,,,,,,,,,,,,,5,,,,,,,,,,28,245,,,,,,,,,,,,,,,,407,,,,,,,,,,,,,,,,,11,,,,,,,,,,17,,,,158,,,,,,,,,,,,,,,,,,,,,,,,,,,,,,,,,,,,,,,,,,,,,18,,,,,,,,,,,,,,,18,,,11,,,,21,,,,,,,,,,46,,,,,,,,,,,,,,,,,,,,,,61,,,,,,29,,,,,,,,,,,,,,,,,,,,,,,,,,,,,,,,,,,,13,,,,,,,,,,,,,,,302,,,,,,,,,,,,,,,,,,25,,,,,,,,,,,,,4,,,,,,1,,,,,,,,,,,,,,,,,,,,,,,,,,,,,,,,,,14,,,,,,,,,,,39,,,,,,,,,7,,,,,,,,,,,,,,,,,,,,,14,,,,5,,,,,,,,,,,,,,,,,,21,,,,,,,10,,,,,35,,,,,52,,16,,,8,,,,,,,,,,70,,,,,,,,,,,,,,,,,,,,,,,,,,,35,,,,,,,,,,,,,,,,,,,,,,,,,,,,,,,14,,21,,,,,,,,,,,,773,,,,,,,,,,,,,,,,25,,,,,,,,,,,,,,,23,,,,,9,,2,,,
2025-08-27T07:00:00Z,,,,,,,,21,,,,16,,,,,,,,,,,,,,,,,,,,,,32,,,,,,,,,,,29,,,,,,,,,,,,,,,9,,,,304,,16,,,,,,,,,,,,,,,,,,,,,,,,,,,,,,,,,,,9,,,,2,,,,,,,,,,,,,,,4,57,,,,,,,,,,,,,,,,,,,,8,,,,,,,,,,,,,,9,19,,,,,,,,,,,,,,,,,,,,,,8,,,32,,,,,,,,,,,2,1277,,,,,,,,,,,,,,,,19,,,,,,,,,,,,,,,,,,,,,,,,,,,,,,,,,7,,,,,,4,,,,,,,,,,,,,,,,,,,,,,0,,,,,15,,,,,2,,2931,,,,,,,,,183,,,,,,,,,,,,,,20,,,17,8,,,,,,,,,,45,,,21,,,,,,,7,,,,,,,,,,,,,,,,,,,,,,,,,,,,,,,,,,,,63,,,,,,,4,11,,,,,,,,,,,4,,,,,,,,,,,,,,,,288,,,,35,,,969,,,,,,,,,4,,,,,,,,,,,,,,,,,,,,24,,,,,,,,13,,,,,,,,,,,,,,,,,,9,,,,,,,,,,,46,,,,,,,,,,,7,,15,,,,,,,,,,,,,,,,,6,,,,,,,,178,,25,,,,,,,,,,5,,11,,,,,345,24,,,,,,,,,,,,,,,,13,,,,,,,,,,15,,,,197,,,,,140,,,,,,,,,,,,,,,,,,,,,,,,,,,,,,,,,,,,,,,,20,,,,4,,,,,,,,,,,,,,10,,,,19,,,,,,,,,,49,,,,,,,,,,,,,,,,,,,,,,60,,,,,,,,,,,,,,,,,,,,,,,,,,,,,,,,,,,,,,,,,,17,,,,,,,,,,,,,,,337,,,,,,,,,,,5,,,,,,,27,,,,,,,,,,,,,,,,,,,1,,,,,,,,,,,83,,,,,,,,,,,,,,,,,,,,,,,17,,,,,,,,,,,30,,,,,,,,,9,,,,,8,,,,,,,,,,,,,,,,11,,,,3,,,,,,,,,,,,,,,,,,19,,,,,,,,,,,,38,7,,,,62,,18,,,,,,,,,,,,,82,,,,,,,,,,,,,,39,,,,,,,,,,,,,35,,,,,,,,,,,,,,,,,,,,,,,,,,,,,,,18,,,,,,,,,,,,,17,609,,,,,,,,,,,,,,,,26,,,,,,,,,,,,,,9,21,,,,,12,,,,,
2025-08-27T08:00:00Z,,,,,,,,,11,,,17,,,,,,,,,,,,,,,,,,,,,,32,,,,,,,,,,,30,,,,,,,,,,,,,,,8,,,,154,,14,,,,,,,,,,,,,,,,,,,,,,,,,,,,,,,,,,,,,,,2,,,,189,,,,,,,,,,,8,,,,,,,,,,,,,,,,,,,,,9,,,,,,,,,,,28,,,12,,,,,,,,,,,,,,,,,,,,10,,,,,,,,,,,,,,,,,,2198,,,,,4,,,,14,,,,,,,14,,,,,,,,,,,,,,,2,,0,,,,,,,,,,,19,,,,,5,,,,,,6,,,,,,,,,,,,,,,,,,,,,,4,,,4,,15,106,,,,3,,,,,,,,,,,138,,,,,,,,,,,,,,21,,,14,9,,,13,,,,,,,43,,,19,,,,,,,14,,,,,,,,9,,,,,,,,,,,,,,,,,,,,,,241,,,,,,48,,,,,,,9,,,,,,,,,,,,4,,,,,,,,,,,,,,,6,288,,,,40,,,792,,,,,,,,,4,,,,,,,,,,5,,,,,,,,14,,31,,,,,,,,13,,,,,,13,,,,,,,,,,,,9,,9,,,,,,,,,52,,,,,,,,,,,16,,13,,,4,,,,,,,,,,,,,,8,,,17,,,,,180,,,,,,,22,,,,,,,,,,,,322,27,,,,,,,,,,,,,,,,16,,,,,,,,,,13,,,,,,,,,192,,,,,,,,,,,,,,,,,,,,,,,,3,,,,,,,,,,,,,,,,,10,,,,,,,,,,,,,4,,,22,,,,,,,,,,,69,,,,37,,,14,,7,,,,4,,,,,,,,,,,,,65,,,,,,,,,,,,,,,,26,,,,,9,,,,13,,,,,,,,,,,,,,,,,18,,5,,,,,,,,,,,,,367,,,,,,,,,45,,4,,,,,,,28,,,,,,,,,,,,,,,,,,,,,,,,,,,,,,,,,,,,,,,,,,,,,,,,,,,,,20,,,,,,,,,,,,,,,,8,,,,8,,,,,,,,,,,,,,,,,,,,,12,,,,,,,,,,,,,,,,,,,,,,24,0,,,,,5,,,,,,45,,,,,,,24,,,,,,,,,,,,,76,,47,,,,,,,,,,,,,,18,,,,,,,,,,,32,,,,,,,,,,,,,,,,,,,,,,,,,,,,,,,,,,,,,,,,,,,,17,,,,,,,,,,,,,,,,,27,,,,,,,,,,,,,,13,22,,,,,10,,,,,
2025-08-27T09:00:00Z,,,,,,,,,15,,,16,,,,,,,,,,,,,,,,,,,,10,12,,,,,,,,,,,,29,,,,,8,,,,,,,,,,9,7,,,76,,16,,,,,,,,57,,,,,,,,,,,,8,,,,,,,,,,,,10,,,,,,,2,,,,270,,,44,,,16,,,,,11,,,,,,,,,,,,,,,,,,,,,7,,,,,,,,,,,26,,,12,,,,,,,,,,,,,,18,12,,,,,11,,,,,,,,,,,,,,,,,,,,,,,,,,,16,,14,,,,,13,,,,,,,,2,,,,,,,2,,,,,,,,,,,,,26,,,,,4,,,,,,,,,,,,,,,,,,,,,,2,,,,,,4,,,4,,,184,,,,,,,,,,,,,,,138,,,,,,,,,,,,,,21,,,10,9,,,29,,,,,,,43,,,15,,,,,,,17,,,,,,,,,,,,,,,,111,,,,,,,,,,,,,,640,,,,,,,,,,,,,6,,,,,,,,,,,,,,,,,8,,,,,,,,,,15,268,,,,46,,,699,8,,,,,,5,22,5,,,,,212,,,,,4,,,,,,,,37,,35,,,,,,,,16,,,,,,,,,,,,,,,,,,7,,12,,,,,,,,,50,7,,,,,,,,,,15,7,15,,,12,,,,,,,,,,,,,,9,,,19,,,,13,,,,,,,,23,,,,,,,,,,,,312,25,,,,,,,,,,,,,,,,13,,,12,,,,,,,17,,,,,,,,,154,,,,,,,,,,,,,,,,,,,,,,,,85,,,,,,,,91,,,,,,,,,14,,,,,9,9,41,,8,,,,4,,,32,,,,,,,,,,,,,,,38,,,18,,,,,,8,,8,,,,37,,,30,,,,67,,,,,,,,,16,5,10,,,,,66,,,,,,,,,16,,,,,,,,,,,,30,,,,,,,5,,,,,85,,,,,,,,168,,,3,,,,,,,,,,,,,20,,29,,,,,,,,,,,,3,,,,,,,,,,,,,,,,,,,7,,,,,,,,,,,,,,,,,,,,,,20,,,,,,,,,,,,,,,,16,,,,,,,,,,9,,,,,,,,,,,,,,,10,,,87,,,,,,,,8,,,,,,,,,,,,4,,,,,6,,,,15,,43,,,,,,,24,7,,,,,0,,,,,,,86,,88,,,,7,,,,,148,,14,,,40,,,,,,,,,,,29,,,,,,,,,,,,,,,,,,,,,8,,,,,,,,,,,,,,,,,,,21,,,,18,,,,,,,,,,,18,,16,,20,,23,,,,,,,,,,9,,,,15,,12,,,,,,,,,
2025-08-27T10:00:00Z,,,,,,8,,26,18,,,20,,,16,198,,4,,,,,,,,,,,,,,9,18,,,,,,,,,,,,,,6,,,,,,,,6,,,20,,,9,,,58,,15,17,,,,,,,53,,,,,,,,,,,,,,,1,,,,,,,,,16,,,,,,,1,,,,199,,,66,,,,,,,,13,,,,,,,11,7,,,,,,,,,,,,,9,,,,,,,,,,,31,,,13,,,,,,,,,,,,,,123,15,,,,,17,,,,,,,,,,,,,,,,,,,,,,,,,,,16,,25,,,,,,,,,,,9,,9,,45,,,7,,2,,,,,,,,,,,,,29,,,,7,6,,,,,,,,,7,4,,,,,15,,,,,4,,2,,,,,,4,,47,,,,,,,,,,,,,,,,,,,,,,,,,,,,3,,,,,,53,,,9,,,34,,,,,60,,44,,,16,,,,,,,14,,,,,,26,,,10,,,,,,,218,,5,,,,,,,,,,,,629,,,,,,,,2,,,,,,,,,4,,,,,3,,,,7,,,,24,,,,,,,,,,,198,,,,,3,,,,,36,,,,8,23,5,,,,,183,,,,,4,,,,,,0,,,,25,,,,,,,,15,,,5,,,,,,,,,,,,,,,10,,,,8,,12,,,,,36,11,,,,,,,,,,16,8,14,11,,,,,,,,,,,,,,,,,,,21,,,,,,,,,,,,25,,,,,,,,,,,,353,25,,,,32,,,,11,,,,,,10,,14,,,,,,,,,,,,,,,,,,,157,9,,,,,,15,8,11,,,,,,,,,,1297,,,,,106,,,,,,,,101,,,,8,,,6,,12,,,,,11,17,39,,6,,,,4,,7,26,,,,,,17,,,,,,,,,,,,19,,,,,,6,,8,,6,,50,,,29,,,,75,,,,,,,,,,7,19,11,,,,66,,,,9,,,,,,,,,,,,,,19,,,36,,,,,,,11,,19,,30,95,,,,,18,,,84,12,,6,,,,,,,,,,,,,25,,26,,,,,,,,,,,,,,,,,17,,,,,,,,,,,,8,,7,,,,,,,,,,,,,,,,8,,12,,,50,21,,,,29,,11,,,,,,,,,,18,6,,6,,,,14,,,5,,,,,,,,,,,,,,,8,,,85,,,6,,,,5,13,,,,,,,,,7,,,6,,,,,,,,,21,,56,,9,,,,,,11,,,,,1,,,,,,,84,,95,,,,11,,,,,181,,17,,,46,,,,,,,,,,,28,,,,,,,,,,10,,,,,,,,,6,,15,,,,,,,,,,,,,14,,,,,,,,,,19,,11,7,,13,,,,4,,23,,24,,34,,,,,,4,,,26,,,21,,,,22,,16,,,,,,,,,
2025-08-27T11:00:00Z,,,,,,9,,29,19,,,22,,17,24,,,4,,,,,,,34,,,,,,,9,20,,,7,,,,,,,11,,,,11,,,,,,,,8,,,31,9,,,,,,,18,,,,,35,,,68,144,,,,,,,,,429,,,,,2,,,,,,,,,19,15,,,,,,1,,,,175,,,82,,,,,,99,,20,,,14,,,,16,,,29,,,,,,,,,,,8,,34,,,,8,,,,,25,,,10,,,,,,,11,,,,272,,7,117,15,,,,,18,,,,,,74,,,,,,,,,,7,,,,,,,,,,,18,,24,,,8,,,25,,,0,,,,16,,,,,10,4,,,18,12,,8,,,110,,,,27,28,,,,11,4,,,,,,,,,11,6,,,16,,14,,,,,,6,3,,3,,,,,,89,,,,,,,,,,5194,,,2,,12,,,,,,,,,,,,,2,,,,,,,103,,8,,,30,19,12,18,,,7,47,,28,17,,,,,,7,17,,,,,,35,,,13,,,,,3,,,,6,,,,,,,,,,,,,,,,,,,,,,12,,,,15,,,3,,,,,,,,,11,,,,26,,,,,,,,,,,163,,16,,,5,,,,,42,,,25,9,21,8,,,,,176,,279,,,,,,,4,,3,,33,,,10,,,23,,,7,13,,,6,,,,,,,,,,,,,,,9,,,,6,,12,,6,,,,13,,,,,,,,,,17,8,20,21,,,,,,,,,,,,,79,,,,,,12,,7,,,,,,201,,,,22,,,,,,,,,,,7,,25,,331,7,70,7,,,13,,,,4,,14,,16,,,,31,,38,,,,,,,,,,,,,,19,26,,,,8,21,15,16,,,15,,,,,,,2740,,,7,6,104,,,,,,,,120,,,,14,,,5,,,,6,,,15,19,43,,8,,,,4,18,11,35,,,,,,,,,,,,,,,,,,20,4,,88,,,7,53,,,6,,56,10,,19,,,,68,73,,,,59,,,,,6,,16,,,,60,9,29,5,11,,,55,,,,,28,,,,,206,20,,,,,,,,12,,15,,19,,31,95,,,,,35,,,,26,,5,,,,,,,9,,9,,,,24,,28,,16,,,,,,,2,,,,,,,3,23,,1,,,,11,,,,,11,9,,6,4,,,,15,,,,,,30,,,,,13,,,,,76,21,141,,,32,,40,,,,,,,13,,,16,12,,13,,,,27,,,7,115,,,,,,,,16,,,,,,9,,,87,,,,7,,,4,13,,3,,,,,,,7,,,7,,,117,,,,,,19,,51,,13,,,,,,13,,,,,1,,19,,,,8,96,,102,10,,,,15,,14,,211,,15,,,47,,,,62,5,,,,,,26,,,,,,,,,,13,,,,,,,3,,9,,,9,,11,,,,,,,,,,18,,,,,,,,,,21,,14,11,,20,,,,7,,24,,27,,,,,,,,9,,,40,,,22,,,,22,,,,,,,,,,,
2025-08-27T12:00:00Z,,,,,,9,21,25,17,,,23,,19,27,,,7,,3,,25,,,,,,,,,,9,20,,,11,,,,,,,13,,,,,12,,,3,11,,,,,87,30,11,,,9,,,,18,25,,,124,30,97,,54,269,,,,,,,,14,638,,,,18,2,,,,,,,,,20,12,,,,,,2,,,,271,,,81,,3,,,,217,,23,,,17,36,,,21,,,,,,,,,,6,9,,,11,,82,,,30,,12,,,,24,,,,,,,,,,17,,,,222,,13,113,21,,,,,21,,,,,,,,,,,,,35,,,12,,,,,,,9,,,,19,,29,,,15,,,,,,2,0,,,18,,,,4,,,,,,,38,10,,,,3,,,,27,,,,12,8,16,8,,,,,,,12,,,,18,,16,3,,,,,9,4,,,,,,,,,,,,,,,18,,19,,,,3,50,17,,,,,,6,,6,,,,,3,,3,,,,,,,7,,,30,20,,24,,,6,44,,19,,,,,,,13,19,,,,17,33,50,,,16,,,,,4,,,,6,15,,,40,,,,,,,,,18,,14,23,,,,,,17,,,,,,,4,5,,,,,,,,13,,,,26,,,,,,,,,,,123,,17,,44,,,,,,41,,,33,9,28,,,22,,,140,,219,,,,,,,,4,,,33,6,,,,,27,,5,11,18,,,9,,,,,,,,,,16,,,,,9,,,,6,,17,,,,,,20,380,,,,,,,,,18,9,24,26,,16,,,,,,,15,,,,131,,,,,,13,,14,5,,,,,168,,,9,,,,,,,,,,,,9,,,153,408,,62,10,,,13,10,,,8,6,13,,18,,,,365,,43,,,,,,,,,13,,,,,19,28,,,,6,24,,15,,,18,,,,,,,,,,10,9,,,,,,,,,133,,,,,,,6,,,,14,,,19,23,,,10,,,,5,24,16,46,,,,,,,12,,,,,,5,,,,,,7,,131,,,,94,,,7,,61,,,22,,,,64,71,5,,4,,,,,,7,,15,,,,59,11,46,15,17,,,78,,,,,49,,,,,202,22,24,,56,113,,,,17,5,,,12,,34,105,,,,,28,,,,,,7,,5,,12,,,,,,,,,25,,28,,28,6,,17,,,,4,,,,,,,,27,,,,,,8,,,,,20,11,,,,,,,21,,,,,,27,,,,11,,,,,,66,15,200,,,,,34,,,,,,,25,,,,13,,16,,,,,,,,,205,,,,,,11,18,,,,,,7,,,95,,,,,,3,,16,,4,8,,,,,,6,4,,9,,,230,,,,,,23,12,55,,15,,,,,,12,,,15,,,,,,,,14,79,,,14,,,,,,20,37,,,20,,,,,,,,,16,,,,,29,,,282,,,,,,,,,,,,,,5,,9,,,18,,17,,,,,,12,,,,18,,,,,,,,,,23,,7,,,21,,,,6,,,,26,,,,30,,,,10,,6,31,,4,28,,6,,28,,,,,,,20,,,10,
2025-08-27T13:00:00Z,,,,,,8,21,25,20,,,21,,,22,,,7,,11,,25,,,,,4,22,,,,,22,,10,,,,,,,,,,,,,18,,,,14,,13,13,10,81,29,11,,,13,,,,15,33,,,,30,101,,51,257,,,,,15,,,14,1041,,,6,17,2,,,,,,,,,17,12,,,,,,2,,,,164,,,80,,3,,,,332,,,,,19,40,,,18,16,,,,,,,,,11,13,,,11,,102,,,41,,15,,,,,,3,,,,,,20,,18,,,,220,,,125,23,9,,,,21,,,,,,,,,,,20,,43,,,13,,,,,,,11,,,,18,,30,,,15,,,,,,2,,,24,15,12,,,,,,,,,,40,13,,,,3,,,,28,,,,16,6,18,9,,,,,,,10,,,,17,,16,3,,,,,8,,,,,,,,,,,,,,,,16,,18,,,,4,55,21,,,31,,,7,,,,,,,4,,3,,10,,,,,10,,,28,21,,25,,,,47,,22,,,,,,,10,,,,,16,170,43,,,15,10,20,,,5,,,,,15,,,32,,,10,,,,,,21,31,14,37,,,12,,,20,,,,,,,5,,,,,,,,,14,,,,29,,,,,,,,,,,1351,,17,,41,,,,19,,48,,,31,9,,,,23,,,122,,214,,,,35,,,,4,,,37,7,,,,,28,,6,9,17,,,10,,,,16,,,,,,,,,,,7,,,,8,,16,,,,,,,1015,,,,,,,,,17,11,22,25,,14,,,,,,,16,,,,115,,2,,,,20,,12,5,,,,,,,,11,,,7,,,,,,,,,7,,,193,,,63,8,,,,14,,,7,,12,,16,,,,328,,40,,,,,,7,,,13,,,,,,24,,,,8,24,,15,,0,19,,,,,,,,,,8,7,,,,,,,12,,133,,28,9,,,,6,,,,11,,,13,27,,,,,,,5,23,15,44,,,,,,22,13,,,,,63,8,,,,,,,,189,,,,94,,,8,,57,,12,,,,,71,61,8,,5,,,16,,,5,20,20,,,,57,,47,14,16,,,77,3,,,,44,,,,,,25,29,,56,128,,,,16,6,,,17,,30,,,,7,,27,,,79,,,9,,9,,10,8,,,6,,,,,25,,24,,,,,,,,,4,,,,,,,,26,,,,,,10,,5,,5,18,,,,,4,,,22,,,,,,33,,,12,15,,,,,,63,18,257,,,,,33,,,,,,,24,,,,13,,17,,,,,,,,,311,,,,,,12,,,,,,,6,,,111,,,,,,4,,14,,5,9,,,,,,7,4,,8,,,188,,,,,,24,12,53,,18,,,,,,12,,,28,,,,,,,,12,79,,,11,,,,24,20,18,58,194,92,,,,,,,,,,19,,,,,28,,,462,,,,,14,12,,,,,,,,5,,9,,,19,,23,,,,,,,,,15,16,,,,,,,,,,29,,10,,,19,,,8,,10,,10,26,86,,7,28,,,11,,,,35,6,5,26,,4,,25,,,,,,11,23,,,15,
2025-08-27T14:00:00Z,,,,,,11,16,23,25,,,20,,,20,,12,7,,14,,,,,,,5,24,,,,,24,,12,,,,,,,,,,,,,17,,,,,,11,13,21,83,29,11,,,12,,,7,15,,,,,,109,,53,251,,,,,19,,,12,917,,,7,16,,,,,24,,,,,17,8,15,,20,,,2,200,,,165,13,,73,,3,,,,541,,,,64,22,45,,,18,16,,,,,,,,,10,12,,,12,,,,,,,,,,,,,3,,,,,,,,17,,,,195,,,128,22,9,,,,21,,,,,,,,,,,,,42,,,12,3,,,,,,11,,,,19,,28,,,12,,,,,,2,,,,14,13,,,,,,,,,,47,,15,,,3,13,,,29,,,,13,6,20,,,7,,,,,13,,,,,,,,,,,,9,,,,,,,,,,,,,,,,20,,19,,,,3,57,22,,,48,,,8,,,,,,,4,,3,,11,,,,,11,,,,26,,27,,,,43,,23,,,,,,,12,,,,,18,208,41,,,12,12,,,,5,,,,,14,9,,31,,,13,,,,,,15,,70,34,,,16,,,,,,,,,,,,4,,,,6,,,13,,,,26,,,7,,,,,,,,584,,16,,36,,,,,,46,,,35,12,,,,24,12,,124,,,,,,,,,,6,,,34,8,,,,,29,,,,17,,,9,,,,18,,,,,7,,,38,,,8,,,862,,,17,,,,,,,1140,,,,,,,,,,,21,27,,14,,,,,,,17,,,,118,,,,,,19,,14,5,,,,,,,,,,,8,,,,,,,,,7,,,198,,,,6,,,,,,,6,,13,,19,,,,1237,,37,,,,,,9,,,13,,,,,,27,,,,10,23,,17,6,9,21,,,,,,,,,,6,7,,,,,,,14,,135,,27,10,,14,,,,,,11,14,,17,27,,,,,,,8,26,14,34,,,,,,27,,,,,,,9,,,,,,,,238,,,,96,,,12,,41,16,16,,,,,71,48,12,,6,,,,,,6,,21,,,,73,,,16,16,,,79,3,,,,,,,,,,31,25,,54,129,,,39,19,4,,,,,30,,,,5,,27,,,83,,,7,,11,,,9,,,,,,4,,23,,25,,,,,,,,,5,,,,,,,,27,,,,,,,,3,,7,19,,,,,,,,23,,,,,,30,,,15,18,,,,,,60,15,257,,,,,33,,,,,,,23,,,,13,,15,,,,,,,,,340,,,,,,12,,,,,,,6,,,76,,,,,,4,,14,,5,8,,,,,,7,,,10,,,,,,,,,23,11,50,,,,,,,,,,,29,,,,,,,,15,68,,,,,,,,15,20,51,173,106,,,,,,,,,,17,,,,15,28,,,334,,,,,12,20,,19,,,,,,,,12,,,15,,18,,,,,,,,,15,,,,,,,,11,,,33,,12,,,22,,,,,11,,24,25,,,10,24,,15,11,,,,29,8,4,26,,5,,21,,,,,,12,21,,,14,
2025-08-27T15:00:00Z,,,,,,10,21,21,,,,18,,,22,,27,6,,15,,,,,,,,27,,,,,,,,,,,,,,,,,,,19,15,,,,,,,12,26,85,27,,,,10,,,,17,,,,,,116,,49,,,,,,22,,,13,705,,,,,,,,,25,,,,,14,,,,25,,,2,,32,,141,12,,,,3,,,,557,,,,46,19,58,,10,17,,,,,,,,,,7,11,,,14,,,,,,,,20,,,,,,,,,,,,,22,,,,205,,,178,24,10,,,,17,,,,,,,,,,,,,41,,,,,,,,,,11,,,,18,,24,,,14,,,,,,2,,,,13,,,,,,,,,,,40,,22,,,,12,,,26,,,,14,,20,,,,,,,,11,,,,,,,,,,,,6,,,,,,,,,,,,,,,,,,22,,,,,60,20,,,,,,9,,,9,,,,,,5,,10,,,,,,,,,,,32,,,6,40,,22,,,,,,,,,,,,13,205,38,,,,16,,,,5,,,,,,13,,26,,,,,,,,,,,18,38,,,,,,,,,,,,,,,3,,,,7,,,16,,,,26,,10,9,,,,,,,,552,,,,36,,,,,,40,,,32,,41,,,22,,,148,,,,,,,,,,,,,38,9,,,,62,30,,,,18,,,,,,,17,,,,,,18,,43,,,,,,1872,,,17,,9,,,,,2092,,,14,,,,,,,,23,27,16,13,,,,,,,16,,,,,,,,,,16,,6,,,,,,,,,10,,,8,3,,,,,,,,6,,,,,,,5,,,,,,,,,14,,20,,,,134,,,,,,,,6,,,11,,,,,,22,37,,,7,22,,,,12,22,,,,,,,,,,7,8,,,,,,,13,,137,,21,11,,,,,,,,,,,16,25,,,,,,,,21,,28,,,,,,26,,,,,,,,,,,,,,,273,,,,87,,,,,57,20,21,,,,,71,,,,7,,21,,,,,,,,,,73,13,,16,15,,,75,3,,,6,,5,,,,,29,28,6,,119,,,,22,,,,,,31,,,,3,,22,,,77,,,7,,7,,,13,,,,,,3,,23,,26,,,,,,,,,5,,,,,,,,28,,,,,,,,3,23,,20,,,,,,,,21,22,,,,,31,,,13,15,,,,,,62,15,392,,,,,,,,,,,,22,,,,10,38,13,,,,,,,,,620,,,,,,11,,,,,,,8,,,,,,20,,,,,14,,4,8,10,,,,0,9,,,,,5,,,,,,,22,12,50,14,,,,,,,,,,,,,,,,16,,,,,,,,,,,,19,,,125,,,0,,,,,,,18,,,,,31,,,608,,,,,,21,,,,,,,,,,,,,,,16,,,,,,,,,17,,,,,,,,,,,30,,,,,21,,,,,11,,21,20,,,,,,15,12,,,,29,8,,23,,5,,,,,,,,13,,,,,
2025-08-27T16:00:00Z,,,,,,,23,19,,,,15,,,20,,25,5,,16,,,,,,,,30,,,,,,23,,,,,,,,,8,,,,17,16,,,,,,,,25,,29,,,,,,,,17,19,,,,,93,,47,,,,,,,,,,315,,,,,,,8,,22,,,,,14,,,,25,,,1,,57,,101,12,,,,2,,,,301,,,,40,,53,,9,16,,,,,,,,,,6,14,,,,,,,,,,,,,,,,,,,,,,,,15,,,,158,,,165,,11,,,,16,,,,,,,,,,,,,41,,,,,,,,,,,,,,16,,,,,12,,,,,,,,,,12,,,,,,,,,,,,,22,,,,,,,37,,,,5,,18,,,,,,,,,,,,,,,,,,,,8,,48,,,,,,,,,,,,,,,,13,,,,,58,,,,,,,6,,,7,,,,,,,,10,,,,,,,,,,,23,,,,41,,,,,,,,25,,,,,,16,244,31,,,,16,,,,,,,,,,,,31,,,,,,,,,,,13,33,,,,,,,,,,,,,,,,,3,,5,,,14,,,,,,12,9,,,,,,,,261,,,,31,,,,,,,,,,,,,,23,,,95,,,,,,,,,,,,,,8,,,,65,30,,,,16,,,,,,,,18,,,,,,,,,,,,,589,,,19,,,,,,,594,,,14,,,,,,,,20,25,16,17,,,,,,,,,,,,,1,,,,14,,,,,,,,141,,,,,,6,3,,,,,,,,,,,,,,,7,,,,,,,,,11,,19,,,,35,,,,,,,,,,,,,,,,,20,57,,,4,20,,,,7,21,,,,,,,,,,7,,106,,,,,,14,,,,18,10,,,,,,,,,,,,15,,,,,,,,,,19,,,,,,23,,,,,,,,5,,,,,,,,,,,79,,,,,62,15,20,,,,,62,,,,,,,,,,,,,,,,61,13,,14,12,,,74,,,,7,,,,,,,25,26,7,,108,,,,,,,,,,31,,,,2,,24,,,84,,,8,,11,,,12,,,,,1,3,,24,,27,,,,,,,,,,,,,,,,,,,,,,,,,,,,17,,,2,,,,,20,,,,,,26,,,18,15,,,,,,68,13,,,,,,,,,,,,,19,,,,,30,,8,,31,,,,,,,,,,,,8,,,,,,,7,,,,,,,,,,,,,,10,14,,,28,3,9,,,,,3,,,,,,,24,,42,,,,,,,,,,,,,,,,,9,,,,,,,,,,,,19,,,122,,,,,,,,,,19,,,,,28,,,228,,,,25,,19,,,,,,,,,,,,,,,13,,,,,,,,,22,14,,,,,,,,,,,,,,,20,,,,,12,,,,,39,,,,,,13,,,30,8,,,,5,,,,,,,,,,,,,
2025-08-27T17:00:00Z,,,,,,,23,19,,,,,,,24,,26,4,,13,,,,,,,,27,,,,,,35,,,,,,,,,,,,,,13,,,,,,,,27,,30,,,,,,,,14,,,,,,,,42,,,,,,,,,,,,,,,,,9,,,,,,,17,,13,,,,,1,,66,,65,,,,,2,,,,,,,,32,,,,9,14,,,,,,,,,,4,13,,,,,,,,,,,,,,,,,,,,,,,,,,,,140,,,117,,10,,,,13,,,,,,,,,,,,,42,,,,,,,,,,,,,,,,,,,15,,,,,,,,,,11,,,,,,,,,,,,,22,,,,,,,41,,,10,11,,17,,,,,,,,,,,,,,,,,,,,,,,,,,,,,,,,,,,2,,,15,,,,,,,,,,,,9,,,,,,,,,,,10,,,,,,,,,,,,,,,38,,,,,,,,22,,,,,,12,254,25,,,,23,,,,,,,,,,,,32,,,,,,,,,,,12,30,,,,,,,,,,,,,,,,,,,3,,,13,,,,,,10,9,,,,,,,5,197,,,,34,,,397,,,,,,,,,,,14,,,109,,,,,,,,,,,,,,,,,,76,30,,,,19,,,,,,,,17,,,,,,,,,,,,,474,,,17,,,,,,,,,,15,,,,,,,,16,25,,,,,,,,,,,,,,,,,,,17,,,,,,,,131,,,,,,,,,,,,,,,,,,,,,,,,,,,,,,,13,,18,,,,24,,,,,,,,,,,,,,,,,,67,,,,14,,,,7,16,,,,,,,,,,6,,97,,,,,,14,,,,,12,,,,,,,,,,,,,,,,,,,,,,22,,,,,,22,,,,,,,,,,,,,,,,,,,74,,,,,57,15,,,,,,60,,,,,,,,,,,,,,,,67,,,14,,,,70,,,,6,,,,,,,26,24,,,88,,,,,,,,,,28,,,,,,24,,,92,,,,,9,,,11,,,,,,,,24,,24,,,,,,,,,,,,,,,,,,,,,,,,,,,,15,,,3,,,,,14,,,,51,,,,,,15,,,,,,57,12,,,,,,,,,,13,,,,,,,,,,,,,,,,,,,,,,,,12,,,,,,,9,,,,,,,,,,,,,,7,,,,29,3,,,,,,4,,2,,,,,24,,42,,,,,,,,,,,,,,,,,10,,,,,101,,,,,,,16,,,,,,,,,,,,,21,,,,,,,,238,,,,28,,15,,,,,,,,,,,,,,,12,,,,,,,,,,,,,,,,,,,,,,,,,21,,,,,12,,,,,,,,,,,14,,,,7,,,,5,,,,,,,,,,,,,
2025-08-27T18:00:00Z,,,,,,,,,,,,,,,17,,26,,,,,,,,,,,,,,,,,33,,,,,,,,,,,,,,,,31,,,,,,,,30,,,,,3,,,14,,,,,,,,52,,,,,,,,,,,,,,,,,9,,,,,,,,,9,,,,,1,,69,,59,,,,,2,,,,,,,,29,,,,,,,,,,,,,,,5,,,,,,,,,,,,,,,,,,,,,,,,,,,,,180,,,125,,12,,,,11,,,,,,,,,,,,,37,,,,,,,,,,,10,,,,,,,,13,,,,,,,,,,13,,,,,,,,,,,,,,,,,,,,53,,,,15,,21,,,,,,,,,,,,,,10,,,,,,,,,,,,,,,77,,,,,,4,,,,,,,,,,,,,,,,,,,,,,,,,,11,,,,,,,,,,,18,,,,38,,,,,,,,26,,,,,,,303,,,,,21,,,,,,,,,,,,32,,,,,,,,,16,,7,30,,,,,,,,,,,,,,,,,,,,,,12,,,,,,10,,,,,,,,,,,,,27,,,,,,,,,,,,,,,,,113,,,,,,,,,,,,,,,,,2,55,24,,,,18,,,,,,,,14,,,,,,,,,,,,,400,,,15,,,,,,,,,,13,,,,,,,,18,19,,,,,,,,,,,,,,,,,,,,,,,,,,,139,,,,,,,,,,,,,,,,,,,,,,,,,,,,,,,8,,17,,,,,,,,,,,,,,,,,,,,,,62,,,,,,,,,,,,,,,,,,,9,,93,,,,,,17,,,,,,,15,,,,,,,,,,,,,,,,,,,,27,,,,,,27,,,,,,,,,,,,,,,,,,,,,,,,50,,,,,,,55,,,,,,,,,,,,,,,,70,,,15,,,,,,,,,,,,,,,22,21,,,,,,,,,,,,,25,,,,,,19,,,73,,,,,9,,,14,,,,,,,,18,,24,,,,,,,,,,,,,,,,,,,,,,,,,,,,14,,,2,,,,,,,,,,,,,,,,,,,,,,12,,,,,,,,,,,,,,,,,,,,,,,,,,,,,,,,,,8,,,,,,,8,,,,,,,,,,,,,,,,,,,4,,,,,,2,,,,,,,27,,37,,,,,,,,,,,,,,,,,,,,,,90,,,,,,,,,,,,,,,,,,,,22,,,,,,,,,,,,30,,,,,,,,,,,,,,,,,15,,,,,,,,,,,,,,,,,,,,22,,,,,22,,,,,,,,,,,,,,,,14,,,,,,,,,,,,,,,,,,,,,
2025-08-27T19:00:00Z,,,,,,,,,,,,,,,,,26,,,,,,,,,,,,,,,,,,,,,,,,,,,,,,,,,,,,,,,,,29,,,,,3,,,13,,,,,,,,45,,,,,,,,,,,,,,,,,7,,,,,,,,,,,,,,1,,,,65,,,,,2,,,,,,,,30,,,,,,,,30,,,,,,,4,,31,,,,,,,,,,,,,,,,,,,,,,,,,,,236,,,131,,11,,,,,,,,,,,,,,,,,,,,,,,,,,,,,,,,,,,,,,,,,,,,,,,,,,,,,,,,,,,,,,,,,,41,,,,16,,,,,,,,,,,,,,,,8,,,,,,,,,,,,,,,,,,,,,3,,,,,,,,,,,,,,,,,,,,,,,,,,9,,,,,,,,,,,15,,,,39,,,,,,,,24,,,,,,,344,,,,,,,,,,,,,,,,,,,,,,,,,,,,9,30,,,,,,,,,,,,,,,,,,,,,,,,,,,,10,,,,,,,,,,,,,25,,,,,,,,,,,,,,,,,69,,,,,,,,,,,,,,,,,2,59,,,,,19,,,,,,,,13,,,,,,,,,,,,,,,,14,,,,,,,,,,13,,,,,,,,14,19,,,,,,,,,,,,,,,,,,,,,,,,,,,134,,,,,,,,,,,,,,,,,,,,,,,,,,,,,,,5,,,,,13,,,,,,,,,,,,,,13,,,,,66,,,,,,,,,,,,,,,,,,,,,,,,,,,19,,,,,,,16,,,,,,,,,,,,,,,,,,,,24,,,,,,22,,,,,,,,,,,,,,,,,,,,,,,,49,,,,,,,54,,,,,,,,,,,,,,,,62,,,,,,,,,,,,,,,,,,23,23,,,,,,,,,,,,,25,,,,,,21,,,91,,,,,9,,,12,,,,,,,,19,,24,,,,,,,,,,,,,,,,,,,,,,,,,,,,,,,3,,,,,,,,,,,,,,,,,,,,,,13,,,,,,,,,,,,,,,,,,,,,,,,,,,,,,,,,,7,,,,,,,6,,,,,,,,,,,,,,,,,,,,,,,,,,,,,,,,26,,36,,,,,,,,,,,,,,,,,,,,,,,,,,,,,,,,,,,,25,,,,,,,,,,,,,,,,,,26,,,,,,,,5,,,,,,,,,10,,,,,,,,,,,,,,,,,,,,24,,,,,20,,,,,,,,,,,,,,,,,,,,,,,,,,,,,,,,,,,,,
2025-08-27T20:00:00Z,,,,,,,,,,,,,,,,,28,,,,,,,,,,,,,,,,,,,,,,,,,,,,,,,,,,,,,,,,,30,,,,,5,,,11,,,,,,,,57,,,,,,,,,,,,,,,,,10,,,,,,,,,,,,,,1,,,,51,,,,,2,,,,,,,,,,,,,,,,,102,,,,,,8,,,,,,58,,,,,,,,,,,,,,,,,,224,,,,,166,,,92,,,,,,,,,,,,,,,,,,,,,,,,,,,,,,,,,,,,,,,,,,,,,,,,,,,,,,,,,,,,,,,278,,,,,,,,,13,,,,,,,,,,,,,,,,7,,,,,,,,,,,,,,,,,,,,,3,,,,,,,,,,,,,,,,,,,,,,,,,,,,,,,,,,,,,10,,,,31,,,,,,,,,,,,,,,196,,,,,,,,,,,,,,,,14,,,,,,,,,,,,,31,,,,,,,,22,,,,,,,,,,,,,,,,,,,,,,,,,,,,,,,,,26,,,,,,,,,,,,,,,,,,,,,,,,,,,,,,,,,,2,61,,,,,19,,,,,,,,8,,,,,,,,,,,,,,,,17,,,,,,,,,,16,,,,,,,,13,20,,,,,,,,,,,,,,,,,,,,,,,,,,,150,,,,,,,,,,,28,,,,,,,,,,,,,,,,,,,,,,,,,,,,,,,,,,,,,,,13,,,,,73,,,,,,,,,,,,,,,,,,,,,,,,,,,18,,,,,,,14,,,,,,,,,,,,,,,,,,,,44,,,,,,,,,,,,,,,,,,,,,,,,,,,,,,,,,,,,,61,,,,,,,,,,,,,,,,,,,,,,,,,,,,,,,,,,,,,,,,,,,,,,,,,,,,,,20,,,54,,,,,12,,,13,106,,,,,,,,,23,,,,,,,,,,,,,,,,,,,,,,,,,,,,,,,2,,,,,,,,,,,,,,,,,,,94,,,12,,,,,,,,,,,,,,,,,,,,,,,,,,,,,,,,,,,,,,,,,7,61,,,,,,,,,,,,,,,,,,,,,,,,,169,,,,,,,,33,,,,,,,,,,,,,,,,,,,,,,,,,,,,,,,,,,,,29,,,,,,,,,,,,,,,,,,26,,,,,,,,10,,,,,,,,,,,,,,,,,,,,,,,,,,,,,,,,,,,,,,,,,,,,,,,8,,,,,,,,,,,,,,,,,,,,,,,,
2025-08-27T21:00:00Z,,,,,,,,,,,,,,,,,31,,,,,,,,,,,,,,,,,,,,,,,,,,,,,,,,,,,,,,,,,18,,,,,7,,,10,,,,,,,,,,,,,,15,,,,,,,,,,,6,,,,,,,,,,,,,,,,,,55,,,,,2,,,,,,,,,,,,,,,,,,,,,,,8,,,,,,,,,,,,,,,,,,,,,,,,,,,,,,,,,,,,,,,,207,,,,,,,,,,,,,,,,,,,,,,,,,,,,,,,,,,,,,,,,,,,,,,,,,,,,,,,,,,,,,,,,,,,,,,,,,,,,,,,,7,,,,,,,,,,,,,,,,,,,,,,,,,,,,,,,,,,,,,,,,,,,,,,,,,,,,,,,,,,,,,,29,,,,,,,,,,,,,,,,,,,,,,,,,,,,,,,,,,,,,,,,,,,,,,,,,,,,,,,,,,,,,,,,,,,,,,,,,,,,,,,,,,,,,26,,,,,,,,,,,,,,,,,,,,,,,,,,,,,,,,,,2,60,,,,,,,,,,,,,,,,,,,,,,,,,,,,,16,,,,,,,,,,15,,,,,,,,13,20,,,,,,,,,,,,,,,,,,,,,,,,,,,165,,,,,,,,,,,25,,,,,,,,,,,,,,,,,,,,,,,,,,,,,,,,,,,,,,,,,,,,75,,,,,,,,,,,,,,,,,,,,,,,,,,,19,,,,,,,,,,,,,,,,,,,,,,,,,,,25,,,,,,,,,,,,,,,,,,,,,,,,,,,,,,,,,,,,,60,,,,,,,,,,,,,,,,,,,,,,,,,,,,,,,,,,,,,,,,,,,,,,,,,,,,,,17,,,,,,,,,,,14,103,,,,,,,,,21,,,,,,,,,,,,,,,,,,,,,,16,,,,,,,,,6,,,,,,,,,,,,,,,,,,,118,,,14,,,,,,,,,,,,,,,,,,,,,,,,,,,,,,,76,,,,,,,,,,8,61,,,,,,,,,,,,,,,,,,,,,,,,,,,,,,,,,37,,,4,,,,,,,,,,,,,,,,,,,,,,,,,,,,,,,,,37,,,,,,,,,,,,,,,,,,27,,,,,,,,,,,,,,,,,,,,,,,,,,,,,,,,,,,,,,,,,,,,,,,,,,,,,,,,,,,,,,,,,,,,,,,,,,,,,,,
2025-08-27T22:00:00Z,,,,,,,,,,,,,,,,,25,,,,,,,,,,,,,,,,,,,,,,,,,,,,,,,,,,,,,,,,,,,,,,5,,,11,,,,,,,,,,,,,,19,,,,,,,,,,,6,,,,,,,,,,,,,,1,,,,59,,,,,2,,,,,,,,,,,,,,,,,,,,,,,9,,,,,,,,,,,,,,,,,,,,,,,,,,,,,,,,,,,,,,,,140,,,,,,,,,,,,,,,,,,,,,,,,,,,,,,,,,,,,,,,,,,,,,,,,,,,,,,,,,7,,,,,,,,,,,,,,,,,,,,,,,7,,,,,,,,,,,,,,,,,,,,13,,,,,,,,,,,,,,,,,,,,,,,,,,,,,,,,,,,,,,,,,,28,,,,,,,,,,,,,,,,,,,,,,,,,,,,,,,,,,,,,,,,,,,,,,,,,,,,,,,,,,,,,,,,,,,,,,,,,,,,,,,,,,10,,,27,,,,,,,,,,,,,,,,,,,,,,,,,,,,,,,,,,2,68,,,,,,,,,,8,,,,,,,,,106,,,,,,,,,,16,,,,,,,,,,15,,,,,,,,14,19,,,,,,,,,,,,,,,,,,,,,,,,,,,,,,,,,,,,,,,,,,,,,,,,,,,,,,,,,,,,,,,,,,,,,,,,,,,,,,,,,,70,,,,,,,,,,,,3,,,,,,,,,,,,,,,17,,,,32,,,,,,9,,,,,,,,,,,,,,,,,,,,,,,,,,,,,,,,,,,,,,,,,,,,,,,,,,,,,,54,,,,,,,,,,,,,,,,,,,,,,,,,,,,,,,,,,,,,,,,,,,,,,,,,,,,,,21,,,,,,,,,,,12,16,,,,,,,,,24,,,,,,,,,,,,,,,,,,,,,,,,,,,,,,,5,,,,,,,,,,,,,,,,,,,105,,,13,,,,,,,,,,11,,,,,,,,,,,,,,,,,,,,,,,,,,,,,,,8,,,,,,,,,,,,,,,,,,,,,,,,,,,,,,,,,,37,,,,,,,,,,,,,,,,,,,,,,,,,,,,,,,,,,,,40,,,,,,,,,,,,,,,,,,27,,,,,,,,,,,,,,,,,,,,,,,,,,,,,,,,,,,,,,,,,,,,,,,,,,,,,,,,,,,,,,,,,,,,,,,,,,,,,,,
2025-08-27T23:00:00Z,,9,,,,,,,,,,,,,,,34,,,,,,,,,,,,,,,,,,,,,,,,,,,,15,,,,,,,,,,,,,,,,,,,,,11,,,,,,,,,,,,,,,,,,,,,,,,,6,,,,,,,,,,,,,,1,,,,95,,,,,2,,,,,,,,,,,,,,,,,,,,,,,6,,,,,,,,9,,,,,,,,,,,,,,,,,,,,,,12,,,,,,,,,,,,,,,,,,,,,,,,,,,,,,,,,,,,,,,,,,,,,,,,,,,,,,,,,,,,,,,,,,,,,,,,,,,4,,,,,,,,,,,,,,,9,,,,,,,,,,,,,,,,,5,,,13,,,,,,,,,,,,,,,,,,,,,,,,,,,,,,,,,,,,,,,,,,28,,,,,,,,,,,,,,,,,,,6,,,,,,,,,,,,10,,,,,,,,,,,,,,,,,,,,,,,,,,,,,,,,,,,,,,,,,,,,,,,,,,,11,,,26,,,,,,,,,,,,,,,,,,,,,,,,,,,,,,,,,,2,62,,,,,,,,,,10,,,,,,,,,248,,,,,,,,,,13,,,,,,,,,,,,,,,,,,15,17,,,,,,,,,,,,,,,,,,,,,,,,,,,,,,,,,,,,,,,,,,,,,,,,,,,,,,,,,,,,,,,,,,,,,2,,,,,,,,,,,,,80,,,,,,,,,,,,3,,,,,,,,,,,,,,,,,,,50,,,,,,13,,,,,,,,,,,,,,,,,,,,,,,,,,,,,,,,,,,,,,,,,,,,,,,,,,,,,,56,,,,,,,,,,,,,,,,,,,,,,,,,,,,,,,,,,,,,,,,,,,,,,,,,,,,,,22,,,,,,,,,,,13,19,,,,,,6,,,25,,,,,,,,,,,,,,,,,,,,,,,,,,,,,,,,,,,,,,28,,,,,,,,,,,,147,,,12,,,,,,,,,,,,,,,,,,,,,,,,,,,,,,,,,,,,,,,,,13,,,,,,5,,,,,,,,,,,,,,,,,,,,,,,,,,,,37,,,,,,,,,,,,,,,,,,,,,,,,,,,,,,,,,,,,,,,,,,,,,,,,,,,,,,,,,,,,,,,,,,,,,,,,,,,,,,,,,,,,,,,,,,,,,,8,,,,,,,,,,,,,,,,,10,,,,,,,,,,,,,,,,,,,,,,
2025-08-28T01:00:00Z,,,,,,,,,,,,,,,,,49,,,,,,,,,,,,,,,,,,,,,,,,,,,,36,,,,,,,,,,,,,,,,,,,,,13,,,,,,,,,,,,,,,,,,,,,,,,,7,56,,,,,,,,,,,,,1,,,,108,,,,,,,,,236,,,,,,,,,,,,,,,,,,,9,,,,,,,,14,,,,,,,,,,,,,,,,,,,,7,,,,,,,,,,,,,11,,,,,,,,,,,,,,,,,,,,,,,,,,,,,,,,,,,,,,,,,,9,,,,,,,,,,,,,,,,,,,,,,,,,,,,,,,,,,,,,11,,,,,,,,,,,,,,,,,12,,,13,,,,,,,,,,,,,,,,,,,,,,,,,2,,,,,,,,,,,,,,,,,27,,23,,,,,,,,,,,,,,,,,13,,,,7,,,,,,,,,,,,,,,,,,,,,,,,,,,,,,,,,,,,,,,,,,,,,,,,,,,,,,,,,,,12,,,41,,4,,,,,,,,,,,,,,,,,,,,,,,,,,,,,,,,2,85,,,,,,,,,,,,,,5,,4,,,213,,,,,,,,,,13,,,,,,,,,,,,,,,,,,14,15,,,,,,,,,,,,,,,,,,,,,,,,,,,,,,,,,,,,,,,,,,,185,,,,,,,,,,,,,,,,,,,,,,,,,,2,,,,,,,,,,,,,,,,,,,,,,13,,,,,,6,,,,,,,,,,,,,,,,65,,,,,,32,,,,,,,,,,,,,,,,,,,13,,,,,,,,,,,,,,,,,,,,,,,,,,,,,,,,,,,64,,,,,,,,,,,,,,,,,,,,,,,,,,,,,,,,,,,,,,,,,,,,,,,,,,6,5,,,22,,,,,,,,,,,11,,,,,,,21,,,23,,,,,,,,,,,,,,,,,,,,,,,,,,,,,,,,,,,,,,74,,,,,11,,,,,,,,,,10,,,,,,,,,,,,,,,,,,,,,,,,,,,,,,,,,,,,,,,,,20,,,,,,,,,,,,,,,,,,,,,,15,,,,,,,,,,,,44,,,,,36,,,,,,,,,,,,,,,,,,,,,,,,,,,,,,,,,,,,,,,,,,,,,,,,,,,,,,,,,,,,,,,,,,16,,,,,,,,,,,,,,,,,,,,,,13,,,,,,,,,,,,,,,,,,,,,,,,,,,,,,,,,,,,,,,,
2025-08-28T03:00:00Z,,,,,,,,,,,,,,,,,50,,,,,,,,,,,,,,,,,,,,,,,,,,2,,39,,,,,19,,,,,,16,,,,,,,,,,11,,,,,,,,,,,,,,,,,,,,,,,,,6,65,,,,,,,,,,8,,,1,,,,134,,7,,,,,,,,,,,,,,,,,,,,,,,,,,,,,,7,,,,13,,,,,,,,,,,,,,27,,,,,,,,,,,,,,,,,,,15,,,,,,,,,,,,,,2,,,,,,,,,,,,,,,,,,,,,,,,,,,,16,,,,,,,,,,,,,,,,,,,,,,,,,,,,,,,,,,,,,9,,,,23,,,,,,,,,,9,,,,,,,,,,,,,,,,,,,,,,,,,,,,,,,,,,,,,,,,,,,5,,,,,33,,,14,,,,,,,,,,,,,,,,10,4,,,7,,,,,5,,,,,,,,,,11,,,,,,,,,,,,,,,,,,,,,,,,,,,,,,,,,,,,,,,,,,,,17,,,57,,8,,,,,,,,,,,,,,,,,,,,,,,,,,,,,,,,4,83,,,,,,,,,,,,,,4,,6,,,156,,,,7,,,,,,14,,,,,,,,,,,,,,,,,,13,15,,,,,,,,,,,,,,,,5,,,3,,,,,,,23,,,,,,,,,,,,,,,,,372,,,,,,,,,,,,,,,,,,,,,,,,,,2,,,,,,,,,,,,,,,,,,,,,,17,,,,,,,,,,,,,,,,,,,,,,,,,,,,43,,,,,,,,,,,,,,,12,,,,15,,,,,,,,,,,,,,,,,,,,,,,,,,,,,,,,,,,89,,,,,,6,,,,,,6,,,,,,,,,,,,,,,,,,,,,,,,,,,,,,,,,,,,,,,7,,,,,,,,,,,,,,,,,,,,,28,,,22,,,,,,,,,,,,,,,,,,,,,,,,,,,,,,,,,,,,,,75,,,,,43,,,,,,,,,,12,,,,,,8,,,,,,,,,,,,,,,,,,,,,,,13,36,,,,,,,,,,,16,,,,,,,,,,,,,,,,,,,,,,36,,,,,,,,,,,,38,,,,,50,,,,,8,,,,,,,,,,,,,,,,,,,,,,,,,,,,,,,,,,,,,20,,,,,,,,,,,,,,,,,,,13,,,,,19,,,,,,,,,,,,,,,,,,,,,,12,,,,,,,,,,19,,,,,,,,,,,,,,,,,,,,18,,,,,,,,,,
2025-08-28T04:00:00Z,,,,,,,,,,,12,,,,,,,,,,25,,,,,,,,,,,,,,,,,,,,,,9,,37,,,14,,26,,,,,,,,,,,,,,,,13,,,,,,,,,,,,,,,,,,,,,,,,,9,62,,,,,,,,,,19,,,3,,,,134,,,,,,,,,,,,,,,,,,,,,,,,,,,,,,,,9,,,,,,,,,,,,,,,,,,28,,,,,,11,,,,,,,,,,,,,8,12,9,,,,,,,,,,,,,,,,,,,,,,,,,,,,,,,,,,,,,,,,17,,,,,,,,,,,,,,,,,,,,,,,,,,,,,,,,,,,,,10,,,,32,,,,,,,,,,16,,,,,,,,,4,,,,,,,,,,,90,,,,,,,9,,,,,,,21,40,,,,,,,,5,,,,,33,,,17,12,,,,,,,,,,,,,,,,34,,,,,,,,,,,,,52,,,,,,,,,,,,,,,,,,,,,,,,,,,,,,,,,,,,,,,,,,,,,,,,,,,,65,,,,,,,,,,,,,,,,,,,,,,,,,,,,,,,,,,5,87,,,,,,,,,,,,,,,,,,,,,,,10,,,,,10,18,,,,,,,,,,,,,,,,,,19,18,,8,,,,,,,,,,,,,,6,,,21,,,,,,,26,,,,,,,,,,,,,,,,,431,,,,,,,,,,,,,,,,,,,,,,,,,,,,,,,,,8,,,,,,,,,,,,,,,,,,,,,,,,,,,,13,,,,,,,,,,,,,,,,,,,,,,,,,,,,,,15,,,,15,,,12,,8,,,,,,,6,,,,,,,,,,,,,,,,,,,,,,,80,,,,,,26,,,,,,19,,,,,,,,,,,,,,,,,,,,,,,,,,,,,,,,,,,,,,,13,,,,,,,,,,,,,,,,,,,,,,,,25,,,,,,,,,,,,,,,,,,,,,,,,,,,,,,,,,,,,,,,,,,,49,,,,,,,,,,15,,,,,,70,,,,,,,,,,,,,,,,,,,,,,,20,99,,,,,,,,,,,20,,,,,,,,,,,,,,,,,,,,,,32,,,,,,,,,,,,45,,,,,64,,,,,9,,,,,,,,,,,,,,,,,,,,,,,,,,,,,,,,,,,,,23,,,,,,,,,,,,,,,,,,,,,,,,22,,,,0,,,,,,,,21,,,,,,,,,,16,,,,,,,,,,21,,,,,,,,,,,,,,,,,,,,20,,,,,,,,,,
2025-08-28T05:00:00Z,,,,,,,,,,,9,,,,,,,,,,34,,,,,,,18,,,,,,,,,,,,,,205,,,,,,12,,23,,,,,,,,,,,,,,,,12,,,,,,,,,,,,,,,,,,,,,,,,,13,64,,,,,,,,,,22,37,,3,,,,197,,,,,,,,,,,,,,,,,,,,,,,,,,,,,,,,8,,,,,,,,,,,,,,,,,,29,,,,,,,,,,,,,,,,,,,4,,,,,,,59,,,,,,,,,,,,,,,,,,14,,,,,,,,,,,,,,,,,17,,,,,,,,,,,,,,,3,,,,,,,,,,,,,4,,,,,,,,,9,,,,29,,,,,,,,,,16,,,,,,,,,3,,,,,,,,,,,107,,,,,,,,,,,,,,29,41,,,,,,,,9,,,,,34,64,,23,21,,,76,,,,,,,,,,,,,33,,,,,,,,,,,,,64,,,,,,,,,,,,,,,,687,,,,,,,,,,,,,,,,3,,,,,,,,,,,,,,,,,,,,73,,,,,,,,,,,,,,,,,,,,,,,,,,,,,,,,,,4,,,,,,,,,,,,,,,,,,,,,,,,8,,,,,7,16,,,,,46,,,,,,,,,,,,,17,20,,18,,,,,,29,,,,,,,,9,,,21,,,,,,,32,,,,,,,,,,,,,,,,,459,,,,,,,,,,,,5,,,,,,,,,,,,,,,,,,,,,,,,,,,,,,,,,9,,,,,,,,,,,,,,,,12,,,,,,,,,,,,,,,,,,,,,,,,,,,,,,,,,,14,,,14,,8,,,,,,,10,,,,,,,,,,,,,,,,,,,,,,,72,,,,,,,,,,,,21,,,,,,,,,,,,,,,,,,,,,,,,,,,,,,,,,,,,,,,20,,,,,,,,,,,9,,,,,,,,,,,,,30,,,,,,,,,,,,,,27,,,,,,,,,,6,,,,,,,,,,,,,,,,,,,,,,,,,,,,,16,,,,,,74,,,,,21,,,,,,,,,7,,,,,,,,,,,,,,,,,8,,,,14,,,,,,,,,,,,,,,,,,,,,,35,,,,,,,5,,,,,48,,18,,,53,,,,,10,,,,,,,,,,,,,,,,,,,,,,,,,,,,,,,,,,,,,33,,,,,,,,,,,,,,,,,,18,,,,,,19,,,,6,,,,,,,,36,,,,,,,,,706,18,,,,,,,,,,27,,,,,,,,,,,,,,,,,,,,25,,,,,,,,,,
2025-08-28T06:00:00Z,,,,,,,,,,,,,,,,,,,,,,,,,,,,18,,,4,,,,,,,,,,,,,,,,,11,,,,,,,,29,,,,,,,,,,13,,,,,,,,,,,,,,,,,,,,,,,,,,63,,,,,,,,,,22,87,,2,,,,130,,,,,,10,,,,,,,16,,,,,,,,,,,,,,,,,,,10,,,,,,,,,,,,,,,,,,29,,,,,,,,,,,,,,,,,,,5,,,,,,,74,,,,0,,,,885,,,,,,,,,,8,,,,,,,,,,,,,,,,,15,,,,,,,,,,,,298,,,2,,,,,,,6,,,,,,6,,,,,4,,,,8,,,,,,,,,,,,,,14,,,,,,,,,,,,,,,,,,,,118,,,,,,,,,,,,,,24,,,11,,,,,,8,,,,,41,78,,22,31,,,80,,,,,,,,,,,,,,,,,,,,,,,,,,66,,,,,,,,,,,,,,,,2036,,,,,,,,,,,,,,,,4,,,,,,,,,,,,,,,,922,,,,81,,10,255,,,,,,,,,,,,,,,,,,10,,,,,,,,,,,,,2,,,,,,,,,,,,,,,5,,,,,,,,,9,,,,,9,15,,,,,50,,,,5,,,,,,,,,17,15,,,,,,29,18,36,,,,,,,,7,,,20,,,,,,,31,,,,,15,,,,,,,,,,,,429,,,,,,,,,,,,7,,,,,,,,,,188,,,,,,,,,,,,,,,,,,,,,,,9,,,,,,,204,,,,,,,,,,,,,,,,76,,,,,,,,,,,,,,,,,,,,,15,,,,,,,,585,17,,6,,,,52,,,8,,,4,,,,,,,,,,,,,,,,,,,,71,,,,,,,,,,,,,,,,,,,,,,,,,7,,,,,,,,,,,,,,,8,,,,,,,,,,,20,,,,,,,,,,,9,,,,,,,,,,,,,27,,,,,,,,,,,,,6,40,,,,,,,,,,8,,,,,,,,,,,,,,,,,,,,,,,,,,,,,21,,,6,,,58,,,,,36,,,,,,,,,6,,,,,,,,,,,,,,,,,25,,,,13,,,,,,,,0,,,,,,,,,,,,,,43,,7,,,,,12,,,,,43,,20,,4,55,,,,,16,,,,,,,,,,51,,,,,,,,,,,,,,,,,,,,,,,,,,,31,,,,,,,,,,9,,,,,,28,,24,,,,,,21,,,,,21,,,,,,,34,,,,,,,,,,16,,,,,,,,,,,,,,,,,,,,,,,,,,,,,13,21,,,,,,,,,,
2025-08-28T07:00:00Z,,,,,,,,,,,,,,,,,,,,,,,,,,,,,,,4,,,,,,,,,,,,,,,,,12,,,,,,,,26,,,,5,,,,,,12,,,,,,,,,,,,,,,,,,,,,,,,,,58,,,,,,,,,,24,80,,2,,,,133,,,,,2,14,,41,,,4,,32,,,,,,,,,,,,,,,,,,,12,,,,,,,,,,,,,,,,,,28,,,,,,,,,,,,,,,,,,,,,13,,,,,75,,,,14,,,,1502,,,,,,,,,,,,,,,,,,,,,,,,,,,14,,,,,,,,,,,,293,,,,,,2,,,,7,,,,,,4,,,,,7,,,,8,,,,,,,,,,,,,,,,,,,,,,,,10,,,,,,,,,,111,,,,,,,,,,18,,,,,,,10,,,,,,,,,,4,39,89,,20,16,,,91,,,8,,,,,,,,,,,,,,,,,,,,,,,54,,,,,,,,,,,,,,,,1382,,,,,,,,,,,,,,,,3,,,,,,,,,,,,,,,,1922,,,,73,,,754,,,,,,,,,,,,,11,,11,,,16,,,,,,,,,,,,,2,,,,,,,,,,,,,,,6,,,,,,,,,5,,,,,13,15,,,,,50,,,,7,,,,,,,,,15,15,,,,,,27,61,41,,,18,,,,,7,,,17,,,,,,,34,,,,,,,,,,6,,,,,,,465,21,,,,,,,,,,,,,,,,,,,,,254,,,,,,,,,,,,,,126,,,,,,,,,13,,,,,,,125,,,,,,,,,,,,,,,,98,,,,,,,,,,,,,,,,,,,,,,,,,,,,,,16,,,,,,56,,,12,,,4,,,,,,,,,,,,,,,,,,,,73,,,,,,,,,,,,,,,,,,,,,,,,,,,,,,,,,,,,,,,,7,,,,,,,,,47,8,18,,,,,,,,,,,,,,,,,,,,,,,,27,,,,,,,,23,,,,,,41,,,,,,,,,,6,,,,,,,,,,,,,,,,,,,,,,,,,,,,,16,,,6,,,,,,,,26,,,,,,,,,6,,,,,,,,,,,,,,,,,26,,,,,,,,,,,,4,,,,,,,,,,,,,,37,,,,,,,,,,,,49,8,19,,3,,,,,,8,,,,,,,,,,67,,,,,,,,,,,,,,,,,,,,,,12,,,,,29,,,,,,,,,,9,,,,,,27,,24,,,,,,,,,,,23,,11,13,,,,37,,,,,,,,,,,,,,,,,,,,,,,,,,,,,,,,,,,,,,,18,,,,,,,,,,,
2025-08-28T08:00:00Z,,,,,,,,,,,,11,2029,,,,,,,,,,,,,,,,,,2,,,,,,,,,,3,,,,,,,,,,,,,,,26,,,,18,7,,,,,15,,23,,,,,,,,,,,,,,,,,,,,,,,,57,,,,,,,,,,20,,,2,,,,122,,,,,,18,,29,,,7,,37,,,,,,,,,,,,,,,,,,,13,,,,,,,,,,,,,,,,,,28,,,,,,,,,,,,,,,,,,,,,,,,,,68,,,,15,,,,,,,,,,,,,,9,,,,,,,,,,,,,,,,,,,,,,,,,,,,,,,,,,21,3,,,,3,,,,,,4,,,,,7,,,3,12,,,,,,,,,,,,,,,,,,,,,,,,11,,,,,,,,,,101,,,,,,,,,,23,,,7,,,,11,,,,26,,,,,10,,39,,,22,,,,96,,,10,2,,,,,,,,,,,,,,,,,,,,,,53,,,,,,,,,,,,,,,,600,,8,,,,,,,,,,,,,,4,9,,,,,,,,,,,,,,,2110,,,,51,,,830,10,,,,,,,,,,,,15,,,,,,,,,,,,,,,,,,2,,,,,,,26,,,,,15,,,7,,,,,,,,,6,,,,,11,13,,,,,42,,,,5,,,,,,,,,18,15,,10,,,,23,,43,,,22,,,,,7,,,18,,,,,,,28,,,,,,,,,,6,,14,,,,,461,22,,,,,,,,,,,,9,,,,,,,,,160,,,,,,,,,,,,,,253,,,,,,,,,19,,,,,,,96,,,,,,,,,,,,,,,,,,,,,,,,,,,,,,,,,,,,,,,,,,,,,,,,,,,,,,,,,,3,,,,,,,,,,,,,,,,,3,,,58,,,,,,,,,,0,,,,,,,,,,,,7,,,,,,,,65,,,144,,,,19,,,6,,,,,,,,,65,10,,,,,,,,,,,,,,,,51,,,,,,,,,27,,,,,,,,30,,,,,,46,,,,,,19,,,,,,,,,,,,,,,,,,,,,,,,,8,,,,,,,,18,,,,,,,6,,,,36,,,,,,,,,,,,,,,,,,,,73,,,,,5,25,,9,,10,,,,,,,,,,,,,,,,,,,,,,,,,,,,,,,,,,47,15,18,,,,,,,,9,,,,,,,,,,,,,,,,,,,,,,,,87,,,,,,,,21,,,,,27,,,,,,,,,,8,,,,,,26,,31,,,,,,,,,,,,,22,839,,,,,,,,,,,7,,,,6,,,,,,,,,,13,,,,,,,,,,,,,,,,,,20,,,,,,,,,,,
2025-08-28T09:00:00Z,,,,,,,,,,,,,2057,,,,,,,,,,,,,,,,,,,,,,,,,,,5,3,,,,,,,,13,,,,,,,32,90,,,19,9,,,,,15,,31,,,,,,,61,,,,,,,,,,,,,,,,,49,,,,,,,,,,24,,,0,,,,120,,,,,,19,,29,,,7,,43,,,,,,,,,,,5,,,,,,,,13,,,,,,,,,,,,,2,,,23,,30,23,161,,,,,,,,,,,,,16,,,157,,,,,,,,79,,,,,,,,,,17,,,,,16,,,,,,,,,,,,,,,,,,,,,,,,,,12,,,,,,,,,,,30,3,,,,4,,,,,,4,,,,,8,,,1,,,,,,,,,,,,,,,,77,1,,,,,,,,11,,,,,,,,,,103,,,,,,,,,,,,,7,,,,,,11,,32,23,,,,16,,39,,,23,,,,97,,,11,5,,,,,,,,,,,,,,,,9,,,,,,61,,,,,,,809,,,,,,,,,454,,11,,,,,,3,,,,,,,,,10,,,,9,,,,,,,,,,,1734,,,,40,,,667,12,,,,,,,32,,,,,14,,,,,,,,,,,,,,,,,,2,,,,,,,43,,,,,,,,6,,,,,,,,,8,,,,,10,13,,,,,45,,,,4,,,,,,,,,20,15,8,14,,24,,26,,53,,,25,,,,,9,,,21,,,,,,,30,,,9,,,,,,,7,,,,,,,,,,,,,,,,,,,,8,,,,,,,,,,,,,,,,,,,,,9,,268,,,,,,,,,14,,,,,,,84,,,,,,,,,,,,,,,,85,,,,,,,,,,,,,,,,,,7,,63,,,,,,,,,70,,,,,,,,40,,,,,3,,,,,,,,,6,,,,,,,,6,,,59,,,,,,,,14,,6,,,,30,,,,,,,,11,43,,,,4,,,,,,210,,,,37,,,6,,,,,,,,,69,,,,,,,,,,,5,,,,,,193,,,,,,,,,28,,,,,,,,,,,,,,48,,,12,,,23,,,,,,,,,,,,,,,,,,,36,,,,,,11,,,,,,,,16,,,,,,,6,,,,40,,,,,,,,,,82,,17,,,,,,,,,,,,,5,,,17,,9,,,,,,,,,,,,,,,,,,,,,,,,,,,,5,,,,,,44,15,,,,,,,,,,,,,,,,,,,,,,,,9,9,,,,,155,,,91,4,,,,,,,21,,8,,,26,,,,16,,,,,,10,,,,,,27,,,,,,,,,,,,,,,,967,,,,,,,,,,,12,,,,9,,,,,,,,,,17,,,,17,,,,,,,,,,,,,,19,,8,,,,,,,,,
2025-08-28T10:00:00Z,,,,,,,,12,12,,7,,1994,0,,,,,,,,,,,,,,,,,4,,,,,,,,,11,2,,,,,,,,,,,,,,,,,,,19,11,,,,,14,,34,,,,,,,222,,,199,,,,,,,,,,,1,,,53,,,,,,,,,,28,,,1,122,,,122,13,,,,,,,48,,,,,33,,,,,11,,,,,,7,,,,,,26,,12,,,,,,,,,,,,,,,,28,24,38,,,10,,,,,,,,18,,,,19,10,8,178,,,,,,,,78,,,,12,,,,,,25,,,,,17,,,,,,,,14,,,,,,,,,23,,,,,,,,,14,,,,,,,,,,,28,2,12,,,,,,,,,6,,,,7,8,,,1,,,,,,,,4,,,,190,,,,103,,,,,7,,10,,17,,,,,,,,,,88,,,,,,,,,2,,,,8,,,,,,,,,22,,,,,6,40,76,,,,,13,88,,,13,,,,,,,,,9,,,,,,4,,,,,,,,46,,10,,,,5089,1394,,,7,,,75,,,462,,13,,,,,,4,,,,,,,,,8,11,,,18,,,,,,,,,,10,497,,16,,38,,,602,16,,34,8,,,,,,,,,,,14,,,,,,4,,,,,14,23,,,,2,,,,,,,52,,,,,,,,7,,,,,,,,,7,,,,,13,14,,,,,,,,,,,9,,15,,,,10,23,15,14,15,,52,,28,,49,,,26,,,,,,,,23,,9,,,,6,,,,,,,,,,,6,,,,,24,6,,,,,,33,,,,,,,,8,,,,,,,,,,,,,,,,,,,,,,,,,,,,,,16,,,,,,,,2,66,,,,,12,,,58,,,,,,,,145,,,,8,,,,,,,,,,,,,,12,,,,4,,,58,,,,66,,,14,,,,,68,9,,,,2,,,,,,,,,8,,,,52,,,,6,,,71,,,,,,,,16,,4,,18,,24,,,,,,,,15,56,,,,6,,,,10,,,,,,49,,,,,,,,,,,,79,,,,,,,,,,,7,,,259,,,235,,,,,,,,,,,13,,,,,,,,,,,,44,,,21,,,22,,,,,,,,,10,,,,,,,,,,60,,,,,,,,,748,,,,,15,,,,,,,10,,,,36,,,,,24,5,,,,77,,22,,,,,,,,,,,5,,,,,20,,10,,8,66,,,14,,,,,,,,,,,,,,,,,7,,,,,11,,,,24,,38,14,,,,,,,,,,,,,8,,,8,,,,,54,,2,16,10,,,,,165,,,,4,,,,,,,26,81,7,,,,,,,19,,6,,,,10,,,,7,,,,,,,11,,,,,4,,,,,,782,,,,,,,8,,,13,,,,,,,,,,,,,,,,,,,26,,,,6,,,19,,,,,,,23,,,,,,,,,,7,
2025-08-28T11:00:00Z,,,,,,,,21,22,,12,,,11,,,,4,,,,,,,,,,,,,3,,,,,6,,103,138,15,3,,,,,,10,,,,8,,,8,5,,,26,7,,10,,,,,20,,37,6,,,,,44,,,,268,,,,47,,,17,,,,1,21,13,,,,,,,13,,,,28,,,1,,,,229,15,,,,,,,52,,,,,24,,,,,16,,,22,,19,,,,,,,24,,11,,,,,,,,,,9,,,,,,29,,,,,13,,,,,,,,14,,,,23,18,14,189,,,,,,,,84,,,,,,,,,,28,,,,,19,,,,,,,11,13,,23,,,1,,,,22,,,,,,,,,14,,28,,,,,,,,,33,,20,,,,14,,,,,5,,,,10,12,,7,1,,,,9,,,,3,,,,,,,,106,,,,,,,14,,16,,104,,2,,5,,,,74,,,,,,,,,2,,,18,12,,,,,,,,34,24,,19,,,,,64,,,,,15,96,13,,11,,,,,,30,,,16,,18,,,,8,,,,,,,36,,,,,12,,7364,1479,,,9,,,127,,,377,,8,,,,,,4,,,,,,,,,10,11,,,19,18,,,,,,,,,,,,13,,32,,,519,16,,38,10,,27,,,,,,,,,,,,,,,8,,,3,,15,,,,,3,,,,,,,51,,,,,,,13,8,5,,,,,22,,,,,,,5,11,14,,11,,,,,,,,,14,,14,,,,10,19,16,12,,,57,,26,,44,,12,26,,,,,,,,22,,11,,,,10,,,,,,,,,,,5,9,,,,29,,,,,,,42,7,,,,,,7,,,,,13,,,8,,,26,,,2,,,,6,,,,,,,,,,,,,,,,,,,,,3,63,,,,14,14,,5,,,,,,,,,,,,,,,,,,,,5,,,7,,,,,,,,5,9,16,48,,,7,60,,17,,,,,,109,8,,,,5,,,,,,,,56,,,,,48,,,,,,,,,,,,,,,,,6,,,,,,51,12,,,,,13,76,,,,7,,,,13,11,,,,,57,81,,,,,,,10,,,,,,14,,15,,,,,,,5,,,,,9,197,,,,,,,,,,,,,,,,10,,2,,,,,52,,,24,,,33,,,,,,,,,8,,,,,,,18,,,66,,,,,1,,,,,,,,,21,,,,,,,7,19,,,,,,,,34,11,,,,,,,,,,141,,,,,,,8,12,,,,22,,9,,11,95,,,13,,4,,,17,18,,,,,,,,,,,5,,,,,13,,,,26,,54,12,,,,,,,,,,,,,9,,,,,,,,75,,1,13,11,15,,16,,157,,,,5,,,,59,,2,24,139,7,,,,,,,,,9,,,,12,,,,9,,,3,,,,14,7,5,13,,,,,,,,,,,,,,,19,,,12,,,,,,,,,,,,,,,13,,,,30,,,9,10,,,24,,,,,,11,,,,12,,,,,,,13,
2025-08-28T12:00:00Z,,,,,,7,,19,29,35,10,,,18,,,,3,,,,,605,8,,,,,,,2,,,,,6,,137,209,18,1,,,,,,12,,,,9,,,8,,,,31,7,,,,,11,,,,40,8,166,,89,,87,,,,,,,,52,,,12,,,,2,28,11,,,,,,,16,,,,,,,1,,,8,440,,,,,,,5,,,,,,24,,39,,,16,,,,,25,,,,,,,27,,11,,,,,,,,,,11,,,,,,,,,,,13,,,,,,,44,24,,7,,20,18,17,164,,,,,27,30,,,,14,,,,,,1560,,28,,,,,20,8,,,,,,9,,,,,11,1,,,,19,,,,2,,,,,,,45,,,,288,,,,,36,,,,,,20,8,158,5,,,,,,,12,,18,1,,,20,7,,,,2,,,,,,,,122,,,,,,,18,,15,,106,15,2,,14,14,,7,74,,,,,,,,,2,,,25,10,,,,,,,,28,24,,23,13,,,,56,,,,,10,95,28,,12,,,,10,340,36,9,,20,,21,,,3,10,,,,,,,37,,,,,17,,8127,1500,,,15,,,191,,,347,14,8,,,15,,,3,,,,,,,9,,9,,,,28,23,,,,,,,,,,,,12,,,,,,16,,,,116,41,,,,2,,,,,,,,,,,8,,,1,,19,,,,,3,,,,,,,,,,,,25,,13,,11,,,,,28,,,5,86,,,7,,12,59,11,,,,,,,,,15,,13,,,,,,16,12,,,,,,,,,20,33,,,,,,19,,15,7,14,,,,,,,,,7,,,,,,,23,,,,33,,,29,125,,,50,5,,,,5,,,8,,,38,17,,,,,,28,,,,,,,,60,,,,5,,,,,91,55,,,,,7,,,,,2,98,,,,,15,,5,,,,,,,,,,15,24,,,,,,,,,13,,,,,,9,,,,,4,11,17,57,,,9,,,25,,,,,,178,,,,,5,,,,,2,15,,143,,,6,,56,,,,,,,,,5,,,,,,,,6,28,,,,,90,13,,,,,12,80,2,,,8,,,,15,11,,13,,,58,134,,,,,3,,15,,,26,,,17,,30,,,,,,7,7,,7,,,9,,,,,,2,,,,,,,,,18,,10,,2,5,9,,,56,19,,27,,,,,,,,,,,,,,,,,12,,21,,,66,10,,,,,,8,9,,,,,,16,,,,,,,13,36,,,,,,15,,31,8,,11,,,22,,,,,,,,,,,,9,,,,,,,11,,12,88,,,12,,,,,15,17,,5,,,9,,,,,,6,,,,,13,9,,,28,10,,13,,,,,,,,,,,,,10,,,,,,,,73,,,,9,,,15,,138,,,,4,,14,,72,,,23,138,12,,,,,,,,,8,,,,13,,,,9,,,3,,,,,12,3,16,,,,,,10,,,19,15,,,,,24,,,,17,24,,,,,,,,,,10,,,18,,,,38,,,,12,,6,23,4,4,,,5,10,,,,10,,,,17,,,11,
2025-08-28T13:00:00Z,17,,14,,,8,,19,24,61,10,,,17,,,,2,,,,,,,,,,,,,2,,,,,3,,205,230,14,2,,,,,,13,,,18,15,,,10,,,,26,6,,11,,,,,,,56,12,207,,90,,74,253,,190,,,9,,,,,13,11,,,0,31,11,,,,,16,,16,,9,,,,,1,,,6,366,,,,,,,5,73,,,,,28,12,39,,,19,,,,,,,5,,,,,31,,10,,,,,,,7,,,15,,,,,,,,,,,14,2,,,,,,,20,,7,,18,16,13,164,,,,,29,42,,,,15,,,,,,285,,26,,,,,21,8,,,,,,9,,,,,10,0,,,,14,,,,2,,,,,,,,,7,,290,,,,,32,,,,,,27,,,6,,,,,,,12,12,,0,,,,,,,,,,,,,,,,116,,,,,,,19,,13,,86,17,,47,15,16,11,6,,,,,,,,,,2,,,29,10,,,,,,,5,29,24,,32,12,,,,70,,,,,13,98,32,,14,,,,12,,,10,,16,10,21,,,,10,,12,,,,,38,,,,,17,,8540,1486,,35,14,,,171,9,,330,12,13,,,15,,33,,,,,,,,8,,10,,,,29,25,,,,,,,,,,,,14,,,,,,12,,,,106,42,,,,2,,,,,,,,,,,,,,,,24,,,,,3,,,,,,,,,,,,21,,17,,11,,,,,30,26,,,106,,,5,,11,,12,,,,7,,,,,13,,10,,,,,,14,13,,,,,31,,,,17,,,,,,,19,12,14,8,10,,,,,,,,,10,,,,,,,25,,,,25,,,28,140,,,55,5,,,,12,,,8,,,,14,14,16,,,,27,,,,,,,,118,,,,5,,,,,66,59,,,,,7,,11,,,2,100,,,,,,,5,,,,,,,16,,,17,32,10,,,,,,,,13,,,12,,,13,10,22,,,4,13,17,52,,,13,,,23,,,,,,190,,,,,,,,,,2,17,,96,,,7,,50,,,,,,,,,6,,,,,,,,5,26,33,,,,82,,,,,,13,96,2,,,6,,,,13,12,,23,,,63,147,,,,,2,,13,,,29,,,14,4,30,,,,,,6,7,,5,,,10,,,,,,2,,,,,,,,,,,9,,2,8,12,,,57,21,,,,,,,,,,,,,17,,,,,,12,,19,16,,,27,,,,,,10,9,,,,,51,,,,,,,,12,37,,,,,,40,,26,9,,16,,,34,,,,,,,,,,,,10,,,,,,,10,,11,95,,16,10,,,,,14,14,,5,,,,,,,,,5,,,,,12,7,17,,25,,,12,,,4,,,,,,,,,,,,,,,,,,82,,,,,,,18,,140,62,,,,,18,,,,,15,123,12,,,,,,,,,9,,13,,,,,,8,,,3,,,,,14,2,20,,,,,,12,,,21,17,,,10,,24,,,,14,28,,,,,,,,,,10,,,19,,,,33,,0,,11,,7,22,,2,,,,11,,,,8,,,11,17,,,10,
2025-08-28T14:00:00Z,,,,,,10,,22,,69,9,,,,,,15,4,,9,,,,,,,,,,,,,,,,6,,171,231,20,4,,,,,,14,,,21,19,,,10,,,,29,8,,11,,,,,,,55,11,,,96,9,71,,,206,,,16,,,,,19,13,,,,31,,,,,,17,,15,,11,,,,,1,,,,396,,,,,,,6,,,,,,28,15,51,,,18,,,,,,,7,,,,,45,,10,,,,,,,,,,16,,,,,,33,,,,,14,3,,,,,,,21,,6,,19,17,,,,,,,31,,,,,19,,,,3,,,,28,,,,,23,,,,,140,,12,,,,,11,1,,,,16,,,,3,,,,1,,,,,17,,281,,,,,38,,,,,,23,,,,,,,,,,11,15,,1,,,,11,,,,,,,,,,,,,,,,,,,18,,14,,79,22,,51,14,19,18,,,,,,,,,,,,,,29,13,,,,,,,8,31,26,,28,11,,,,53,,,,,13,101,30,,16,,,,14,,,9,,17,10,,,,,,,,,,,,37,,,12,,17,,8419,1316,,44,17,22,,190,,,,15,13,,,19,,35,,,,,,,,14,,10,,,,28,25,,7,,,,7,,,,,,,,,,,,,,,,108,55,,48,,,,,12,,13,,,,,,,8,,,,22,,,,,4,,,,,,,,,,,,25,,18,,,,,,,32,30,,,110,,,,,12,,12,,,,11,,,,,,,14,,45,,10,,15,12,8,,,,,,,,,,,,,,,25,15,22,10,13,,,,6,,,,,10,,,,1,,7,,,16,,,,,31,141,,,65,5,,,,14,23,,11,,,,14,14,21,,,,29,,,,,6,,,133,,,0,,,,,,,59,,,,,7,6,13,,,3,93,,,,,,,7,,,,,,,18,,,18,37,8,,8,,,,,,12,,,,,,,,23,,,5,17,13,58,,,13,,,28,,,9,,,272,,7,,,,,,,,2,16,,96,,,9,,54,,12,,,,,,,10,,,,,,,,,24,29,,,,90,,,,,,13,86,2,,,8,,,,13,13,,21,,,59,141,,,,,5,,,,,32,,,13,5,30,,,,,,,5,,8,,,11,,,,,,,,,,,,,,,,,15,,2,9,,10,,,29,,,10,,,,,,,,,,18,,,,,,14,,22,16,,,,22,,,,,12,9,,,,,66,,196,,,,,,,44,,,,,,41,,26,8,,15,7,,33,,12,,,,,,,,17,,14,,,,,,,14,,15,,,12,,,,,,14,,,,,,,,,,,,6,,,,,12,,26,3,23,,,12,,,5,,7,,11,,,,,,,,,,,,,9,76,,,,,,,,,131,76,,,,,,,,,,17,150,14,,,,,,,,,11,,,,,,,,13,,,,,,,,,,21,,,,,,13,,,22,21,,,19,,26,,,,15,32,,,,,,,,,,,,,19,,,,33,24,13,,16,,,22,,5,,,,9,23,,,9,,,11,16,,,15,
2025-08-28T15:00:00Z,,,,,,10,,24,,80,9,,,,,,24,,,15,,,,,,,,,22,,,,,25,,6,,223,350,24,4,,,,,,15,,,,,,,12,8,,,30,,,13,,,,,,,,13,,,,15,67,,,,,,17,,,,,15,12,,,,28,,,,,,,,17,,,,,,,1,,24,,,,,,,,,,,,,,,24,17,55,,,14,,,,,,,7,,,,,48,,9,,,,,,,,,,14,,,,,,34,45,,,,,3,,,,,,,21,,,,22,,,,,,,,27,,,,,,,,,,,,,,,,,,26,,,,,,,12,,,,,11,1,,,,16,13,,,,,,,,,,,,23,,294,,,,,43,,,,,7,23,,,,,,,,,,,13,17,1,11,,,17,,,,,,,,,,,,,,,,,,,16,,17,,78,18,,53,10,,,,,,,15,,,,,,,,,31,14,,,,,,,11,29,24,,29,15,,,,40,,,,,12,,42,,15,,,,15,,,9,,,13,,,,,17,,,,,,,43,,,12,,14,,,1299,,52,12,28,,,,,,17,,,,11,,,,,2,,,,,11,,10,,,,27,24,,,,,,9,,,,317,,,,,,,,,32,,,106,58,,81,,,,9,12,,12,,,20,,,,12,,,,,,,,,4,,,,,,,,,,,,25,,19,,,,,,,,34,8,,113,,,,,11,,,,,,11,,,,,,,14,,,,9,,16,23,11,,,,,,,,,,,,9,,,24,14,16,,,,,,10,,,36,,,,,,2,,6,,,,,,,,35,,,,,6,,,,,,,8,,,,16,9,20,,,,29,,,,,6,,,111,,,28,,,,,37,,68,,,,,,6,16,,,3,,,,,,,,6,,,,,,,19,,,,,,,,,,,,,10,,,,,,,,,,,,,,59,,,12,,,25,,,12,,,,,10,,,,,,,,,,,108,,,,,56,,16,,,,,,,8,,,,29,,,,,27,,,,,87,,,,,,13,97,,,,,,3,,19,,,21,,,,131,,,,,4,,,,,33,78,,,,,13,16,,,,,7,,8,,,11,,,,,,,,,,,,,,,,,,,,,,,,,27,,27,10,,,,,,,,,,17,,,,,,15,,19,17,,,,52,,,,,14,,,,,,79,,280,,,,,,,49,,,,,,44,,,,,15,,,47,,14,,,,,,,,18,,15,,,,,,,14,,,,,,,,,,,,,,,,,,,,,,,,,,,,13,,25,4,25,,,,,,,,,,11,,,,,,,,,,,,,,77,,,20,,,,17,,145,81,,,,,,,,,,18,131,10,,,32,,,,,,12,,,,,,,,12,,,,,,,,,,,,,,,,,,,25,19,,,15,,19,,,,,33,,,,,,,,,,,,,19,,,,35,24,14,13,19,,,23,,,,,,12,26,,,,,,,,,,11,
2025-08-28T16:00:00Z,,,,,,,,29,,,10,,,,,,31,,,16,,,,14,,,,,33,,,,,24,,7,,156,283,,3,,10,,,,16,,,,,,,10,9,,,31,,,10,,,,,,,,12,,,,,77,,,,,,,,,,,,15,,,,,,,,,,,,16,,,,,,,1,,,,,,,,5,,,,,,,,,19,15,,,,19,7,,,,26,,,,,,,42,,,,,,,,,,,,,,9,,,,30,,,,,17,,,,,,,,,,,,,,,,,,,,,,,,,,,,,,,,,,,4,,,30,,,,,,,12,,,,,8,,,,,13,13,,,,,,,,,,,,28,,272,,,,,40,,,,,6,19,,,,,,,,,,,12,,1,13,,,13,,,,,,,,,,,,,,,,,,,,,16,,120,16,,,,,,,,,,15,,,,,,,,,37,14,,,,,,,,25,,,24,15,,,,,,,,,12,,36,,,,,,15,,,7,,,14,,,,,,,,,,,,,,,,,,,,1777,,,12,30,,,,,,,,,,,,,,,3,,,,,15,,,,,,25,22,,11,,,,15,,,,227,,,,,,,,,45,,,88,54,,46,,,,12,15,,11,,,,,,,11,,,,,,,,,2,,,,,,,,,,,,23,,16,,,,,,,,,8,,,,,,,12,,,,9,,8,,,,,,,,,,,10,,16,17,13,,,,,,,,,,,,,,,,,16,,,,,,11,,,,,,,,,3,,,,,,,,,,,,,,,6,,,,,,,,,,,12,,,,,,,,,,,10,,,,,,,,,,,63,,,,17,,,,9,18,,,2,,,,,,,,9,111,,,,,,21,,,18,,,,,1,,,,,,,,,,,,,,,,,,,50,,,,,,24,,,,,,,,9,,,,,,,,,,,132,,,,,58,,18,,,,,,,8,,6,,36,,,,,,,,,,,,,,,,,88,,,,,,4,,,,,23,21,,,114,,,,,,,,,,31,,,,3,,33,21,,,,,,,12,,,12,,,,,,,,,,,,,,,,,,,,,,,,,,,,,,,,,,,,,,15,,,,,,,,17,15,,,,61,,,,,12,,,,,4,86,,158,,,,,,15,44,,,,,,43,,,,,,,,,,17,,,,,,,,19,,9,,,,,,,,,,,,,,,,,,,,,,,,,,,,,,,,5,,,14,,,3,28,,,,,,,,,,10,,,,,,,,,,,,,,76,,,20,,,,19,,140,,,,,,,,,,,17,,,,,,,,,,,,12,,,,22,,,,,,,,,,,,,,,,,,,14,,,,17,,,16,,15,,,,,30,,,,,,,,6,,,,,,,,,,25,,,20,,,22,,,,,,12,,,,,,,9,,,,10,
2025-08-28T17:00:00Z,,,,,,,,,,,10,,,,,,28,,,14,,,,,,,,,35,,,,,27,,8,,140,258,,2,,,,,,16,,,,,,,10,,20,,,,,10,,,,,,,,13,,,,,66,,,,,,,,,,,,,,,,,,,,,,,,16,,,,,,,1,,,,,,,,,,,,,,,,,17,,,,,14,12,,,,28,,,,,,,29,,,,,,,,,,,,,,7,,,,31,,,,,,,,,,,,,,,,,,,,,,,,,,,,,,,,,,,,,,,,5,,,30,,,,,,,11,,,,,11,,,,,13,12,,,,,,,,,,,,,,282,,,,,43,,,,,5,20,,,,,,,,,,,,,,,,,13,,,,,,,,,3,,,,,,,,,,,,15,,95,,,,,,,,,,,14,,,,,,,,,38,13,,,,,,,,25,,,20,12,,,,,,,,,12,,36,,,,,,13,,,7,,,,,,,,,,,,,,,31,,,,,,,,1482,,,9,,,,,,,,,,,,,,,,3,,,,,16,,,,3,,29,21,,,,,,,,,,219,,,,,,,,,32,,,84,,,,,,,,12,,7,,,,,,,10,,,,,,,,,,,,,,,,,,,,,15,,13,,,5,,,,,,8,,,,,,,11,,,,,,9,,,,,,,,,,,,,13,14,16,,,,,,,,,,,,,,,,,14,,,,,,12,,,,,,,,,3,,,,,,,,,,,,,,,5,,,,,,,,,,,,,,,,,,,,,,11,,,,,,,,,,,76,,,,,,,,,7,,,3,,,,,,,,8,104,,,,,,18,,,,,,,,3,,,,,,,,,,,12,,,,,,,,35,,,,,,24,,,,,,,,8,,,,,,,,,,,,,,,,54,,,,,,,,,,,,,36,,,,,,,,,,,9,,,,,,86,,,,,,,,,,,23,,,,111,,,,,,,,,,28,,,,2,,29,,,,,,,,10,,,14,,,,,,,,,,,,,,,18,,,,,,,,,,,,,,,,,,,,,,,16,,,,,,,,,18,,,,48,,,,,15,,,,,5,,,181,,,,,,16,39,,,,,,40,,,,,,,,,,,,,,,,,,,,,,,,,,,,,,,,,,,,,,,,,,,,,,,,,,,,5,,,12,,,,25,,,,,,,,,,,,,,,,,,,,8,,,,65,,,21,,,,18,,141,,,,,,,,,,,15,,,,,,,,,,,,13,,,,,,,,,,,,,,,,,,,,,,,10,,,,18,,,18,,,,,,,29,,,,,,,,,,,,,,,,,,24,,,17,,,23,,,,,,14,21,,,,,,9,,,,12,
2025-08-28T18:00:00Z,,,,,,,,,,,9,,,,,,35,,,,,,,,,,,,39,,,,,,,9,,264,239,,,,,,,,,,,,,,,,,,,,,,10,,,,,,,,,151,,,,89,,,,,,,,,,,,,,,,,12,,,,,,,,,,,,,,1,,,,,,,,,,,,,,,,,17,,44,,,15,,,31,,25,,,,,,,36,,,,,,,,,,,,,,,,,,,,,,,,,,,,,,,,,,,,,,,,,,,,,,,,,,,,,,,,,,,,,,,,,,,,13,,,,,11,,,,,,16,,,,,,,,,,,,,,291,,,,,,,,,,3,13,,,,,,,,,12,,,,,,,,,,,,,,,,,,,,,,,,,,,,,,,94,,,,,,,,,,,,,,,,,,,,,,12,,,,,,,,,,17,12,,,,,,,,,12,,33,,,,,,,,,,,,,,,,,,,,,,,,30,,,,,,,,2045,,,12,,,,,,,,6,,,,,,,,,,,,,,,,,4,,28,,,,,,,,,,,336,13,,,,,,,,28,,,,,,,,,,,,,,,,,,,,12,,,,,,,,,,,,,,,,,,,,,,,10,,,9,,,,,,9,,,,,,,14,,,,,,17,,,,,,,,,,,,,14,,14,,,,,,,,,,,,,,,,,,,,,,,,,,,,,,,,3,,,,,,,,,,,,,,,6,,,,,,,,,,,,,,,,,,,,,,9,,,,,,,,,,,84,,,,,,,,,,,,,,,,,,,,,,,,,,,22,,,,,,,15,3,,,,,,,,,,,,,,,,,,,46,,,,,,22,,,,,,,,,,13,,,,,,,,,,,,,,45,,,,,,,,,,,,,,,,,,,,,,,,,,,,,,,,,,,,,,,,190,,,,,,,,,,,,11,,,28,,,,,,37,,,,,,,,9,,,15,,,,,,,,,,,,,,,,,,,,,,,,,,,,,,,,,,,,,,,,,,,,,,,17,,,,,,,,,13,9,926,,,5,,,252,,,,,,,36,,,,,,38,,,,,,,,,,,,,,,,,,,,,,,,,,,,,,,,,,,,,,,,,,,,,,,,,,,,4,,,,,,,26,,,,,,,,,,,,,,,,,,,,6,,,,69,,,7,,,,,,,,,,,35,,,,,,17,,,,,,,,,,,,20,,,,,,,,,,,,,,,,,,,,,,,,,,,,,,19,,,,,,,,,,,,,,,,,,,,,,,,,23,,,,,,,,,,,,11,17,,,,,,,,,,13,
2025-08-28T19:00:00Z,,,,,,,,,,,,17,,,,,,,,,,,,,,,,,,,,,,,,,,303,233,,,,,,,,,,,,,,,,,,,,,,13,,,,,,,,,,,,,62,,,,,,,,,,,,,,,,,10,,,,,,,,,,,,,,1,,,,,,,,,,,,,,,,,23,,,,,13,,,,,,,,,,,,,,,,,,,,,,,,,,,,,,,,,,,,,,,,,,,,,,,,,,,,,,,,,,,,,,,,,,,,,,,,,,,,,,,,,,,,,14,,,,,,17,,,,,,,,,,,,,,291,,,,,,,,,,5,13,,,,,,,,,,,,,,,,,,,,,,,,,,,,,,,,,,,3,,,,,69,,,,,,,,,,,,,,,,,,,,,,,,,,,,,,,,6,,,,,,,,,,13,,35,,,,,,,479,,,,,,,,,,,,,,,,,28,,,,,,,,1973,,,8,,,,,,,,7,,,,,,,,,,,,,,,,,5,,,,,,,,,,,,,350,,,,,,,,,23,,,,,,,,,,,,,,,,,,,,6,,,,,,,,,,,,,,,,,,,,,,,12,,,5,,,,,,8,,,,,,,15,,,,,,,,,,,,,,,,,,,14,,,,,,,,,,,,,,,,,,,,,,,,,,,,,,,,,,,,,,,,,,,,,,,,,4,,,,,,,,,,,,,,,,,,,,,,11,,,,,,,,,,,89,,,,,,,,,,,,,,,,,16,,,,,,,,,,27,,,22,,,,,,,,,,,,,,,,,,,,,,,,46,,,,,,,,,,,,,,,,,,,,,,,,,,,,,,46,,,,,,,,,,,,,,,,,,,,,,,,,,,,,,,,,,,,,,,,186,,,,,,,,,,,,,,,30,,,,,,42,,,,,,,,7,,,12,,,,,,,,,,,,,,,,,,,,,,,,,,,,,,,,,,,,,,,,,,,,,,,20,,,23,,,,,,14,6,1319,,,5,116,,,,,,,,,45,,,,,,,,,,,,,,,,,,,,,,,,,,,,,,,,,,,,,,,,,,,,,,,,,,,,,,,,,,5,,,,,,,25,,,,,,,,,,,,,,,,,,,,5,,,,74,,,,,,,,,,,,,,34,,,,,,15,,,,,,,,,,,,22,,,,,,,,,,,,,,,,,,,,,,,,,,,,,,17,,,,,,,,,,,,,,,,,,,,,,,,,17,,,,,,,,,,,,10,,,,,,,,,,,13,
2025-08-28T20:00:00Z,,,,,,,,,,,,,,,,,,,,,,,,,,,,,26,,,,,,,,,203,231,,,,,,,,,,,,,,,,,,,,,,,,,,,,,,,,,,,64,,,,,,,,,,,,,,,,,10,,,,,,,,,,,,,,1,,,,,,,,,,,,,,,,,27,,,,,17,,,,,,,,,,5,,,,,,,,,,,,,,,,,,,,,,,,293,,,,,,,,,,,,,,,,,,,,,,,,,,,,,,,2,,,,,,,,,,,,,,,,,,,,,,,,,,15,,,,,,,,,,,,,,284,,,,,,,,,,,,,,,,,,,,,,,,,,,,,,,,,,,,,,,,,,,,,,3,,,,,63,,,,,,,,,,,,,,,,,,,,,,,,,,,,,,,,,,,,,,,,,,,,,,,,,,,,,,,,,,,,,,,,,,,,,,,,,,,,,,,13,,,,,,,,5,,,,,,,,,,,,,,,,,10,,,,,,,,,,,,,332,,,,39,,,,,,,,,,,,,,,,,,,,,,,,,,,,,,,,,,,,,,,,,,,,,,,,,,,6,,,,,,6,,,,,,,14,,,,,,,,,,17,,,,,,,,,14,,,,,,,,,,,,,,,,,,,,,,,,,,,141,,,,,,,,,,,32,,,,,,,,,,,,,,,,38,,,,,,,,,,,,,,,,,,,,,,,,,,,,97,,,,,,,,,,,,,,,,,,,,,,,,,,,28,,,,,,,,,,,,,,,,,,,,,,,,,,,,,,,,,,,,,,,,,,,,,,,,,,,,,,,,,50,,,,,,,,,,,,,,,,,,,,,,,123,,,,,,,,,,,,,,,,,,,,,,,,,,,,,,,,33,,,,,,43,,,,,,,170,8,,,10,131,,,,,,,,,,,,,,,,,,,,,,,,,,,,,,,,,,,,,,,,,,,,,,,,,29,,,,,,11,,934,,,,86,,,,,,,,,,,13,,,,,,,,,,,,,,,,,,,,,94,23,,,,,,,,,,,,,,,,,,,,,,,,,,,,,,,,,,5,,,,,,,26,,,,,,,,,,,,,,,,,,,,5,,,,85,,,,,,,,,,,,,,40,,,,,,,,,,,,,,,,,,25,,,,20,,,,,,,,,,,,,,,,,,,,,,,,,,,,,,,,,,,,,,,,,,,,,,,,,,,,,,,,,,,,,,,12,,,,,,,,,,,14,25
2025-08-28T21:00:00Z,,,,,,,,,,,,,,,,,,,,,,,,,,,,,26,,,,,,,,,175,,,,,,,,,,,,,,,,,,,,,,,,,,,,,,,,,,,,,,,,,,,,,,,,,,,,,10,,,,,,,,,,,,,,1,,,,,,,,,,,,,,,,,,,,,,,,,,,,,,,,5,,,,,,,,,,,,,,,,,,,,,,,,,,,,,,,,,,,,,,,,115,,,,,,,,,,,,,,,,,,,,,,,,,,,,,,,,,,,,,,,,,15,,,,,,,,,,,,,,,,,,,,,,,,,,,,,,,,,,,,,,,,,,,,,,,,,,,,,,,,,,,,3,,,,,,,,,,,,,,,,,,,,,,,,,,,,,,,,,,,,,,,,,,,,,,,,,,,,,,,,,,,,,,,,,,,,,,,,,,,,,,,,,,,,,,,,,,,,3,,,,,,,,,,,,,,,,,,,,,,,,,,,,,,205,,,,35,,,,,,,,,,,,,,,,,,,,,,,,,,,,,,,,,,,,,,,,,,,,,,,,,,,6,,,,,,,,,,,,,20,,,,,,,,,,13,,,,,,,,,12,,,,,,,,,,,,,,,,,,,,,,,,,,,222,,,,,,,,,,,30,,,,,,,,,,,,,,,,34,,,,,,,,,,,,,,,,,,,18,,,,33,,,,,106,,,,,,,,,,,,,,,,,,,,,109,,,,,,23,,,,,,,15,,,,,,,,,,,,,,,,,,,,,,,,,,,,,,,,,,,,,,,,,,,,,,,,,,,,,,,,,,,,10,,,,,,,,,,,,,,,,,,,,,,,,,,,,,,,,,,,,,,,,,,,,,28,,,,,,38,,,,,,,111,9,,,9,15,,,,,,,,,,,,,,,,,,,,,,,,,,,,,,,,,,,,,,,,,,,,,,,,,,,,,,,,,830,,,,,,,,,,,,,,,,,,,,,,,,,,,,,,,,,,,,73,26,,,,,,,,,,,,,,,,,,,,,,,,,,,,,,,,,,6,,,,,,,,,,,,4,,,,,,,,,,,,,,,4,,,,,,,,,19,,,,,,,,,44,,,,,,,,,,,,,,,,157,,22,,,,,,,,,,,,,,,,,,,,,,,,,,,,,,,,,,,,,,,,,,,,21,,,,,,,,,,,,,,,,,,,,,,,,,,,,,,,,,,13,
2025-08-28T22:00:00Z,,,,,,,,,,,,,,,,,,,,,,,,,,,,,41,,,,,,,,,,,,,,,,,,,,,,,,,,,,,,,,,,,,,,,,,,,,,,,,,,,,,,,,,,,,,,9,,,,,,,,,,,,,,1,,,,,,,,,,,,,,,,,,,,28,,,,,,,,,,,,6,,,,,,,,,,,,,,,,,,,,,,,,,,,,,,,,,,,,,,,,,,,,,,,,,,,,,,,,,,,,,,,,,,,,,,,,,,,,,,,,,21,,,,,,,,,,,,,,,,,,,,,,,,,,,,,,,,,,,,,,,,,,,,,,,,,,,,,,,,,,,,,,,,,,,,,,,,,,,,,,,,,,,,,,,,,,,,,,,,,,,,,,,,,,,,,,,,,,,,,,,,,,,,,,,,,,,,,,,,,,,,,,,,,,,,,,,,3,,,,,,,,,,,,,,,,,,,,,,,,,,,,,,298,,,,33,,,,,,,,,,,,,,,,,,,,,,,,,,,,,,,,,,,,,,,,,,,,,11,,,,,,6,,,133,,,,,,,,,,14,,,,,,,,,,,,,,,,,,,11,,,,,,,,,,,,,,,,,,,,,,,,,,,352,,,,,,,,,,,30,,,,,,,,,,,,,,,,33,,,,,,,,,,,,,,,,,,,24,,,,,,,,,114,,,,,,,,,,,,,,,,,,,,,,,,,,,,,,,41,,,,,,,,,,,,,,,,,,,,,,,,,,,,,,,,,,,,,,,,,,,,,,,,,3,,,,,,,,,,,,,,10,,,,,,,,,,,,,,,,,,,,,,,,,,,,,,,,,,,,,,,,,,,,,,,,,,,,,,,,,,,11,,,9,17,,,,,,,,,,,,,,,,,,,,,,,,,,,,,,,,,,,,,,,,,,,,,,,,,,,,,,,,,,,,,,,,,,,,,,,,,,,,,,,,,,,,,,,,,,,,,85,,,,,,,,,,,,,,,,,,,,,,,,,,,,,,,,,,,,,,,,,,,,,,25,7,,,,,,,,,,,,,,,3,,,,,,,,,,,,,,,,,,44,,,,,,,,,,,,,,,,209,,,,,,,,,,,,,,,,,,,,,,,,,7,,,,,,,,,,,,,,,,,,,,,18,,,,,,,,,,,,,,,,,,,,,,,,,,,,,,,,,,,
2025-08-28T23:00:00Z,,,,,,,,,,,,,,,,,,,,,,,,,,,,,,,,,,,,,,,,,,,,,,,,,,,,,,,,,,,,,,,,,,,,,,,,,14,,,,,,,,,,,,,,,,,,7,,,,,12,,,,,,15,,,1,,,,,,,,,,,,,,,,,,,,75,,,,,,,,,,,,,,,,,,,,,,,,,,,,,,,,,,,,,,,,,,22,,,,,,,,,,,,,,,,,,,,7,,,,,,,,,303,,,,,,,,,,,,,,,,,,,,,,20,,,,,,,,,,,,,,,,,,,,,,,,,,,,,,,,,,,,,,,,,,,,,,,,,,,,,,,,,,,,,,,,,,,,58,,,,,,,,,,,,,,,,,,,,,,,,,,,,,,,,,,,,,,,,,,,,,,,,,,,,6,,,,,,,,,,,,,,,,,,,,,,,,,,,,,,,,4,,,,,,,,,,,,,,,,,,,,,,,,,,,,,,360,,,,37,,,,,,,,,,,,,,,,,,,,,,,,,,,,,,,,,,,,,,,,,,,,,,,,,,,7,,,291,,,,,69,,,,,20,,,,,,,,,,,,,,,,,,,13,,,,,,,,,,,,,,,,,,,,,,,,,,,395,,,,,,,,,,,,,,,,171,,,,,,,,,,,30,,,,,,,,,,,,,,,4,,,,22,,,,,,,,,98,,,,,,,,,,,,3,,,,,,,,,,,,,,,,,,,86,,,,,,,,,,,,,,,,,,,,,,,,,,,,,,,,,,,,,,,,,,,,,,,,,7,,,,,,,,,,,,,,,,,,,,,,,,,,,,,,,,,,,,,,,,,,,,,,,,,,,,,,,,,,,,,,,,,,,,,,,,,,,,,,,,,,,11,,,,,,,,,,,,,,,,,,,,,,,,,,,,,,,,,,,,,,,,,,,,,,,,,,,,,,,,,,,,,,,,,,18,,,,,,,,,,,,,,,,,,,,,,,,,,,,,,,,,,,,,,,,,,,,,,,,,,,,,,,,,,,,,,,,,,,25,10,,,,,,,,,,,,,,,5,,,,,,,,,,,,,,,,,,45,,,,,,,,,,,,,,,,,,,,,,,,,,,,,,,,,,,,,,,,,,,,15,,,,,,,,,,,,,,,,,,18,,,,,,,,,,,,,,,,,,,,,,,,,,,,,,,,,,,
2025-08-29T01:00:00Z,,,,,,,,,,,,,,,,,,,,,,,,,,,,,,,,,,,,,,,,,,,,3,,,,,,,,,,,,,,,,,,,,,,,,,,,,,21,,,,,,,,,,,,,,,,,,8,40,,,,19,,,,,,26,,,1,,,,,,,,,,,,,,,,,,,,104,,,,,,,,,,,,8,,,,,,,,,,,,,,,,,,,,,,,,,,,,,,22,,,,,,,,,,,3,,,,,,,,,10,,,,,2,,,,919,,,,,,,,,,,,,,,,,,,,,,,,13,,,,,,,,,,26,,,,,,,,4,,,,,,,,,,,,11,,,,,,,,,,,,,,,,,,,,,,,,,,,13,,,,,,,,,67,,,,,,,,,,,,,,,,,,,,,,,,,,,,,,,,,,,,,,,,,,,,,,,,,,,,14,,,,,,,,,,,,,,,,,1,,,,,,,,,,,,,,,5,,,,,,,,,,,,,,,,,,,,,,,8,,,,,,,486,,,,36,,8,,,,,,,,,,,,,,,,,,,,,,,,,,,,,,,,,,,,,,,,,,,,,,,,,8,,,,,,,5,,,,,,23,,,,,,,,,,,,,,,,,,,15,,,,,,,,,,,,,,,,,,,,,,,,,,,588,,,,,,,,,,,,,,,,361,,,,,,,,,,,,,,,,,,,,,,,,,,,,,,,,,,,,,,,,,,,,,,5,,,,,,,,12,,,,,,,,,,,,,,,,83,,,,,,,,,,,55,,,,,,,,,,,,,,7,,,6,,,,,,,,,,,,,,,,,,,,,,,,,,,,,,,,121,,,,,,27,,,,,,,,,,,,,,,,,,,,,,,,,,,,,,,,,,,,,,,,,,,,,21,,,,,,,,,,,,,,,,,,,,,27,,,,,,,,,,,,,,,,,38,,,,,,,,,,,,,,,,,,,,,,,,,,,,,,,,,,,,,,,,,,,,,,,,88,,,,,,,,,,,,,,,,,,,,,,,,,,,,,,,,15,,,,,,,,,,,,,,,,,,,,,,,,,,,,,,,,,,,,21,,,,,,,,,,,,,,,,10,9,,,,,,,,,,,,,,,,,,,,,,,,,,,,,,,,,,,,,,,,,,,,,,,12,,,,,,,,,,,,,,24,,,,,,,,,,,,,,,,,,,,,,,10,,,,,,,,,,,,,,,,,,,,,,,,,,,,,,
2025-08-29T03:00:00Z,,,,,,,,,,,,,,,,,,,,,,,,,,,,,,,,,,,,7,,,,,,,4,,,,,,,,,,,,,,,,,,,,,,,,,,,,,,19,,,,,,,,,,,,,,,,,,14,,,,27,20,,,,,,28,,8,2,,,,,,,,,,,,,,,,,,,,,,,,,,,,,,,,8,,,34,,,,,,,,,,,,,,,,,,,,,,,,,,,,,,,,,,,,,,,6,,,,,,,,,,,,,,,,,675,,,,,,,,,,,,,,,,,,,,,,,,15,,,,,,,,,,37,,,,,,,,4,,,,,,,,,,,,11,,,,,,,,,,,,,,,,,,,,,,,,,,,7,,,,,,,,,,,,,,,,,,,,30,,,,,,,,,,,,,,,,,,,,,,,,,,,,,,,,,,,,,,,,,,,,,,,,,,7,,,,,,,,,,,,,,,,,,,,,,,5,,,,,,,,,,,,,,,,,,,,,,,12,,,,,,,517,,,2,39,,8,,,,,,,,,,,,,,,,,,,,,,,,,,,,,,,,4,,,,,,,,,,,,,,,,,,,,,,,,7,,,,,,21,,,,,,,,,,,,,,,,,,,14,,,,,,,86,,,,,,,,,6,,,,,,,,,,,619,,,,,,,,20,,,,,,,,499,,,,,,,,,,,,,,,,,,,,,,,,,,,,,,,,,,,,,,,,,,,,,,7,,,,,,,,,,,,,,,,,,,16,,6,,,71,,,,,,,,,,,91,,,,,,,,,,,,,,10,,,18,,,,,,,,,6,,,,,,,,,,,,,,,,,,,,,,,,,,,,,,,,,,,7,,,,,,,,,,,,,,,,,,,,,,,,,,,,,,,,,,,,,,,32,,,,,,,,,,,,,,,,,,,,,28,,,,,,,,,,,,,,,,,52,,,16,,,,,,,,,,,,,,,,,,,,,,,,,,,,,,,,,,,,,,,,,,,,,126,,,,,,3,,,,,,,,,,,,,,8,,,,,,,,,,,,20,,,,,,,,,,,,,,,,,,,,,,,,,,,,,,,,,,,,10,,,56,,,,,,,,,,,,,8,,,,,,,,,,,,,,,,,,,,,,,,,,,,,,,,,,,,,,,,,,,,,,,,,,,,,,,,,,,,,,22,,,,,,,,,,,,,14,,,,,,,,,,27,,,,,,,,,,79,,,,,,,,,,22,,,,,,,,,,
2025-08-29T04:00:00Z,,17,,,,,,,,,,,,,,,,,,,,,,,,,,,,10,,,,34,,12,,,,,,,,,,4,,,,,,,,,,18,,,,,,,,,,,,,,,,,17,,,,,,,,,,,148,,,,,,,12,,,,93,,,,,,,23,,67,2,,,,,,,,,,,,,,,,102,,,,,,,,22,,,,,,,,12,,,48,,,,,,,,,,,,,,,,,,,,,,,,,,,,,,,,7,,,,,,,,,,,,,,,,,,,,,,,,923,,,,,,,,,,,,,,,,,,,,,,,,21,,,,,,,,,,38,,,,,,,,5,,,,6,,,,,,,,10,,,,,,,,,,,,,,,,,,,,,,,,,,,,,,,,,,,,,,,,,,,,,,,40,,,,,,,,,26,,,,,,,27,,,,,4,,,,,,,,,,,,,,,,,,,,,,,,,,,,10,12,,,,,,,,,,5,,,,,,,,,,,,,12,,,,,,,,,,,,,,0,,,,,,,,,10,,,,,,,410,,,,37,,,,,,,,,,,,,,,,,,,,,,,,,,,,,17,,,,,4,,,,,,,,,,,,,,,,,,,,,,,,7,,,,,,22,,,,,,,,,,,,,,,,,,,13,,,,,,,104,,,,,,,,,10,,,22,,,,,,,,,17,,,,,,,32,,,,,,,,544,,,,,,,,,,,,,,,,,,,,,,,,23,,,,,,,,,,,,,,,,,,,,,,,,,,,,,,13,,,,,,,,,,,,,,,,,,,,,,,,,,,64,,,,,,,,,,,,,,12,,,18,,,,,,27,,,12,,,,,,,,,,,,,,,,,,,,,,,,,,,3,,,,,,,,26,,,,,,,,,,,,,,,,,,,,,,,,,,,,,,13,,,,,,,,,,,,,,,,,,,,,,,,,,,,,,,,,15,,,,,,52,,,3,,,,,54,,,18,,,,,,,,,,,,,,,,,,,,,,,,24,,,,,,,,,,,,,,53,,,,,,,,,,,20,,4,,,,,,,,,,,,,,11,,,,,,,,,,,37,15,,,,,,,,,,,,,,,,8,,,,,,,,,,,,,11,,,,,,,,,,73,,,,,,,,,,,,,7,,,,,,,,,,,,,,,,,,,,,,,,,,,,,,41,,,,,,,,,,,,,,,,,,,,,,,,,,,6,,,,,25,,,,20,,,,,,,,,26,,,,,,,,,,27,,,,,,,,,,76,,,,,,,,,,26,,,,,,,,,,
2025-08-29T05:00:00Z,,,,,,,,,,,,,,,,,,,,,14,,,,,,,,,,,,,51,,14,,,,,,,,,,3,,,,,,,,,,26,,,,,6,,,,,,,,,,,,17,,,,,,,,,,,169,,,,,,,15,,,,100,,,,,,,31,,53,2,,,,,,,,,,,,230,,,,205,,,,,,,,,,,,,,,,12,,,48,,,,,,,,,,,,,,,,,,,,,,,,,,,,,,,,,,,,,,,,,,,,,109,,,,,,,,,,,,,,,,,,,,,,,,,,,,,,,,,,,19,,,,,,,,,,35,,,,,,,,4,,,,6,,,,,,,,10,,,,,,,,,,,,,,,,,,,,,,,,,,,,,,,,,,,,,,,,,,,,,,,,,,,,,,,19,46,,,,,,,37,,,,,6,,,,,,,,70,,,,,,,,,,,,,,,,6,,,,23,12,,,,,,,,,,20,,,,,66,,,99,,,,,11,,,,,,,,,,,,,,3,,,,,,,,,9,,,,,,,,,,,37,,,,,,,,,,,,,,,,,,,,,,,,,,,,,11,,,,,3,,,23,,,,,,,,,,,,,,,,,,,,,,,11,,,,19,,,,,42,,,,,,,,,,,,,,18,,,55,,,,,41,,,,22,,,,7,,,21,,,,,,,,,21,,,,,,,,,,,,,,,671,,,,,,,,,,,,,,,,,,,,,,,,99,,,11,,,,,,,,,,,,,,,10,,,11,,,,,,,,,,,,,,,,,,,,,,,,,,,,,,,7,,,,,,,,43,,,,,,,,,,,11,,,,,,,,,43,,,9,,,,,,,,,,,,,,,,,,,,,,,,,,,3,,,,,,,,28,,13,,,,,,,,,,,,,,,,,,,,,,,,,,,,15,,,,,,,,,,,,,,56,,,,,,,,,,,,,,,,,,,20,,,,,,77,,,3,,,,,62,31,,,,,,,,,,,,,,,694,,,,,,,,,,,45,22,,,11,,,,,,,,,,75,,,,,,,,,,,14,,,,,,,,,,,,,,,,9,,,,,,,,,,,,17,,,,,,,,,,,,,,,,,,,,,,,,,,,,,11,,,,,,,,,,69,,,,,,,,,,,,,7,,,,,,,,,,,,,,,,,,,,57,,,,,,,132,,29,,,,,,,,,,,,,,,,,,,,,,,,,,,,7,,,,,22,,,23,27,,,,,,,,,24,,,,51,,,,,,,,,,,,,,,,181,,,,,,,,,,28,,,13,,,,,,,
2025-08-29T06:00:00Z,,,,7,,,,,,,,,,,,,,,,,20,,,,,,,,,,,,,46,,13,,,,,,,,,,3,,,,,,,,,,23,,,,,11,,,,,,,,,,,,17,,,,,451,,,,505,,216,,,,,,,19,,,,73,,,,,,,31,77,43,3,,,,,,,,,,,,123,,,,,,,,,,,,10,,,,,,,,11,,,,9,,,,,,,,,,,,,,,,,,,,,,,,,,,,,,,,,,13,,95,,,,,,,,120,,,35,,,,,,,,,,,,,,,,,,,,,,,,,,,,,,,,18,,,,,,,,,,37,295,338,,,,,,5,,,,8,,,,,,,,8,,,,,,,,,,,,,,,,,,,,,,,,,,,,,,,,,,,,,,,,,,,,,,,,,,,,,,,20,,,15,,,,,44,,,,,6,,12,,,,7,,92,,,,,,,8,,,,,,,,,7,,,,,10,,,,,,,,,,,,,,,27,,,103,,,,,11,,,,,,,,,,,,,,4,,,,,,,,,,,,,,,,,,,,34,,,,13,,,,,,9,,,,,,,,,,,8,,,,,,,,12,,,,,5,,,27,,,,,,,5,,,,,,,,,,,,,9,8,,21,,,,17,,,,,49,,,,,,,,,,,,,,20,,,50,,,,,51,,,,26,,,,8,,,23,,,,,,,,,,,,,,,,,,,,,,,,847,,,,,,,,,,,,,,,,,,,,,,,,24,,,17,,,,,,,,,,,24,,,,13,,,14,,,,,,,,,,,,,,,,,,,7,,,,,,,,,,,,18,,,,,,,,,,,,,,,,,,,14,,,,,,,,,,,,10,45,,,,,,0,,,,,,,,,,,,,,,,,,,,,,,,,,,,,,17,,,,,,,,,,,,,,,,,14,,,,,,,,,,,14,,,,,,,,13,,,,,,195,,,,,,,,,,,,,,,,,,,17,,,,,,54,,,,,,,7,,,,,,,,,,,,,,,,,394,,,,,,,,35,,,48,,,,18,,,,,,,,,451,126,,,,,,,,,30,,16,34,,,,,,,,,,,,,,,7,,,,,,,,,,,,26,,,,,,,,,,,,,5,,,,,,,,,,,,,,,,10,,,,,54,,,,,78,,22,,,,,,3,,,,,10,,,,,,,,,,,,,,,,,,,,,,,,,,,,,31,,,,,,,,,,10,,,,,,,,,,,,,,,,,,6,,,,,24,,,28,28,,,,,,,,,27,,,,,,,,,21,,,,,,25,,,,,83,,,,,,,,,19,31,,,13,,,,,,,
2025-08-29T07:00:00Z,,,,5,,,,,,,,,,,,,,,,,16,,,,,,,,,,,,,,,14,,,,,,,,,,,,,,,,,,,,23,,,,,14,,,,,,,,,,,,15,,,,,,,,,883,,247,10,,,,,,26,,,,152,,1226,,,,,,,,3,,,,,,,,,,,,144,,,,,,,,,,,,26,,,,,,,,12,,,,7,,,,,,,,,,,,,,11,,,,,,,,,,,,,,,,,,,,20,16,155,,,,,,,,103,,,39,,,,,,,,,,,,,,,,,,,,,,,,,,,,,,,,,,,,,,,,25,,,306,358,,,,,,,,,,11,,,,,,,,8,,,,,,,9,,,,,,,,,,,,,,,,,,,,,,,,,,,,,,,,,,,,,,,,,12,,,,,,,24,,,15,,,,,46,7,,,,,,69,,,,12,,97,,,8,,,,16,,,,,,,,,,,,,,10,,,,,,,,,,,,,,,,,,103,,,,,12,,,,,,,,,,,,,,3,,,,9,,,,,,,,,,,,,,,,47,,,,16,,,,,,11,,,,,,14,,7,,,20,,,,,,,,16,,,18,,3,,,22,,,,,,,4,,,,,8,,,,,,,,,10,,20,,,,16,,,,,52,,,,,,,,,,,,,,24,,10,219,,,,,65,,,20,28,,,,7,,,24,,,,,,,,,,,,,,,,,,,,,,,,854,,,,,,,,,,,,,,,,,,,,,,,,27,,,18,,,,,,,,,,,,,,,12,,,14,6,,,,,,,,,,,,,,,,,,6,,,,,,,,,,,,24,,,,,,,,,,,,,,,,,,,12,,,,,,,,,,,,9,46,,3,,,,250,,,,,,,,,,,,,,,,,,,,,,,,17,18,,,,,16,,,,,,,,,,,,,,,,,20,,,,,,,,,,,17,,,,,,,,13,,,,,,204,,,,,,,,,,,,,,2,,,,,18,,,,,,,,,,,,,,,,,,,,,,,,,,,,,,,,,,,,,,45,,,,,,,17,,,,,,,,,1031,182,,,,,,,,,39,,15,37,,,,,,,,,,,,,,,11,,,,,,,,,,,,12,,,,,,,,,,,,,,,,,,,,,,,,,,,,,,,,,,52,,,,,101,,,,,,,,3,,,,,12,,,,,,,,,,,,,,,,,,,,,,,,,,,,,36,,,,,,,,,,13,,,,,,,,,,,,,,,,,,,,,,,19,,,31,31,,,,,,,,,,,,,,,,,,25,,,71,,,25,,,,,95,,,,,,,,,16,,,,,,,,,,,
2025-08-29T08:00:00Z,,,,5,,,,,,,,13,,,,404,,,,,,,,,,,,,,,,,,,,13,,,,,,,,,,,,,,,,,,,,26,,,,,15,,,,,,,42,,210,,,16,,,,,,,,,475,,,,,,,,,24,,,,,,1123,,,,,,,,3,,,,,,,,,,,,206,,,,,,,,,,18,,21,,,,,,,,7,,,,9,,,,,,,,17,,,,,,10,,,,,,,,,,,,,,,,,,,,19,13,203,,,,,,,,97,,,39,,,,,,,,,,,,,,,12,14,,,,,,,,,,,,,,,,,,,,,,,,,,,,,,,,,,,,,,9,,,,,,,,7,,,,,,,20,,,,,,,,,,62,,,,,,,,10,870,,,,,,,,,,,,,,,,,,,,,,,,,,,,,24,,,13,6,,,,51,,,,,,,88,,,,,,116,,,13,,,,18,,,,,,,,,,,,,,9,,,,,,,,,,,,,,,,,,100,,,,,11,,,,,,,,,,,,,,4,,,,7,,,,,,,18,,,,,,,,,56,,,,,,,,,,10,48,,,,,17,,15,,,19,,,,,,,,16,,,33,,,,,,,,,,,,6,,15,,,9,,,,,,,,,8,,23,,,,17,,,,,53,,,,,,,,,,,,,,18,,12,146,,,27,,77,,,,21,,,,5,,,28,,8,,,,,,,,,,,,,,,,,20,,,,,,,,,,,,,23,,,,,,,,,,,,,,,,,,,16,,,,,,13,20,,318,,,,,,15,,,13,8,,,,,,,,,,,,,,,,,,,,,,,,,,,,,,21,,,,,,,,,,,,,,,,,,,12,,,,,,,,,,,,,49,,5,,,,,,,7,,,41,,,,,,,,,,,,,,,,,,37,,,,,,22,,,,,,,9,13,,,,,,,,,15,,,,,,,,,,,17,,,,,,,,17,,,,,,251,,,,,,,,,,,,,,2,,,,,20,,,,11,,,,,,,,,,,,,,,,,,,,,,21,,,,,,,,,,,,52,,,,,,,18,,,,,,,,,857,139,,,,,,,,,,,19,41,,,,,,7,,,,,,,,,,,,,,,,,,,20,,9,,,,,,,,,,,,,,,,,,12,,,,,,,,,,,15,,,,,58,,,,,,,,,,,,,3,,,,,10,,,,,,,,,,,,,,,72,,,,,,,,,,,,,,33,,,,,,,,,,18,,,,,,20,,,,,,,,,,,,,,,,,23,,,31,29,,,,,,10,,,,,,,,,,,,21,,20,,,,,,,,,96,,,,,,,,,15,,,,,,,,,,,
2025-08-29T09:00:00Z,,51,,7,,,,,,,8,13,,,19,376,,,,,,,,,,,,,,,,,,,,13,,,,,,,,,,,,,,,,,,,,,,,,8,12,,,,,,,49,,,,,18,,,24,,,,,,,,,,,,,,,,,13,,,,,,,,,,,1682,3,,,,,,,,,,,,70,,,,151,,,,,,21,,41,,,,,,,,7,,,,,,,,,,,,,,,,,,11,,24,,,,,,,,,239,,,,,,,,,19,21,183,,,,,,19,,92,,,43,,,,,,21,,,,,,19,,,,21,,,,,,,,,,,,,,,,,,,,,,,,,,,143,,,,,,27,,,,,,,,,,,,,,,,,,,,,,,,,,,,,,53,,,,,,,,16,1198,,,,,,,,,,,,,,,,11,,,,,,,14,,,3,,,,,,,9,,,,43,,,,,,,68,,,,,,112,,,18,,,22,19,,,,,,,,,,,,173,,,,,,,,,,,,,,,,,,,,,,,,13,10,,,,,,5,,,,,,,,,,17,,6,,,,,,,23,,,,,69,,,,52,,,,,,44,,,,13,,,,,,14,233,14,,,18,,,,,,,,18,,,32,,,,,,,,,,,,5,,,,,9,,,,,,,,,,,,,,,15,,,,,48,15,,,,,,,,,,,,,16,6,14,190,,,28,94,,,,,19,132,,,7,,,30,,10,,,,,,,,,,,,,,,,,,,,,,,,,,,,,,46,,,,,,,,,,,,,,,,,,,,,,,,,,23,,306,,,,,,,,11,16,5,,,,,,,48,,,,,,,,,,,,,,,,,,,,,,,,,,,,,,,,,7,,,,,,,,,12,,,,,,,,,,,,,,9,3,,,,,,,,66,6,50,,,,,,,,,,,,,,,,,,44,,,,,,24,,,,22,,,17,10,,,,,,,,,20,,,,,,,,,,,19,,,,,,,63,,,,,,,200,,,,,,,311,,,,,,17,2,,,,,26,,,,13,,,,,,,,,,,,,,,,,,,,,,20,,,,,,,,,,,,,40,,,,,,19,,7,787,,,,,,,77,,,,,,,,,,9,,38,,,,,,10,103,,,,,5,,,,,,,,,,,,,22,,14,,,,,,,,,,,,,,,,,,16,,,,,7,,,,,,,,,,,56,,,,,,,,,,,,,3,,,,,9,,,,,,,14,,,,,,,,59,,,,,,,,,,,,,,32,,,518,,,,,,,13,,,,,,25,,,,,14,,,,,,,,,,,827,22,,,,,,,,,,14,,,24,,,,,,,,,28,,16,,,,,,,,,107,,,,,,,,,,,,,,,10,,,16,,17
